"job_skill_pk","job_pk","skill_id"
"1","3","1"
"2","3","2"
"3","3","3"
"4","4","1"
"5","4","2"
"6","4","3"
"7","7","4"
"8","7","2"
"9","7","5"
"10","7","3"
"11","8","6"
"12","9","2"
"13","10","7"
"14","11","8"
"15","11","9"
"16","11","7"
"17","16","1"
"18","16","8"
"19","16","6"
"20","19","1"
"21","19","8"
"22","19","6"
"23","20","1"
"24","20","8"
"25","20","6"
"26","21","1"
"27","21","8"
"28","21","6"
"29","27","6"
"30","28","10"
"31","31","4"
"32","34","8"
"33","34","7"
"34","35","8"
"35","35","9"
"36","35","6"
"37","36","1"
"38","36","8"
"39","36","6"
"40","37","9"
"41","38","9"
"42","50","2"
"43","51","1"
"44","51","8"
"45","53","2"
"46","53","3"
"47","54","2"
"48","54","3"
"49","58","2"
"50","58","3"
"51","59","2"
"52","59","3"
"53","61","2"
"54","62","5"
"55","62","7"
"56","65","11"
"57","65","12"
"58","65","13"
"59","65","3"
"60","66","11"
"61","66","4"
"62","66","14"
"63","66","15"
"64","67","16"
"65","69","16"
"66","70","11"
"67","70","17"
"68","70","18"
"69","70","19"
"70","70","20"
"71","70","3"
"72","70","21"
"73","71","22"
"74","71","23"
"75","71","24"
"76","71","25"
"77","71","26"
"78","71","13"
"79","71","27"
"80","71","28"
"81","71","15"
"82","73","29"
"83","73","30"
"84","73","31"
"85","74","29"
"86","74","30"
"87","74","13"
"88","74","32"
"89","74","33"
"90","75","30"
"91","75","33"
"92","76","1"
"93","76","34"
"94","77","35"
"95","77","36"
"96","77","31"
"97","78","37"
"98","78","38"
"99","79","14"
"100","79","39"
"101","79","40"
"102","81","29"
"103","82","22"
"104","82","41"
"105","82","42"
"106","82","43"
"107","83","22"
"108","83","41"
"109","83","42"
"110","83","43"
"111","84","22"
"112","84","41"
"113","84","42"
"114","84","43"
"115","85","29"
"116","86","11"
"117","86","44"
"118","87","29"
"119","87","44"
"120","88","45"
"121","88","46"
"122","88","47"
"123","88","29"
"124","88","13"
"125","88","3"
"126","89","48"
"127","89","49"
"128","89","24"
"129","89","26"
"130","89","50"
"131","89","27"
"132","90","22"
"133","90","41"
"134","90","42"
"135","90","43"
"136","92","22"
"137","92","41"
"138","92","42"
"139","92","43"
"140","93","22"
"141","93","41"
"142","93","42"
"143","93","43"
"144","95","22"
"145","95","16"
"146","96","37"
"147","96","2"
"148","96","34"
"149","97","8"
"150","97","3"
"151","97","21"
"152","98","11"
"153","98","34"
"154","98","3"
"155","99","34"
"156","99","3"
"157","100","4"
"158","101","39"
"159","102","22"
"160","102","51"
"161","102","32"
"162","103","22"
"163","103","52"
"164","103","23"
"165","103","53"
"166","103","43"
"167","103","51"
"168","105","11"
"169","110","54"
"170","111","2"
"171","112","1"
"172","112","3"
"173","112","15"
"174","114","11"
"175","114","2"
"176","114","3"
"177","117","37"
"178","118","37"
"179","118","38"
"180","119","39"
"181","119","3"
"182","120","39"
"183","120","3"
"184","121","11"
"185","121","8"
"186","121","3"
"187","122","11"
"188","122","8"
"189","122","3"
"190","123","11"
"191","123","8"
"192","123","3"
"193","124","11"
"194","124","2"
"195","124","8"
"196","124","3"
"197","125","11"
"198","125","8"
"199","126","2"
"200","126","14"
"201","126","44"
"202","126","13"
"203","126","39"
"204","126","3"
"205","126","55"
"206","127","2"
"207","127","14"
"208","127","44"
"209","127","13"
"210","127","39"
"211","127","3"
"212","127","55"
"213","128","11"
"214","128","3"
"215","129","11"
"216","129","3"
"217","130","4"
"218","130","56"
"219","131","4"
"220","131","56"
"221","132","4"
"222","132","56"
"223","133","4"
"224","133","56"
"225","134","4"
"226","134","56"
"227","135","4"
"228","135","56"
"229","136","4"
"230","136","44"
"231","136","39"
"232","137","4"
"233","137","56"
"234","138","13"
"235","138","3"
"236","139","46"
"237","139","13"
"238","139","3"
"239","140","45"
"240","140","46"
"241","140","13"
"242","140","3"
"243","141","11"
"244","141","5"
"245","141","6"
"246","141","3"
"247","142","3"
"248","142","10"
"249","143","8"
"250","143","44"
"251","144","31"
"252","144","13"
"253","144","3"
"254","145","46"
"255","145","47"
"256","145","13"
"257","145","3"
"258","146","46"
"259","146","35"
"260","146","47"
"261","146","44"
"262","146","13"
"263","146","3"
"264","147","46"
"265","147","8"
"266","147","47"
"267","147","44"
"268","147","13"
"269","147","3"
"270","148","46"
"271","148","8"
"272","148","47"
"273","148","44"
"274","148","13"
"275","148","3"
"276","149","46"
"277","149","8"
"278","149","47"
"279","149","44"
"280","149","13"
"281","149","3"
"282","150","5"
"283","150","3"
"284","150","21"
"285","151","5"
"286","152","11"
"287","152","7"
"288","152","34"
"289","153","11"
"290","153","57"
"291","153","7"
"292","153","15"
"293","154","58"
"294","154","59"
"295","154","37"
"296","154","38"
"297","154","60"
"298","154","16"
"299","155","37"
"300","155","38"
"301","156","38"
"302","156","20"
"303","156","33"
"304","160","44"
"305","164","22"
"306","164","29"
"307","164","51"
"308","164","27"
"309","165","45"
"310","165","46"
"311","165","61"
"312","165","13"
"313","165","3"
"314","166","22"
"315","166","16"
"316","167","22"
"317","167","45"
"318","167","46"
"319","167","47"
"320","167","29"
"321","167","13"
"322","167","27"
"323","168","2"
"324","169","48"
"325","169","42"
"326","169","16"
"327","169","27"
"328","171","22"
"329","171","16"
"330","172","39"
"331","174","7"
"332","175","7"
"333","178","62"
"334","178","10"
"335","178","15"
"336","179","44"
"337","179","13"
"338","179","39"
"339","179","3"
"340","180","4"
"341","180","8"
"342","180","7"
"343","180","6"
"344","181","8"
"345","181","6"
"346","182","34"
"347","182","3"
"348","183","11"
"349","183","34"
"350","183","3"
"351","185","63"
"352","185","8"
"353","185","13"
"354","185","3"
"355","185","15"
"356","185","21"
"357","186","8"
"358","186","13"
"359","186","3"
"360","187","63"
"361","187","2"
"362","187","8"
"363","187","13"
"364","187","21"
"365","188","11"
"366","188","63"
"367","188","8"
"368","188","3"
"369","189","11"
"370","189","2"
"371","189","8"
"372","189","19"
"373","189","31"
"374","189","3"
"375","189","21"
"376","189","64"
"377","190","65"
"378","190","3"
"379","192","49"
"380","193","7"
"381","193","31"
"382","194","62"
"383","194","15"
"384","195","62"
"385","195","15"
"386","196","22"
"387","196","4"
"388","196","2"
"389","196","29"
"390","196","24"
"391","196","25"
"392","196","66"
"393","196","13"
"394","196","16"
"395","196","67"
"396","197","29"
"397","197","24"
"398","197","66"
"399","197","16"
"400","197","27"
"401","197","67"
"402","198","29"
"403","198","24"
"404","198","66"
"405","198","16"
"406","198","27"
"407","198","67"
"408","199","35"
"409","200","35"
"410","201","31"
"411","202","39"
"412","202","3"
"413","203","35"
"414","203","68"
"415","204","31"
"416","205","13"
"417","205","3"
"418","205","21"
"419","206","44"
"420","206","13"
"421","206","39"
"422","206","3"
"423","207","58"
"424","207","37"
"425","207","16"
"426","208","59"
"427","208","60"
"428","208","16"
"429","208","67"
"430","209","63"
"431","209","8"
"432","209","13"
"433","209","3"
"434","211","56"
"435","211","3"
"436","213","1"
"437","213","69"
"438","213","70"
"439","213","15"
"440","214","59"
"441","214","24"
"442","214","44"
"443","214","16"
"444","214","27"
"445","215","22"
"446","215","41"
"447","215","42"
"448","215","43"
"449","217","22"
"450","217","24"
"451","217","25"
"452","217","16"
"453","217","67"
"454","218","22"
"455","218","41"
"456","218","42"
"457","218","43"
"458","218","16"
"459","218","27"
"460","221","11"
"461","221","39"
"462","221","3"
"463","222","10"
"464","223","7"
"465","223","31"
"466","223","6"
"467","224","71"
"468","224","2"
"469","224","72"
"470","224","15"
"471","224","64"
"472","225","73"
"473","226","5"
"474","226","24"
"475","226","19"
"476","226","13"
"477","226","3"
"478","226","21"
"479","227","3"
"480","227","15"
"481","230","1"
"482","231","1"
"483","232","3"
"484","232","10"
"485","232","21"
"486","233","20"
"487","234","11"
"488","235","8"
"489","236","4"
"490","236","28"
"491","237","11"
"492","237","14"
"493","237","40"
"494","237","64"
"495","238","2"
"496","239","1"
"497","239","56"
"498","240","1"
"499","241","56"
"500","241","6"
"501","242","11"
"502","242","5"
"503","242","8"
"504","242","31"
"505","242","13"
"506","242","3"
"507","242","21"
"508","243","31"
"509","244","8"
"510","245","4"
"511","245","8"
"512","246","8"
"513","247","11"
"514","247","69"
"515","247","24"
"516","247","26"
"517","247","13"
"518","247","39"
"519","247","27"
"520","248","34"
"521","249","11"
"522","249","69"
"523","249","34"
"524","250","22"
"525","250","43"
"526","250","13"
"527","250","16"
"528","250","74"
"529","250","67"
"530","251","17"
"531","251","9"
"532","254","1"
"533","254","4"
"534","254","12"
"535","254","69"
"536","254","75"
"537","254","19"
"538","254","70"
"539","254","34"
"540","254","15"
"541","254","76"
"542","254","64"
"543","255","6"
"544","256","11"
"545","256","65"
"546","256","29"
"547","256","27"
"548","256","3"
"549","257","45"
"550","257","65"
"551","257","44"
"552","257","13"
"553","257","39"
"554","257","3"
"555","257","21"
"556","258","11"
"557","258","39"
"558","259","11"
"559","259","39"
"560","260","54"
"561","260","11"
"562","260","36"
"563","260","39"
"564","261","11"
"565","261","39"
"566","263","11"
"567","263","69"
"568","264","1"
"569","264","34"
"570","265","11"
"571","265","68"
"572","265","39"
"573","266","71"
"574","266","68"
"575","266","13"
"576","266","27"
"577","267","54"
"578","267","36"
"579","267","39"
"580","268","11"
"581","268","69"
"582","268","2"
"583","268","3"
"584","271","77"
"585","271","62"
"586","271","15"
"587","272","44"
"588","273","46"
"589","273","78"
"590","273","37"
"591","273","44"
"592","273","79"
"593","273","80"
"594","273","81"
"595","274","44"
"596","274","39"
"597","275","82"
"598","278","11"
"599","278","2"
"600","278","8"
"601","278","14"
"602","282","4"
"603","282","28"
"604","283","4"
"605","284","4"
"606","285","4"
"607","285","3"
"608","286","77"
"609","286","2"
"610","286","62"
"611","287","77"
"612","287","62"
"613","287","34"
"614","287","20"
"615","288","44"
"616","289","11"
"617","289","16"
"618","290","11"
"619","290","4"
"620","290","2"
"621","290","56"
"622","290","34"
"623","290","3"
"624","291","11"
"625","291","4"
"626","291","2"
"627","291","56"
"628","291","34"
"629","291","3"
"630","291","21"
"631","292","37"
"632","292","2"
"633","293","2"
"634","294","2"
"635","295","54"
"636","296","54"
"637","296","36"
"638","296","3"
"639","297","54"
"640","297","36"
"641","297","3"
"642","298","2"
"643","299","2"
"644","300","2"
"645","301","2"
"646","301","3"
"647","302","19"
"648","302","13"
"649","302","83"
"650","302","3"
"651","302","21"
"652","303","31"
"653","303","3"
"654","304","14"
"655","304","40"
"656","305","8"
"657","305","84"
"658","305","15"
"659","306","7"
"660","306","6"
"661","307","6"
"662","308","7"
"663","308","31"
"664","309","22"
"665","309","4"
"666","309","15"
"667","310","6"
"668","312","7"
"669","312","6"
"670","313","7"
"671","313","6"
"672","314","6"
"673","315","22"
"674","315","52"
"675","315","1"
"676","315","12"
"677","315","69"
"678","315","23"
"679","315","66"
"680","315","76"
"681","316","22"
"682","316","52"
"683","316","1"
"684","316","69"
"685","316","23"
"686","317","1"
"687","317","69"
"688","318","1"
"689","318","69"
"690","318","15"
"691","319","1"
"692","319","69"
"693","320","1"
"694","320","69"
"695","322","11"
"696","322","3"
"697","323","35"
"698","323","3"
"699","324","35"
"700","324","3"
"701","325","4"
"702","325","3"
"703","326","4"
"704","326","3"
"705","327","13"
"706","328","31"
"707","328","34"
"708","329","31"
"709","329","34"
"710","330","34"
"711","331","34"
"712","332","1"
"713","332","68"
"714","332","34"
"715","333","3"
"716","333","33"
"717","334","85"
"718","334","68"
"719","334","39"
"720","335","85"
"721","335","68"
"722","335","39"
"723","336","12"
"724","336","48"
"725","336","86"
"726","336","13"
"727","336","3"
"728","336","32"
"729","338","54"
"730","338","3"
"731","339","54"
"732","340","34"
"733","341","34"
"734","342","34"
"735","343","34"
"736","344","6"
"737","344","66"
"738","345","56"
"739","345","66"
"740","346","37"
"741","346","66"
"742","346","33"
"743","347","58"
"744","347","77"
"745","347","38"
"746","347","6"
"747","347","66"
"748","347","33"
"749","348","37"
"750","348","38"
"751","348","66"
"752","349","66"
"753","351","56"
"754","351","66"
"755","351","87"
"756","352","37"
"757","352","56"
"758","352","66"
"759","352","33"
"760","353","2"
"761","353","56"
"762","354","4"
"763","354","12"
"764","354","56"
"765","354","6"
"766","354","3"
"767","354","76"
"768","355","56"
"769","356","56"
"770","356","6"
"771","357","56"
"772","357","6"
"773","358","44"
"774","358","56"
"775","358","32"
"776","359","56"
"777","360","56"
"778","361","56"
"779","361","3"
"780","362","56"
"781","362","33"
"782","363","53"
"783","363","56"
"784","364","3"
"785","365","56"
"786","365","3"
"787","366","56"
"788","366","6"
"789","367","56"
"790","367","15"
"791","368","24"
"792","368","56"
"793","368","6"
"794","368","16"
"795","368","67"
"796","369","56"
"797","369","6"
"798","370","1"
"799","370","69"
"800","370","6"
"801","370","84"
"802","370","15"
"803","370","33"
"804","371","56"
"805","372","6"
"806","373","6"
"807","374","6"
"808","375","56"
"809","376","56"
"810","376","6"
"811","377","6"
"812","379","34"
"813","379","3"
"814","380","2"
"815","380","34"
"816","381","6"
"817","382","34"
"818","382","3"
"819","382","32"
"820","383","2"
"821","384","68"
"822","384","34"
"823","385","11"
"824","385","7"
"825","385","34"
"826","386","4"
"827","386","56"
"828","387","1"
"829","387","2"
"830","387","34"
"831","387","3"
"832","388","3"
"833","391","3"
"834","392","88"
"835","392","14"
"836","392","89"
"837","392","39"
"838","393","68"
"839","393","14"
"840","393","34"
"841","393","40"
"842","393","64"
"843","394","13"
"844","394","39"
"845","394","3"
"846","395","48"
"847","395","42"
"848","395","24"
"849","395","30"
"850","395","16"
"851","395","32"
"852","395","67"
"853","396","1"
"854","396","34"
"855","397","34"
"856","398","63"
"857","399","11"
"858","400","54"
"859","400","36"
"860","400","39"
"861","401","39"
"862","402","54"
"863","402","36"
"864","402","39"
"865","402","3"
"866","403","54"
"867","403","36"
"868","403","39"
"869","403","3"
"870","404","39"
"871","405","2"
"872","405","34"
"873","405","3"
"874","407","2"
"875","408","39"
"876","409","54"
"877","409","36"
"878","409","39"
"879","410","6"
"880","410","3"
"881","411","36"
"882","411","39"
"883","411","3"
"884","412","1"
"885","412","2"
"886","412","3"
"887","412","15"
"888","412","21"
"889","413","15"
"890","414","15"
"891","415","15"
"892","416","1"
"893","417","1"
"894","418","1"
"895","419","1"
"896","420","1"
"897","422","8"
"898","423","8"
"899","424","8"
"900","425","63"
"901","425","2"
"902","425","8"
"903","425","3"
"904","425","10"
"905","426","4"
"906","426","2"
"907","426","8"
"908","426","3"
"909","426","10"
"910","426","15"
"911","426","21"
"912","428","34"
"913","429","4"
"914","430","54"
"915","431","27"
"916","431","32"
"917","432","22"
"918","432","23"
"919","432","53"
"920","432","13"
"921","432","16"
"922","432","27"
"923","433","12"
"924","433","86"
"925","433","13"
"926","433","90"
"927","433","3"
"928","433","91"
"929","434","37"
"930","434","2"
"931","434","38"
"932","434","6"
"933","435","4"
"934","435","56"
"935","436","37"
"936","436","38"
"937","437","22"
"938","437","29"
"939","437","24"
"940","437","13"
"941","437","27"
"942","438","56"
"943","439","56"
"944","439","39"
"945","440","72"
"946","440","82"
"947","440","64"
"948","441","4"
"949","442","4"
"950","443","20"
"951","444","2"
"952","445","2"
"953","446","13"
"954","446","27"
"955","447","29"
"956","447","27"
"957","448","22"
"958","448","46"
"959","448","42"
"960","448","47"
"961","448","29"
"962","448","61"
"963","448","27"
"964","448","3"
"965","449","92"
"966","449","56"
"967","449","3"
"968","449","32"
"969","450","29"
"970","450","13"
"971","450","27"
"972","450","67"
"973","451","22"
"974","451","52"
"975","451","23"
"976","451","43"
"977","451","51"
"978","451","93"
"979","452","45"
"980","452","46"
"981","452","35"
"982","452","29"
"983","452","61"
"984","452","13"
"985","452","3"
"986","453","29"
"987","453","24"
"988","453","27"
"989","454","29"
"990","454","24"
"991","454","27"
"992","455","29"
"993","455","24"
"994","455","27"
"995","456","22"
"996","456","11"
"997","456","41"
"998","456","8"
"999","456","42"
"1000","456","43"
"1001","456","44"
"1002","456","7"
"1003","456","27"
"1004","457","29"
"1005","457","24"
"1006","457","27"
"1007","458","29"
"1008","458","24"
"1009","458","27"
"1010","459","29"
"1011","459","24"
"1012","459","27"
"1013","460","44"
"1014","461","33"
"1015","462","29"
"1016","462","24"
"1017","462","27"
"1018","463","29"
"1019","463","24"
"1020","463","27"
"1021","464","29"
"1022","464","24"
"1023","464","27"
"1024","465","29"
"1025","465","24"
"1026","465","27"
"1027","466","29"
"1028","466","24"
"1029","466","27"
"1030","467","29"
"1031","467","24"
"1032","467","27"
"1033","470","22"
"1034","470","46"
"1035","470","94"
"1036","470","29"
"1037","470","61"
"1038","470","43"
"1039","470","16"
"1040","470","93"
"1041","470","74"
"1042","470","67"
"1043","471","22"
"1044","471","46"
"1045","471","94"
"1046","471","29"
"1047","471","61"
"1048","471","43"
"1049","471","16"
"1050","471","93"
"1051","471","74"
"1052","471","67"
"1053","472","22"
"1054","472","29"
"1055","472","43"
"1056","472","13"
"1057","472","27"
"1058","472","93"
"1059","472","74"
"1060","473","29"
"1061","473","13"
"1062","473","27"
"1063","473","67"
"1064","474","32"
"1065","476","39"
"1066","479","4"
"1067","479","8"
"1068","479","29"
"1069","479","24"
"1070","479","56"
"1071","479","13"
"1072","479","27"
"1073","481","4"
"1074","481","8"
"1075","481","29"
"1076","481","24"
"1077","481","56"
"1078","481","13"
"1079","481","27"
"1080","483","4"
"1081","483","29"
"1082","483","24"
"1083","483","13"
"1084","483","27"
"1085","485","1"
"1086","485","4"
"1087","485","69"
"1088","485","8"
"1089","486","1"
"1090","486","4"
"1091","486","69"
"1092","486","8"
"1093","487","1"
"1094","487","4"
"1095","487","69"
"1096","487","8"
"1097","488","4"
"1098","488","8"
"1099","488","29"
"1100","488","24"
"1101","488","56"
"1102","488","13"
"1103","488","27"
"1104","491","4"
"1105","491","2"
"1106","493","12"
"1107","493","69"
"1108","493","19"
"1109","493","3"
"1110","493","76"
"1111","493","21"
"1112","495","34"
"1113","496","35"
"1114","496","44"
"1115","496","39"
"1116","497","11"
"1117","499","46"
"1118","499","52"
"1119","499","53"
"1120","500","37"
"1121","501","58"
"1122","501","13"
"1123","501","3"
"1124","502","8"
"1125","502","44"
"1126","503","22"
"1127","503","52"
"1128","503","23"
"1129","503","43"
"1130","503","51"
"1131","503","74"
"1132","504","11"
"1133","504","45"
"1134","504","46"
"1135","504","47"
"1136","505","1"
"1137","505","4"
"1138","505","7"
"1139","505","15"
"1140","506","53"
"1141","507","46"
"1142","507","78"
"1143","507","35"
"1144","507","44"
"1145","507","79"
"1146","507","80"
"1147","507","81"
"1148","508","37"
"1149","508","6"
"1150","508","66"
"1151","510","56"
"1152","511","56"
"1153","512","56"
"1154","513","44"
"1155","513","56"
"1156","514","56"
"1157","514","6"
"1158","514","95"
"1159","515","56"
"1160","515","6"
"1161","516","6"
"1162","517","56"
"1163","518","56"
"1164","519","6"
"1165","520","56"
"1166","520","6"
"1167","521","56"
"1168","521","6"
"1169","523","37"
"1170","523","2"
"1171","523","34"
"1172","524","35"
"1173","524","29"
"1174","524","61"
"1175","524","43"
"1176","524","13"
"1177","524","27"
"1178","525","22"
"1179","525","45"
"1180","525","46"
"1181","525","29"
"1182","525","61"
"1183","525","3"
"1184","526","58"
"1185","526","37"
"1186","526","38"
"1187","526","66"
"1188","526","16"
"1189","527","22"
"1190","527","45"
"1191","527","46"
"1192","527","29"
"1193","527","61"
"1194","527","3"
"1195","528","22"
"1196","528","52"
"1197","528","53"
"1198","528","61"
"1199","528","43"
"1200","528","74"
"1201","529","54"
"1202","529","29"
"1203","529","27"
"1204","530","36"
"1205","531","29"
"1206","531","27"
"1207","531","67"
"1208","532","22"
"1209","532","12"
"1210","532","44"
"1211","533","22"
"1212","533","12"
"1213","533","44"
"1214","534","45"
"1215","534","35"
"1216","534","29"
"1217","534","61"
"1218","534","13"
"1219","534","27"
"1220","534","67"
"1221","535","16"
"1222","535","27"
"1223","536","22"
"1224","536","45"
"1225","536","46"
"1226","536","29"
"1227","536","61"
"1228","536","3"
"1229","537","35"
"1230","537","29"
"1231","537","61"
"1232","537","43"
"1233","537","13"
"1234","537","27"
"1235","538","63"
"1236","538","37"
"1237","538","16"
"1238","539","1"
"1239","539","8"
"1240","540","56"
"1241","540","6"
"1242","540","13"
"1243","540","3"
"1244","541","63"
"1245","541","12"
"1246","541","5"
"1247","541","8"
"1248","541","19"
"1249","541","3"
"1250","541","32"
"1251","541","96"
"1252","542","8"
"1253","543","1"
"1254","543","15"
"1255","544","56"
"1256","544","6"
"1257","544","3"
"1258","546","1"
"1259","546","97"
"1260","546","68"
"1261","546","15"
"1262","546","98"
"1263","547","48"
"1264","547","29"
"1265","547","13"
"1266","547","3"
"1267","548","4"
"1268","548","34"
"1269","548","13"
"1270","548","3"
"1271","549","34"
"1272","549","13"
"1273","549","3"
"1274","550","34"
"1275","550","13"
"1276","550","3"
"1277","551","34"
"1278","551","13"
"1279","551","3"
"1280","552","4"
"1281","552","34"
"1282","552","13"
"1283","552","3"
"1284","553","3"
"1285","554","34"
"1286","554","3"
"1287","555","56"
"1288","555","32"
"1289","556","56"
"1290","557","56"
"1291","558","22"
"1292","558","52"
"1293","558","3"
"1294","559","56"
"1295","560","56"
"1296","562","13"
"1297","562","3"
"1298","563","13"
"1299","563","3"
"1300","566","29"
"1301","566","30"
"1302","566","26"
"1303","566","50"
"1304","566","13"
"1305","566","16"
"1306","566","27"
"1307","566","32"
"1308","568","4"
"1309","568","13"
"1310","568","27"
"1311","568","3"
"1312","568","67"
"1313","568","98"
"1314","569","4"
"1315","569","13"
"1316","569","27"
"1317","569","3"
"1318","569","67"
"1319","569","98"
"1320","570","2"
"1321","570","13"
"1322","570","3"
"1323","571","3"
"1324","572","7"
"1325","572","39"
"1326","572","64"
"1327","573","39"
"1328","574","22"
"1329","574","52"
"1330","574","12"
"1331","574","78"
"1332","574","23"
"1333","574","79"
"1334","574","13"
"1335","574","39"
"1336","574","80"
"1337","579","68"
"1338","579","36"
"1339","579","7"
"1340","579","34"
"1341","579","3"
"1342","580","68"
"1343","580","31"
"1344","581","68"
"1345","581","31"
"1346","583","4"
"1347","584","22"
"1348","584","23"
"1349","584","90"
"1350","585","85"
"1351","586","22"
"1352","586","52"
"1353","586","59"
"1354","586","23"
"1355","586","48"
"1356","586","60"
"1357","586","24"
"1358","586","13"
"1359","587","4"
"1360","587","15"
"1361","588","4"
"1362","588","15"
"1363","589","4"
"1364","590","4"
"1365","591","1"
"1366","591","9"
"1367","591","15"
"1368","592","1"
"1369","592","9"
"1370","592","15"
"1371","593","4"
"1372","594","4"
"1373","594","15"
"1374","595","4"
"1375","595","15"
"1376","596","4"
"1377","596","15"
"1378","597","4"
"1379","597","15"
"1380","598","56"
"1381","599","8"
"1382","600","8"
"1383","600","7"
"1384","600","15"
"1385","600","21"
"1386","601","8"
"1387","601","7"
"1388","601","15"
"1389","601","21"
"1390","602","4"
"1391","602","10"
"1392","605","42"
"1393","605","24"
"1394","605","89"
"1395","605","13"
"1396","605","74"
"1397","606","42"
"1398","606","24"
"1399","606","89"
"1400","606","13"
"1401","606","74"
"1402","607","24"
"1403","607","13"
"1404","609","24"
"1405","609","13"
"1406","610","1"
"1407","610","4"
"1408","610","8"
"1409","610","34"
"1410","611","1"
"1411","611","4"
"1412","611","8"
"1413","611","7"
"1414","612","1"
"1415","612","4"
"1416","612","8"
"1417","612","7"
"1418","613","69"
"1419","614","69"
"1420","614","2"
"1421","614","3"
"1422","615","88"
"1423","615","68"
"1424","615","99"
"1425","615","67"
"1426","616","94"
"1427","617","94"
"1428","617","48"
"1429","617","32"
"1430","618","8"
"1431","619","4"
"1432","620","4"
"1433","620","15"
"1434","621","8"
"1435","621","34"
"1436","622","14"
"1437","623","69"
"1438","623","56"
"1439","623","15"
"1440","624","11"
"1441","624","94"
"1442","624","5"
"1443","624","8"
"1444","624","14"
"1445","625","53"
"1446","625","3"
"1447","626","24"
"1448","626","56"
"1449","626","99"
"1450","627","22"
"1451","627","52"
"1452","627","2"
"1453","627","23"
"1454","627","13"
"1455","627","93"
"1456","628","51"
"1457","629","56"
"1458","630","2"
"1459","630","24"
"1460","630","51"
"1461","630","93"
"1462","631","42"
"1463","631","24"
"1464","631","89"
"1465","631","13"
"1466","631","74"
"1467","632","42"
"1468","632","24"
"1469","632","89"
"1470","632","13"
"1471","632","74"
"1472","633","94"
"1473","633","74"
"1474","634","22"
"1475","634","52"
"1476","634","23"
"1477","634","49"
"1478","634","24"
"1479","634","66"
"1480","634","93"
"1481","634","67"
"1482","635","4"
"1483","635","56"
"1484","635","74"
"1485","636","4"
"1486","636","56"
"1487","636","74"
"1488","637","22"
"1489","637","94"
"1490","637","23"
"1491","637","42"
"1492","637","24"
"1493","637","44"
"1494","637","26"
"1495","637","13"
"1496","637","16"
"1497","637","39"
"1498","637","3"
"1499","637","67"
"1500","638","88"
"1501","638","39"
"1502","639","88"
"1503","639","24"
"1504","639","89"
"1505","639","13"
"1506","639","16"
"1507","639","74"
"1508","639","67"
"1509","640","8"
"1510","641","2"
"1511","641","34"
"1512","642","22"
"1513","642","52"
"1514","642","94"
"1515","642","49"
"1516","642","51"
"1517","642","13"
"1518","642","16"
"1519","643","22"
"1520","643","52"
"1521","643","23"
"1522","643","85"
"1523","643","13"
"1524","643","90"
"1525","644","94"
"1526","644","2"
"1527","644","68"
"1528","644","34"
"1529","645","88"
"1530","645","68"
"1531","645","89"
"1532","645","13"
"1533","647","8"
"1534","647","7"
"1535","647","15"
"1536","647","21"
"1537","648","31"
"1538","648","15"
"1539","649","1"
"1540","649","4"
"1541","649","8"
"1542","649","31"
"1543","649","15"
"1544","650","4"
"1545","650","56"
"1546","651","1"
"1547","651","9"
"1548","651","62"
"1549","651","15"
"1550","653","4"
"1551","654","1"
"1552","654","8"
"1553","654","7"
"1554","654","15"
"1555","654","21"
"1556","655","1"
"1557","655","94"
"1558","655","8"
"1559","655","7"
"1560","655","15"
"1561","655","21"
"1562","656","1"
"1563","656","8"
"1564","656","7"
"1565","656","15"
"1566","656","21"
"1567","657","4"
"1568","657","94"
"1569","658","2"
"1570","658","68"
"1571","658","51"
"1572","658","34"
"1573","658","13"
"1574","659","2"
"1575","659","68"
"1576","659","51"
"1577","659","34"
"1578","659","13"
"1579","660","13"
"1580","661","94"
"1581","661","65"
"1582","661","24"
"1583","661","13"
"1584","661","3"
"1585","662","71"
"1586","662","2"
"1587","662","68"
"1588","662","34"
"1589","663","11"
"1590","663","69"
"1591","664","94"
"1592","664","56"
"1593","665","2"
"1594","665","64"
"1595","665","98"
"1596","667","22"
"1597","667","52"
"1598","667","23"
"1599","667","85"
"1600","667","49"
"1601","667","24"
"1602","667","89"
"1603","667","13"
"1604","668","22"
"1605","668","52"
"1606","668","23"
"1607","668","85"
"1608","668","49"
"1609","668","24"
"1610","668","89"
"1611","668","13"
"1612","669","22"
"1613","669","52"
"1614","669","23"
"1615","669","85"
"1616","669","49"
"1617","669","24"
"1618","669","89"
"1619","669","13"
"1620","670","4"
"1621","671","24"
"1622","671","67"
"1623","672","60"
"1624","672","24"
"1625","672","61"
"1626","672","43"
"1627","672","16"
"1628","672","100"
"1629","672","93"
"1630","672","3"
"1631","672","74"
"1632","672","67"
"1633","673","1"
"1634","673","49"
"1635","673","43"
"1636","673","3"
"1637","673","15"
"1638","673","76"
"1639","673","67"
"1640","673","96"
"1641","674","11"
"1642","674","2"
"1643","674","8"
"1644","674","70"
"1645","674","15"
"1646","675","4"
"1647","676","56"
"1648","677","94"
"1649","677","7"
"1650","678","94"
"1651","678","34"
"1652","680","24"
"1653","680","13"
"1654","681","22"
"1655","681","52"
"1656","681","4"
"1657","681","23"
"1658","681","24"
"1659","681","13"
"1660","681","74"
"1661","682","45"
"1662","682","46"
"1663","682","24"
"1664","682","61"
"1665","682","43"
"1666","682","44"
"1667","682","13"
"1668","682","93"
"1669","682","3"
"1670","682","67"
"1671","682","96"
"1672","683","43"
"1673","684","42"
"1674","684","24"
"1675","684","43"
"1676","684","16"
"1677","684","93"
"1678","684","67"
"1679","685","85"
"1680","685","39"
"1681","686","71"
"1682","686","75"
"1683","686","68"
"1684","686","43"
"1685","686","93"
"1686","686","67"
"1687","687","56"
"1688","687","13"
"1689","687","3"
"1690","688","56"
"1691","688","13"
"1692","688","3"
"1693","689","68"
"1694","689","34"
"1695","690","24"
"1696","690","13"
"1697","690","74"
"1698","691","1"
"1699","691","94"
"1700","691","8"
"1701","691","68"
"1702","691","34"
"1703","691","15"
"1704","693","48"
"1705","693","75"
"1706","693","44"
"1707","693","13"
"1708","693","93"
"1709","694","48"
"1710","694","75"
"1711","694","44"
"1712","694","13"
"1713","694","93"
"1714","695","48"
"1715","695","75"
"1716","695","44"
"1717","695","13"
"1718","695","93"
"1719","696","65"
"1720","696","29"
"1721","696","24"
"1722","696","51"
"1723","696","50"
"1724","696","13"
"1725","696","27"
"1726","698","1"
"1727","698","4"
"1728","698","8"
"1729","698","7"
"1730","698","15"
"1731","699","4"
"1732","699","15"
"1733","700","11"
"1734","700","53"
"1735","700","43"
"1736","700","13"
"1737","700","74"
"1738","700","67"
"1739","701","4"
"1740","702","4"
"1741","703","4"
"1742","703","21"
"1743","704","4"
"1744","704","21"
"1745","705","4"
"1746","705","21"
"1747","706","4"
"1748","706","21"
"1749","707","52"
"1750","707","71"
"1751","707","68"
"1752","707","51"
"1753","707","34"
"1754","707","3"
"1755","708","4"
"1756","708","94"
"1757","710","22"
"1758","710","52"
"1759","710","23"
"1760","710","85"
"1761","710","49"
"1762","710","24"
"1763","710","89"
"1764","710","13"
"1765","710","67"
"1766","711","22"
"1767","711","52"
"1768","711","23"
"1769","711","85"
"1770","711","49"
"1771","711","24"
"1772","711","89"
"1773","711","13"
"1774","711","67"
"1775","712","24"
"1776","712","13"
"1777","713","22"
"1778","713","52"
"1779","713","23"
"1780","713","85"
"1781","713","49"
"1782","713","24"
"1783","713","89"
"1784","713","13"
"1785","713","67"
"1786","714","24"
"1787","714","13"
"1788","715","22"
"1789","715","52"
"1790","715","94"
"1791","715","23"
"1792","715","24"
"1793","715","66"
"1794","715","13"
"1795","716","22"
"1796","716","52"
"1797","716","94"
"1798","716","23"
"1799","716","24"
"1800","716","66"
"1801","716","13"
"1802","717","42"
"1803","717","24"
"1804","717","89"
"1805","717","13"
"1806","717","74"
"1807","718","24"
"1808","718","13"
"1809","719","24"
"1810","719","13"
"1811","720","24"
"1812","720","13"
"1813","721","4"
"1814","721","24"
"1815","721","13"
"1816","722","24"
"1817","722","13"
"1818","723","94"
"1819","723","24"
"1820","723","13"
"1821","724","24"
"1822","724","13"
"1823","725","24"
"1824","725","13"
"1825","726","24"
"1826","726","13"
"1827","727","24"
"1828","727","13"
"1829","728","24"
"1830","728","13"
"1831","729","24"
"1832","729","13"
"1833","730","24"
"1834","730","13"
"1835","731","94"
"1836","731","24"
"1837","731","13"
"1838","732","24"
"1839","732","13"
"1840","733","24"
"1841","733","13"
"1842","734","22"
"1843","734","52"
"1844","734","23"
"1845","734","56"
"1846","734","34"
"1847","735","24"
"1848","735","13"
"1849","737","24"
"1850","737","13"
"1851","738","24"
"1852","738","13"
"1853","739","94"
"1854","739","24"
"1855","739","13"
"1856","740","1"
"1857","740","4"
"1858","740","8"
"1859","740","34"
"1860","741","1"
"1861","741","4"
"1862","741","8"
"1863","741","7"
"1864","742","41"
"1865","742","23"
"1866","742","43"
"1867","742","44"
"1868","742","13"
"1869","742","3"
"1870","743","41"
"1871","743","23"
"1872","743","43"
"1873","743","44"
"1874","743","13"
"1875","743","3"
"1876","744","46"
"1877","744","78"
"1878","744","18"
"1879","744","44"
"1880","744","6"
"1881","744","13"
"1882","744","16"
"1883","744","3"
"1884","744","21"
"1885","744","67"
"1886","745","38"
"1887","745","16"
"1888","745","67"
"1889","746","94"
"1890","746","34"
"1891","747","11"
"1892","747","1"
"1893","747","69"
"1894","747","15"
"1895","749","37"
"1896","749","43"
"1897","749","93"
"1898","750","31"
"1899","751","2"
"1900","752","2"
"1901","752","24"
"1902","752","3"
"1903","753","2"
"1904","753","24"
"1905","753","51"
"1906","753","99"
"1907","753","67"
"1908","754","34"
"1909","755","22"
"1910","755","52"
"1911","755","23"
"1912","755","49"
"1913","755","66"
"1914","755","93"
"1915","755","67"
"1916","756","22"
"1917","756","52"
"1918","756","23"
"1919","756","49"
"1920","756","66"
"1921","756","93"
"1922","756","67"
"1923","757","22"
"1924","757","52"
"1925","757","94"
"1926","757","49"
"1927","757","24"
"1928","757","51"
"1929","757","13"
"1930","757","16"
"1931","758","78"
"1932","758","44"
"1933","758","79"
"1934","758","13"
"1935","758","80"
"1936","759","22"
"1937","759","45"
"1938","759","52"
"1939","759","41"
"1940","759","101"
"1941","759","8"
"1942","759","23"
"1943","759","24"
"1944","759","43"
"1945","759","44"
"1946","759","79"
"1947","759","13"
"1948","759","16"
"1949","759","91"
"1950","759","80"
"1951","759","74"
"1952","759","67"
"1953","760","8"
"1954","760","7"
"1955","760","15"
"1956","760","21"
"1957","761","8"
"1958","761","7"
"1959","761","15"
"1960","761","21"
"1961","762","8"
"1962","762","7"
"1963","762","15"
"1964","762","21"
"1965","763","8"
"1966","763","7"
"1967","763","15"
"1968","763","21"
"1969","764","8"
"1970","764","7"
"1971","764","15"
"1972","764","21"
"1973","765","8"
"1974","765","7"
"1975","765","15"
"1976","765","21"
"1977","766","8"
"1978","766","7"
"1979","766","15"
"1980","766","21"
"1981","767","4"
"1982","767","8"
"1983","767","7"
"1984","768","22"
"1985","768","52"
"1986","768","4"
"1987","768","94"
"1988","768","23"
"1989","768","24"
"1990","768","31"
"1991","768","13"
"1992","769","22"
"1993","769","23"
"1994","769","56"
"1995","769","10"
"1996","770","4"
"1997","770","24"
"1998","770","56"
"1999","770","13"
"2000","771","1"
"2001","771","85"
"2002","771","62"
"2003","771","20"
"2004","771","15"
"2005","772","8"
"2006","772","7"
"2007","772","15"
"2008","772","21"
"2009","773","21"
"2010","774","94"
"2011","775","4"
"2012","775","94"
"2013","775","8"
"2014","775","7"
"2015","776","8"
"2016","776","7"
"2017","777","8"
"2018","777","7"
"2019","777","15"
"2020","777","21"
"2021","778","8"
"2022","778","7"
"2023","778","15"
"2024","778","21"
"2025","779","63"
"2026","779","94"
"2027","780","94"
"2028","781","94"
"2029","781","8"
"2030","782","21"
"2031","783","8"
"2032","783","7"
"2033","783","15"
"2034","783","21"
"2035","784","8"
"2036","784","7"
"2037","784","15"
"2038","784","21"
"2039","785","4"
"2040","785","10"
"2041","786","4"
"2042","786","8"
"2043","787","4"
"2044","787","8"
"2045","788","8"
"2046","788","7"
"2047","789","7"
"2048","789","15"
"2049","789","21"
"2050","790","8"
"2051","790","7"
"2052","790","15"
"2053","790","21"
"2054","791","4"
"2055","792","51"
"2056","792","13"
"2057","792","67"
"2058","793","45"
"2059","793","41"
"2060","793","43"
"2061","793","51"
"2062","793","13"
"2063","793","93"
"2064","794","69"
"2065","794","49"
"2066","795","69"
"2067","796","11"
"2068","797","69"
"2069","797","70"
"2070","797","56"
"2071","798","4"
"2072","799","4"
"2073","799","8"
"2074","799","6"
"2075","799","10"
"2076","800","68"
"2077","800","6"
"2078","800","34"
"2079","801","8"
"2080","801","35"
"2081","801","85"
"2082","801","3"
"2083","802","2"
"2084","802","33"
"2085","803","74"
"2086","803","33"
"2087","804","69"
"2088","804","15"
"2089","805","6"
"2090","805","93"
"2091","806","68"
"2092","806","34"
"2093","807","22"
"2094","807","52"
"2095","807","4"
"2096","807","23"
"2097","807","24"
"2098","807","13"
"2099","807","74"
"2100","808","24"
"2101","808","13"
"2102","808","74"
"2103","809","11"
"2104","809","69"
"2105","809","2"
"2106","810","94"
"2107","810","8"
"2108","811","4"
"2109","811","8"
"2110","811","15"
"2111","812","1"
"2112","812","4"
"2113","812","94"
"2114","812","8"
"2115","812","15"
"2116","813","4"
"2117","813","94"
"2118","814","89"
"2119","815","65"
"2120","815","24"
"2121","815","67"
"2122","816","93"
"2123","816","3"
"2124","816","74"
"2125","817","24"
"2126","817","51"
"2127","817","93"
"2128","817","67"
"2129","818","11"
"2130","818","41"
"2131","818","61"
"2132","818","43"
"2133","818","51"
"2134","818","100"
"2135","818","3"
"2136","819","43"
"2137","819","51"
"2138","819","93"
"2139","820","51"
"2140","820","13"
"2141","820","93"
"2142","821","13"
"2143","821","16"
"2144","821","67"
"2145","823","43"
"2146","823","3"
"2147","823","67"
"2148","824","13"
"2149","824","93"
"2150","824","74"
"2151","825","24"
"2152","825","51"
"2153","825","93"
"2154","826","22"
"2155","826","52"
"2156","826","94"
"2157","826","23"
"2158","826","90"
"2159","827","22"
"2160","827","52"
"2161","827","94"
"2162","827","23"
"2163","827","90"
"2164","828","22"
"2165","828","52"
"2166","828","23"
"2167","828","56"
"2168","828","34"
"2169","829","4"
"2170","829","24"
"2171","829","89"
"2172","829","56"
"2173","829","13"
"2174","830","51"
"2175","830","93"
"2176","830","67"
"2177","831","43"
"2178","831","93"
"2179","832","93"
"2180","832","67"
"2181","833","24"
"2182","833","51"
"2183","833","93"
"2184","833","3"
"2185","833","67"
"2186","834","41"
"2187","834","43"
"2188","834","51"
"2189","834","56"
"2190","834","93"
"2191","834","3"
"2192","834","67"
"2193","835","1"
"2194","835","49"
"2195","835","43"
"2196","835","3"
"2197","835","15"
"2198","835","76"
"2199","835","67"
"2200","835","96"
"2201","836","41"
"2202","836","53"
"2203","836","43"
"2204","836","100"
"2205","836","74"
"2206","836","67"
"2207","837","46"
"2208","837","12"
"2209","837","24"
"2210","837","61"
"2211","837","93"
"2212","837","76"
"2213","837","67"
"2214","838","43"
"2215","838","93"
"2216","839","24"
"2217","839","51"
"2218","839","93"
"2219","840","41"
"2220","840","51"
"2221","840","13"
"2222","840","3"
"2223","841","7"
"2224","843","8"
"2225","843","7"
"2226","843","15"
"2227","843","21"
"2228","844","4"
"2229","845","1"
"2230","845","8"
"2231","845","7"
"2232","845","15"
"2233","845","21"
"2234","846","4"
"2235","847","8"
"2236","847","7"
"2237","847","15"
"2238","847","21"
"2239","848","1"
"2240","848","8"
"2241","848","7"
"2242","848","15"
"2243","848","21"
"2244","849","1"
"2245","849","8"
"2246","849","7"
"2247","849","15"
"2248","849","21"
"2249","850","4"
"2250","850","21"
"2251","851","4"
"2252","851","21"
"2253","852","4"
"2254","852","21"
"2255","853","1"
"2256","853","8"
"2257","853","7"
"2258","853","15"
"2259","853","21"
"2260","854","8"
"2261","854","7"
"2262","854","15"
"2263","854","21"
"2264","855","22"
"2265","855","52"
"2266","855","23"
"2267","855","44"
"2268","855","13"
"2269","855","90"
"2270","855","74"
"2271","856","37"
"2272","857","93"
"2273","857","15"
"2274","857","67"
"2275","858","22"
"2276","858","52"
"2277","858","23"
"2278","858","43"
"2279","858","51"
"2280","858","56"
"2281","858","93"
"2282","859","93"
"2283","860","24"
"2284","860","13"
"2285","860","93"
"2286","860","67"
"2287","861","24"
"2288","861","13"
"2289","861","93"
"2290","861","67"
"2291","862","24"
"2292","862","13"
"2293","862","93"
"2294","862","67"
"2295","863","51"
"2296","863","93"
"2297","864","43"
"2298","864","51"
"2299","864","93"
"2300","865","43"
"2301","865","67"
"2302","866","56"
"2303","866","93"
"2304","867","23"
"2305","867","65"
"2306","867","75"
"2307","867","29"
"2308","867","43"
"2309","867","27"
"2310","867","67"
"2311","868","49"
"2312","868","93"
"2313","869","42"
"2314","869","24"
"2315","869","43"
"2316","869","3"
"2317","869","67"
"2318","870","4"
"2319","870","94"
"2320","870","24"
"2321","870","56"
"2322","870","13"
"2323","871","4"
"2324","871","2"
"2325","871","85"
"2326","871","31"
"2327","871","56"
"2328","872","51"
"2329","872","13"
"2330","873","11"
"2331","873","70"
"2332","874","51"
"2333","874","93"
"2334","874","67"
"2335","875","51"
"2336","875","13"
"2337","875","93"
"2338","876","41"
"2339","876","23"
"2340","876","75"
"2341","876","29"
"2342","876","24"
"2343","876","43"
"2344","876","13"
"2345","876","16"
"2346","876","3"
"2347","876","67"
"2348","877","41"
"2349","877","23"
"2350","877","75"
"2351","877","29"
"2352","877","24"
"2353","877","43"
"2354","877","13"
"2355","877","16"
"2356","877","3"
"2357","877","67"
"2358","878","53"
"2359","878","61"
"2360","878","43"
"2361","879","49"
"2362","879","51"
"2363","879","13"
"2364","879","3"
"2365","880","41"
"2366","880","75"
"2367","880","43"
"2368","880","74"
"2369","880","67"
"2370","881","43"
"2371","881","93"
"2372","881","67"
"2373","882","11"
"2374","882","61"
"2375","882","51"
"2376","882","93"
"2377","883","61"
"2378","883","51"
"2379","883","3"
"2380","884","11"
"2381","884","2"
"2382","886","4"
"2383","887","65"
"2384","887","24"
"2385","887","51"
"2386","887","13"
"2387","888","4"
"2388","889","4"
"2389","890","4"
"2390","891","1"
"2391","891","8"
"2392","891","7"
"2393","891","15"
"2394","891","21"
"2395","892","1"
"2396","892","8"
"2397","892","7"
"2398","892","15"
"2399","892","21"
"2400","893","4"
"2401","893","8"
"2402","893","7"
"2403","893","15"
"2404","894","49"
"2405","894","61"
"2406","894","43"
"2407","894","16"
"2408","894","100"
"2409","894","93"
"2410","894","3"
"2411","894","74"
"2412","894","67"
"2413","895","11"
"2414","895","39"
"2415","896","24"
"2416","896","93"
"2417","896","67"
"2418","897","94"
"2419","897","68"
"2420","897","13"
"2421","898","4"
"2422","898","65"
"2423","898","75"
"2424","898","7"
"2425","899","1"
"2426","899","75"
"2427","899","42"
"2428","899","24"
"2429","899","62"
"2430","899","13"
"2431","899","15"
"2432","899","67"
"2433","899","98"
"2434","900","8"
"2435","900","75"
"2436","900","34"
"2437","901","75"
"2438","901","56"
"2439","902","4"
"2440","902","75"
"2441","903","4"
"2442","903","75"
"2443","903","56"
"2444","903","10"
"2445","904","4"
"2446","904","75"
"2447","904","56"
"2448","904","10"
"2449","905","75"
"2450","905","42"
"2451","905","56"
"2452","905","13"
"2453","905","27"
"2454","906","4"
"2455","906","75"
"2456","906","27"
"2457","907","75"
"2458","907","42"
"2459","907","56"
"2460","907","13"
"2461","907","27"
"2462","907","3"
"2463","908","4"
"2464","908","75"
"2465","908","15"
"2466","909","4"
"2467","909","75"
"2468","909","15"
"2469","910","4"
"2470","910","75"
"2471","910","15"
"2472","911","4"
"2473","911","75"
"2474","911","15"
"2475","912","4"
"2476","912","75"
"2477","912","15"
"2478","913","4"
"2479","913","75"
"2480","913","15"
"2481","914","1"
"2482","914","4"
"2483","914","75"
"2484","914","10"
"2485","914","15"
"2486","915","4"
"2487","915","65"
"2488","915","75"
"2489","915","7"
"2490","916","4"
"2491","916","65"
"2492","916","75"
"2493","916","7"
"2494","917","4"
"2495","917","8"
"2496","917","75"
"2497","917","7"
"2498","918","4"
"2499","918","65"
"2500","918","75"
"2501","918","7"
"2502","919","4"
"2503","919","8"
"2504","919","75"
"2505","919","7"
"2506","920","4"
"2507","920","8"
"2508","920","75"
"2509","920","7"
"2510","921","4"
"2511","921","65"
"2512","921","75"
"2513","921","56"
"2514","922","4"
"2515","922","65"
"2516","922","75"
"2517","922","56"
"2518","922","34"
"2519","923","4"
"2520","923","65"
"2521","923","75"
"2522","923","56"
"2523","923","34"
"2524","924","4"
"2525","924","75"
"2526","925","4"
"2527","925","65"
"2528","925","75"
"2529","925","56"
"2530","926","4"
"2531","926","65"
"2532","926","75"
"2533","926","56"
"2534","927","11"
"2535","927","2"
"2536","927","75"
"2537","927","15"
"2538","928","65"
"2539","928","75"
"2540","929","75"
"2541","930","75"
"2542","930","44"
"2543","930","56"
"2544","931","75"
"2545","931","44"
"2546","932","22"
"2547","932","8"
"2548","932","75"
"2549","932","7"
"2550","932","56"
"2551","933","75"
"2552","933","43"
"2553","933","15"
"2554","933","98"
"2555","934","75"
"2556","934","43"
"2557","934","15"
"2558","934","98"
"2559","935","22"
"2560","935","8"
"2561","935","75"
"2562","935","15"
"2563","936","22"
"2564","936","8"
"2565","936","75"
"2566","936","15"
"2567","937","22"
"2568","937","8"
"2569","937","75"
"2570","937","15"
"2571","938","4"
"2572","938","75"
"2573","938","56"
"2574","939","75"
"2575","940","65"
"2576","940","75"
"2577","941","8"
"2578","941","75"
"2579","942","75"
"2580","942","42"
"2581","943","75"
"2582","944","4"
"2583","944","75"
"2584","944","43"
"2585","944","56"
"2586","945","4"
"2587","945","75"
"2588","946","75"
"2589","947","75"
"2590","948","65"
"2591","948","75"
"2592","948","31"
"2593","949","4"
"2594","949","65"
"2595","949","75"
"2596","950","22"
"2597","950","52"
"2598","950","23"
"2599","950","65"
"2600","950","75"
"2601","950","29"
"2602","950","30"
"2603","950","43"
"2604","950","13"
"2605","950","27"
"2606","950","93"
"2607","950","74"
"2608","950","67"
"2609","951","4"
"2610","951","41"
"2611","951","65"
"2612","951","75"
"2613","951","43"
"2614","951","51"
"2615","951","100"
"2616","951","27"
"2617","951","74"
"2618","951","67"
"2619","952","4"
"2620","952","41"
"2621","952","65"
"2622","952","75"
"2623","952","43"
"2624","952","51"
"2625","952","100"
"2626","952","27"
"2627","952","74"
"2628","952","67"
"2629","953","4"
"2630","953","41"
"2631","953","65"
"2632","953","75"
"2633","953","43"
"2634","953","51"
"2635","953","100"
"2636","953","27"
"2637","953","74"
"2638","953","67"
"2639","954","2"
"2640","954","5"
"2641","954","8"
"2642","954","75"
"2643","954","70"
"2644","955","75"
"2645","955","24"
"2646","955","26"
"2647","955","67"
"2648","956","75"
"2649","956","15"
"2650","957","75"
"2651","957","27"
"2652","958","75"
"2653","958","49"
"2654","958","43"
"2655","958","56"
"2656","958","13"
"2657","958","27"
"2658","958","67"
"2659","959","75"
"2660","959","68"
"2661","959","27"
"2662","959","98"
"2663","960","75"
"2664","960","24"
"2665","960","56"
"2666","960","27"
"2667","960","32"
"2668","960","102"
"2669","961","4"
"2670","961","65"
"2671","961","75"
"2672","961","43"
"2673","961","51"
"2674","961","27"
"2675","961","98"
"2676","962","4"
"2677","962","65"
"2678","962","75"
"2679","962","43"
"2680","962","51"
"2681","962","27"
"2682","962","98"
"2683","963","4"
"2684","963","65"
"2685","963","75"
"2686","963","43"
"2687","963","51"
"2688","963","27"
"2689","963","98"
"2690","964","63"
"2691","964","75"
"2692","964","34"
"2693","965","85"
"2694","965","75"
"2695","965","31"
"2696","966","75"
"2697","966","56"
"2698","966","21"
"2699","967","11"
"2700","967","75"
"2701","967","70"
"2702","967","34"
"2703","968","22"
"2704","968","52"
"2705","968","4"
"2706","968","41"
"2707","968","23"
"2708","968","75"
"2709","968","43"
"2710","968","56"
"2711","969","22"
"2712","969","52"
"2713","969","4"
"2714","969","41"
"2715","969","23"
"2716","969","75"
"2717","969","43"
"2718","969","56"
"2719","970","65"
"2720","970","75"
"2721","971","75"
"2722","972","11"
"2723","972","75"
"2724","973","75"
"2725","973","7"
"2726","973","31"
"2727","973","34"
"2728","974","8"
"2729","974","75"
"2730","974","56"
"2731","974","10"
"2732","975","8"
"2733","975","75"
"2734","975","56"
"2735","975","10"
"2736","976","75"
"2737","976","56"
"2738","977","75"
"2739","977","56"
"2740","978","8"
"2741","978","75"
"2742","978","56"
"2743","978","10"
"2744","979","5"
"2745","979","75"
"2746","979","13"
"2747","979","3"
"2748","979","10"
"2749","980","75"
"2750","981","4"
"2751","981","8"
"2752","981","75"
"2753","981","15"
"2754","982","75"
"2755","982","6"
"2756","983","75"
"2757","983","7"
"2758","983","56"
"2759","984","4"
"2760","984","75"
"2761","984","6"
"2762","985","75"
"2763","985","56"
"2764","986","4"
"2765","986","2"
"2766","986","75"
"2767","986","39"
"2768","987","65"
"2769","987","75"
"2770","987","7"
"2771","988","4"
"2772","988","75"
"2773","989","4"
"2774","989","75"
"2775","990","1"
"2776","990","4"
"2777","990","8"
"2778","990","75"
"2779","990","15"
"2780","991","1"
"2781","991","4"
"2782","991","2"
"2783","991","8"
"2784","991","75"
"2785","991","97"
"2786","991","7"
"2787","991","15"
"2788","992","4"
"2789","992","75"
"2790","992","13"
"2791","992","3"
"2792","992","10"
"2793","992","15"
"2794","993","75"
"2795","993","70"
"2796","993","13"
"2797","993","3"
"2798","993","15"
"2799","993","64"
"2800","994","75"
"2801","994","72"
"2802","994","64"
"2803","995","1"
"2804","995","75"
"2805","995","42"
"2806","995","24"
"2807","995","62"
"2808","995","13"
"2809","995","15"
"2810","995","67"
"2811","995","98"
"2812","996","8"
"2813","996","75"
"2814","996","34"
"2815","996","3"
"2816","996","10"
"2817","996","15"
"2818","996","21"
"2819","997","4"
"2820","997","75"
"2821","997","43"
"2822","997","51"
"2823","997","27"
"2824","997","98"
"2825","998","4"
"2826","998","75"
"2827","998","43"
"2828","998","51"
"2829","998","27"
"2830","998","98"
"2831","999","4"
"2832","999","75"
"2833","999","43"
"2834","999","51"
"2835","999","27"
"2836","999","98"
"2837","1000","75"
"2838","1000","42"
"2839","1000","13"
"2840","1000","27"
"2841","1000","3"
"2842","1001","75"
"2843","1001","43"
"2844","1002","75"
"2845","1002","49"
"2846","1002","24"
"2847","1002","43"
"2848","1002","13"
"2849","1003","75"
"2850","1003","13"
"2851","1003","93"
"2852","1004","75"
"2853","1004","43"
"2854","1005","65"
"2855","1005","75"
"2856","1005","27"
"2857","1006","65"
"2858","1006","75"
"2859","1006","27"
"2860","1007","75"
"2861","1007","43"
"2862","1008","75"
"2863","1008","44"
"2864","1008","13"
"2865","1008","39"
"2866","1008","27"
"2867","1008","15"
"2868","1009","75"
"2869","1009","27"
"2870","1010","75"
"2871","1010","42"
"2872","1010","27"
"2873","1010","15"
"2874","1011","37"
"2875","1011","75"
"2876","1011","49"
"2877","1011","56"
"2878","1011","13"
"2879","1011","27"
"2880","1011","67"
"2881","1012","75"
"2882","1012","43"
"2883","1013","75"
"2884","1013","42"
"2885","1013","24"
"2886","1013","56"
"2887","1013","13"
"2888","1013","3"
"2889","1014","75"
"2890","1014","42"
"2891","1014","56"
"2892","1014","13"
"2893","1014","27"
"2894","1014","3"
"2895","1015","75"
"2896","1015","68"
"2897","1015","44"
"2898","1015","13"
"2899","1015","27"
"2900","1016","75"
"2901","1016","27"
"2902","1017","75"
"2903","1017","42"
"2904","1017","13"
"2905","1017","27"
"2906","1018","75"
"2907","1018","42"
"2908","1018","13"
"2909","1018","27"
"2910","1019","75"
"2911","1019","42"
"2912","1019","13"
"2913","1019","27"
"2914","1020","75"
"2915","1020","42"
"2916","1020","13"
"2917","1020","27"
"2918","1021","75"
"2919","1021","43"
"2920","1022","65"
"2921","1022","75"
"2922","1022","64"
"2923","1023","75"
"2924","1024","4"
"2925","1024","65"
"2926","1024","75"
"2927","1024","53"
"2928","1024","56"
"2929","1025","4"
"2930","1025","65"
"2931","1025","75"
"2932","1025","56"
"2933","1025","34"
"2934","1026","4"
"2935","1026","75"
"2936","1027","11"
"2937","1027","103"
"2938","1027","75"
"2939","1027","39"
"2940","1028","11"
"2941","1028","75"
"2942","1028","39"
"2943","1029","75"
"2944","1030","4"
"2945","1030","8"
"2946","1030","75"
"2947","1030","34"
"2948","1030","3"
"2949","1030","10"
"2950","1030","21"
"2951","1031","22"
"2952","1031","52"
"2953","1031","23"
"2954","1031","75"
"2955","1032","22"
"2956","1032","52"
"2957","1032","23"
"2958","1032","75"
"2959","1033","4"
"2960","1033","8"
"2961","1033","75"
"2962","1033","7"
"2963","1033","39"
"2964","1033","82"
"2965","1034","75"
"2966","1035","11"
"2967","1035","5"
"2968","1035","8"
"2969","1035","75"
"2970","1036","11"
"2971","1036","5"
"2972","1036","8"
"2973","1036","75"
"2974","1037","104"
"2975","1037","65"
"2976","1037","75"
"2977","1037","42"
"2978","1037","24"
"2979","1037","56"
"2980","1037","16"
"2981","1037","102"
"2982","1038","75"
"2983","1038","27"
"2984","1039","22"
"2985","1039","1"
"2986","1039","23"
"2987","1039","75"
"2988","1039","15"
"2989","1040","22"
"2990","1040","11"
"2991","1040","94"
"2992","1040","23"
"2993","1040","75"
"2994","1040","88"
"2995","1040","44"
"2996","1040","39"
"2997","1041","1"
"2998","1041","59"
"2999","1041","77"
"3000","1041","75"
"3001","1041","60"
"3002","1041","62"
"3003","1042","11"
"3004","1042","94"
"3005","1042","75"
"3006","1042","13"
"3007","1042","39"
"3008","1042","3"
"3009","1043","4"
"3010","1043","75"
"3011","1043","56"
"3012","1043","6"
"3013","1043","66"
"3014","1044","75"
"3015","1045","8"
"3016","1045","75"
"3017","1045","56"
"3018","1045","10"
"3019","1046","22"
"3020","1046","52"
"3021","1046","4"
"3022","1046","23"
"3023","1046","65"
"3024","1046","75"
"3025","1046","43"
"3026","1046","13"
"3027","1046","27"
"3028","1046","74"
"3029","1047","4"
"3030","1047","65"
"3031","1047","75"
"3032","1047","7"
"3033","1048","8"
"3034","1048","75"
"3035","1048","19"
"3036","1048","105"
"3037","1048","13"
"3038","1048","83"
"3039","1048","3"
"3040","1048","21"
"3041","1048","64"
"3042","1049","75"
"3043","1050","59"
"3044","1050","37"
"3045","1050","65"
"3046","1050","75"
"3047","1050","60"
"3048","1050","56"
"3049","1051","58"
"3050","1051","65"
"3051","1051","75"
"3052","1051","56"
"3053","1051","3"
"3054","1052","75"
"3055","1052","56"
"3056","1052","66"
"3057","1053","75"
"3058","1053","56"
"3059","1053","6"
"3060","1054","75"
"3061","1054","6"
"3062","1055","22"
"3063","1055","52"
"3064","1055","4"
"3065","1055","23"
"3066","1055","65"
"3067","1055","75"
"3068","1055","43"
"3069","1055","74"
"3070","1056","22"
"3071","1056","52"
"3072","1056","4"
"3073","1056","23"
"3074","1056","65"
"3075","1056","75"
"3076","1056","74"
"3077","1057","75"
"3078","1057","34"
"3079","1058","75"
"3080","1058","34"
"3081","1059","75"
"3082","1059","34"
"3083","1060","1"
"3084","1060","4"
"3085","1060","2"
"3086","1060","8"
"3087","1060","75"
"3088","1060","3"
"3089","1061","58"
"3090","1061","4"
"3091","1061","75"
"3092","1061","13"
"3093","1061","3"
"3094","1061","10"
"3095","1061","76"
"3096","1061","21"
"3097","1061","96"
"3098","1062","22"
"3099","1062","23"
"3100","1062","65"
"3101","1062","75"
"3102","1062","13"
"3103","1062","90"
"3104","1063","75"
"3105","1063","13"
"3106","1063","27"
"3107","1063","93"
"3108","1064","75"
"3109","1064","53"
"3110","1064","27"
"3111","1065","75"
"3112","1065","30"
"3113","1065","67"
"3114","1066","75"
"3115","1066","30"
"3116","1066","67"
"3117","1067","22"
"3118","1067","23"
"3119","1067","75"
"3120","1067","27"
"3121","1067","20"
"3122","1068","75"
"3123","1068","56"
"3124","1069","4"
"3125","1069","75"
"3126","1069","56"
"3127","1070","75"
"3128","1070","56"
"3129","1071","75"
"3130","1071","56"
"3131","1072","75"
"3132","1072","56"
"3133","1073","75"
"3134","1073","56"
"3135","1074","4"
"3136","1074","8"
"3137","1074","75"
"3138","1074","7"
"3139","1074","15"
"3140","1075","4"
"3141","1075","65"
"3142","1075","75"
"3143","1075","43"
"3144","1075","51"
"3145","1075","27"
"3146","1075","98"
"3147","1076","4"
"3148","1076","65"
"3149","1076","75"
"3150","1076","43"
"3151","1076","51"
"3152","1076","27"
"3153","1076","98"
"3154","1077","75"
"3155","1078","75"
"3156","1078","31"
"3157","1079","22"
"3158","1079","23"
"3159","1079","75"
"3160","1079","43"
"3161","1079","27"
"3162","1079","74"
"3163","1080","75"
"3164","1080","56"
"3165","1081","75"
"3166","1081","56"
"3167","1082","75"
"3168","1082","56"
"3169","1083","75"
"3170","1083","13"
"3171","1083","93"
"3172","1084","92"
"3173","1084","75"
"3174","1084","27"
"3175","1085","75"
"3176","1085","27"
"3177","1086","75"
"3178","1086","43"
"3179","1086","51"
"3180","1086","56"
"3181","1086","27"
"3182","1086","74"
"3183","1087","41"
"3184","1087","75"
"3185","1087","43"
"3186","1087","27"
"3187","1088","75"
"3188","1088","44"
"3189","1088","13"
"3190","1088","39"
"3191","1088","27"
"3192","1088","15"
"3193","1089","75"
"3194","1089","27"
"3195","1090","75"
"3196","1090","27"
"3197","1091","75"
"3198","1091","39"
"3199","1091","27"
"3200","1092","65"
"3201","1092","75"
"3202","1092","51"
"3203","1092","13"
"3204","1092","74"
"3205","1093","22"
"3206","1093","41"
"3207","1093","23"
"3208","1093","65"
"3209","1093","75"
"3210","1093","43"
"3211","1093","50"
"3212","1093","13"
"3213","1093","27"
"3214","1093","64"
"3215","1094","4"
"3216","1094","41"
"3217","1094","65"
"3218","1094","75"
"3219","1094","43"
"3220","1094","51"
"3221","1094","13"
"3222","1094","100"
"3223","1094","27"
"3224","1094","93"
"3225","1094","74"
"3226","1094","67"
"3227","1095","12"
"3228","1095","75"
"3229","1095","68"
"3230","1095","27"
"3231","1095","76"
"3232","1095","98"
"3233","1096","12"
"3234","1096","75"
"3235","1096","68"
"3236","1096","27"
"3237","1096","76"
"3238","1096","98"
"3239","1097","1"
"3240","1097","75"
"3241","1097","24"
"3242","1097","27"
"3243","1097","15"
"3244","1097","102"
"3245","1098","75"
"3246","1098","72"
"3247","1098","64"
"3248","1099","22"
"3249","1099","52"
"3250","1099","23"
"3251","1099","75"
"3252","1099","88"
"3253","1099","43"
"3254","1099","13"
"3255","1099","27"
"3256","1099","74"
"3257","1100","1"
"3258","1100","59"
"3259","1100","17"
"3260","1100","77"
"3261","1100","75"
"3262","1100","60"
"3263","1100","62"
"3264","1101","11"
"3265","1101","69"
"3266","1101","75"
"3267","1101","70"
"3268","1101","56"
"3269","1101","6"
"3270","1101","15"
"3271","1102","22"
"3272","1102","23"
"3273","1102","75"
"3274","1102","53"
"3275","1102","14"
"3276","1102","13"
"3277","1102","74"
"3278","1103","75"
"3279","1103","13"
"3280","1103","27"
"3281","1103","93"
"3282","1104","22"
"3283","1104","52"
"3284","1104","23"
"3285","1104","75"
"3286","1104","72"
"3287","1104","24"
"3288","1104","13"
"3289","1104","74"
"3290","1104","64"
"3291","1105","4"
"3292","1105","8"
"3293","1105","75"
"3294","1105","7"
"3295","1105","15"
"3296","1106","4"
"3297","1106","65"
"3298","1106","75"
"3299","1107","65"
"3300","1107","75"
"3301","1107","7"
"3302","1108","4"
"3303","1108","65"
"3304","1108","75"
"3305","1108","7"
"3306","1109","4"
"3307","1109","8"
"3308","1109","75"
"3309","1109","7"
"3310","1109","15"
"3311","1110","65"
"3312","1110","75"
"3313","1110","7"
"3314","1111","4"
"3315","1111","8"
"3316","1111","75"
"3317","1111","7"
"3318","1111","15"
"3319","1112","65"
"3320","1112","75"
"3321","1112","7"
"3322","1113","65"
"3323","1113","75"
"3324","1113","7"
"3325","1114","4"
"3326","1114","65"
"3327","1114","75"
"3328","1114","43"
"3329","1114","51"
"3330","1114","27"
"3331","1114","98"
"3332","1115","4"
"3333","1115","65"
"3334","1115","75"
"3335","1115","43"
"3336","1115","51"
"3337","1115","27"
"3338","1116","4"
"3339","1116","65"
"3340","1116","75"
"3341","1116","43"
"3342","1116","51"
"3343","1116","27"
"3344","1117","75"
"3345","1118","4"
"3346","1118","65"
"3347","1118","75"
"3348","1119","75"
"3349","1119","96"
"3350","1120","22"
"3351","1120","52"
"3352","1120","15"
"3353","1121","22"
"3354","1121","52"
"3355","1121","15"
"3356","1122","22"
"3357","1122","52"
"3358","1122","15"
"3359","1123","22"
"3360","1123","52"
"3361","1123","15"
"3362","1124","22"
"3363","1124","52"
"3364","1124","15"
"3365","1125","22"
"3366","1125","52"
"3367","1125","15"
"3368","1126","22"
"3369","1126","52"
"3370","1126","15"
"3371","1127","22"
"3372","1127","52"
"3373","1127","15"
"3374","1128","22"
"3375","1128","52"
"3376","1128","15"
"3377","1129","22"
"3378","1129","52"
"3379","1129","15"
"3380","1130","22"
"3381","1130","52"
"3382","1130","15"
"3383","1131","22"
"3384","1131","52"
"3385","1131","15"
"3386","1132","22"
"3387","1132","52"
"3388","1132","15"
"3389","1133","22"
"3390","1133","52"
"3391","1133","10"
"3392","1133","15"
"3393","1134","22"
"3394","1134","52"
"3395","1134","15"
"3396","1135","22"
"3397","1135","52"
"3398","1135","8"
"3399","1135","9"
"3400","1135","15"
"3401","1136","22"
"3402","1136","52"
"3403","1136","23"
"3404","1136","10"
"3405","1136","15"
"3406","1137","22"
"3407","1137","52"
"3408","1137","10"
"3409","1137","15"
"3410","1138","22"
"3411","1138","52"
"3412","1138","29"
"3413","1138","24"
"3414","1138","61"
"3415","1138","43"
"3416","1138","13"
"3417","1138","3"
"3418","1139","22"
"3419","1139","52"
"3420","1139","4"
"3421","1139","29"
"3422","1139","24"
"3423","1139","61"
"3424","1139","43"
"3425","1139","26"
"3426","1139","13"
"3427","1139","3"
"3428","1140","22"
"3429","1140","52"
"3430","1140","4"
"3431","1140","29"
"3432","1140","24"
"3433","1140","61"
"3434","1140","43"
"3435","1140","26"
"3436","1140","13"
"3437","1140","3"
"3438","1141","22"
"3439","1141","52"
"3440","1141","4"
"3441","1141","29"
"3442","1141","24"
"3443","1141","61"
"3444","1141","43"
"3445","1141","26"
"3446","1141","13"
"3447","1141","3"
"3448","1142","22"
"3449","1142","52"
"3450","1142","10"
"3451","1142","15"
"3452","1143","22"
"3453","1143","52"
"3454","1144","22"
"3455","1144","52"
"3456","1144","23"
"3457","1144","29"
"3458","1144","24"
"3459","1144","51"
"3460","1144","26"
"3461","1144","50"
"3462","1144","56"
"3463","1144","13"
"3464","1144","27"
"3465","1145","22"
"3466","1145","52"
"3467","1145","23"
"3468","1145","29"
"3469","1145","24"
"3470","1145","51"
"3471","1145","26"
"3472","1145","50"
"3473","1145","56"
"3474","1145","13"
"3475","1145","27"
"3476","1146","22"
"3477","1146","52"
"3478","1146","23"
"3479","1146","29"
"3480","1146","24"
"3481","1146","51"
"3482","1146","26"
"3483","1146","50"
"3484","1146","56"
"3485","1146","13"
"3486","1146","27"
"3487","1147","22"
"3488","1147","52"
"3489","1148","22"
"3490","1148","52"
"3491","1148","29"
"3492","1148","24"
"3493","1148","26"
"3494","1148","50"
"3495","1148","56"
"3496","1148","13"
"3497","1148","27"
"3498","1149","22"
"3499","1149","52"
"3500","1149","23"
"3501","1149","29"
"3502","1149","24"
"3503","1149","51"
"3504","1149","26"
"3505","1149","50"
"3506","1149","56"
"3507","1149","13"
"3508","1149","27"
"3509","1150","22"
"3510","1150","52"
"3511","1150","23"
"3512","1150","29"
"3513","1150","24"
"3514","1150","51"
"3515","1150","26"
"3516","1150","50"
"3517","1150","56"
"3518","1150","13"
"3519","1150","27"
"3520","1151","22"
"3521","1151","52"
"3522","1151","23"
"3523","1151","29"
"3524","1151","24"
"3525","1151","51"
"3526","1151","26"
"3527","1151","50"
"3528","1151","56"
"3529","1151","13"
"3530","1151","27"
"3531","1152","22"
"3532","1152","52"
"3533","1152","41"
"3534","1152","23"
"3535","1152","65"
"3536","1152","29"
"3537","1152","24"
"3538","1152","43"
"3539","1152","51"
"3540","1152","26"
"3541","1152","50"
"3542","1152","56"
"3543","1152","13"
"3544","1152","27"
"3545","1153","22"
"3546","1153","52"
"3547","1153","23"
"3548","1153","29"
"3549","1153","24"
"3550","1153","51"
"3551","1153","26"
"3552","1153","50"
"3553","1153","56"
"3554","1153","13"
"3555","1153","27"
"3556","1154","22"
"3557","1154","52"
"3558","1154","51"
"3559","1154","56"
"3560","1155","22"
"3561","1155","52"
"3562","1155","23"
"3563","1155","29"
"3564","1155","24"
"3565","1155","43"
"3566","1155","51"
"3567","1155","56"
"3568","1156","22"
"3569","1156","52"
"3570","1156","23"
"3571","1156","29"
"3572","1156","24"
"3573","1156","43"
"3574","1156","51"
"3575","1156","56"
"3576","1157","22"
"3577","1157","52"
"3578","1157","23"
"3579","1157","29"
"3580","1157","24"
"3581","1157","43"
"3582","1157","51"
"3583","1157","56"
"3584","1158","22"
"3585","1158","52"
"3586","1158","23"
"3587","1158","29"
"3588","1158","24"
"3589","1158","43"
"3590","1158","51"
"3591","1158","56"
"3592","1158","13"
"3593","1159","22"
"3594","1159","52"
"3595","1159","10"
"3596","1159","15"
"3597","1160","22"
"3598","1160","52"
"3599","1161","22"
"3600","1161","52"
"3601","1161","15"
"3602","1162","22"
"3603","1162","52"
"3604","1162","15"
"3605","1162","21"
"3606","1163","22"
"3607","1163","52"
"3608","1163","15"
"3609","1164","22"
"3610","1164","52"
"3611","1164","15"
"3612","1165","22"
"3613","1165","52"
"3614","1166","22"
"3615","1166","52"
"3616","1167","22"
"3617","1167","52"
"3618","1167","2"
"3619","1167","98"
"3620","1168","22"
"3621","1168","52"
"3622","1168","4"
"3623","1168","56"
"3624","1168","6"
"3625","1168","10"
"3626","1168","15"
"3627","1168","21"
"3628","1169","22"
"3629","1169","52"
"3630","1169","4"
"3631","1170","22"
"3632","1170","52"
"3633","1170","4"
"3634","1171","22"
"3635","1171","52"
"3636","1171","4"
"3637","1172","22"
"3638","1172","52"
"3639","1172","4"
"3640","1173","22"
"3641","1173","52"
"3642","1173","4"
"3643","1173","56"
"3644","1173","32"
"3645","1173","21"
"3646","1174","22"
"3647","1174","11"
"3648","1174","52"
"3649","1174","69"
"3650","1174","39"
"3651","1175","22"
"3652","1175","52"
"3653","1176","22"
"3654","1176","52"
"3655","1176","23"
"3656","1176","15"
"3657","1177","22"
"3658","1177","52"
"3659","1178","22"
"3660","1178","52"
"3661","1178","1"
"3662","1178","8"
"3663","1179","22"
"3664","1179","52"
"3665","1179","34"
"3666","1180","22"
"3667","1180","52"
"3668","1180","34"
"3669","1181","22"
"3670","1181","52"
"3671","1181","4"
"3672","1181","23"
"3673","1181","43"
"3674","1181","16"
"3675","1181","3"
"3676","1182","22"
"3677","1182","52"
"3678","1182","4"
"3679","1182","23"
"3680","1182","43"
"3681","1182","16"
"3682","1182","3"
"3683","1183","22"
"3684","1183","52"
"3685","1183","4"
"3686","1183","23"
"3687","1183","43"
"3688","1183","16"
"3689","1183","3"
"3690","1184","22"
"3691","1184","52"
"3692","1184","1"
"3693","1184","59"
"3694","1184","4"
"3695","1184","69"
"3696","1184","65"
"3697","1184","48"
"3698","1184","60"
"3699","1184","24"
"3700","1184","62"
"3701","1184","15"
"3702","1185","22"
"3703","1185","52"
"3704","1185","31"
"3705","1185","13"
"3706","1185","67"
"3707","1186","22"
"3708","1186","52"
"3709","1186","31"
"3710","1186","56"
"3711","1186","93"
"3712","1187","22"
"3713","1187","52"
"3714","1187","23"
"3715","1187","10"
"3716","1187","15"
"3717","1188","22"
"3718","1188","52"
"3719","1188","23"
"3720","1188","10"
"3721","1188","15"
"3722","1189","22"
"3723","1189","52"
"3724","1189","10"
"3725","1189","15"
"3726","1190","22"
"3727","1190","52"
"3728","1190","10"
"3729","1190","15"
"3730","1191","22"
"3731","1191","52"
"3732","1191","10"
"3733","1191","15"
"3734","1192","22"
"3735","1192","52"
"3736","1192","10"
"3737","1192","15"
"3738","1193","22"
"3739","1193","52"
"3740","1193","10"
"3741","1193","15"
"3742","1194","22"
"3743","1194","52"
"3744","1194","23"
"3745","1194","10"
"3746","1194","15"
"3747","1195","22"
"3748","1195","52"
"3749","1195","10"
"3750","1195","15"
"3751","1196","22"
"3752","1196","52"
"3753","1196","10"
"3754","1196","15"
"3755","1197","22"
"3756","1197","52"
"3757","1197","23"
"3758","1197","15"
"3759","1198","22"
"3760","1198","52"
"3761","1198","10"
"3762","1198","15"
"3763","1199","22"
"3764","1199","52"
"3765","1199","15"
"3766","1200","22"
"3767","1200","52"
"3768","1200","4"
"3769","1200","10"
"3770","1201","22"
"3771","1201","52"
"3772","1202","22"
"3773","1202","52"
"3774","1203","22"
"3775","1203","52"
"3776","1204","22"
"3777","1204","52"
"3778","1205","22"
"3779","1205","52"
"3780","1205","10"
"3781","1206","22"
"3782","1206","52"
"3783","1206","10"
"3784","1206","15"
"3785","1207","22"
"3786","1207","52"
"3787","1207","23"
"3788","1207","10"
"3789","1207","15"
"3790","1208","22"
"3791","1208","52"
"3792","1208","10"
"3793","1208","15"
"3794","1209","22"
"3795","1209","52"
"3796","1209","10"
"3797","1209","15"
"3798","1210","22"
"3799","1210","52"
"3800","1210","4"
"3801","1210","10"
"3802","1210","15"
"3803","1211","22"
"3804","1211","52"
"3805","1211","23"
"3806","1211","15"
"3807","1212","22"
"3808","1212","52"
"3809","1212","10"
"3810","1212","15"
"3811","1213","22"
"3812","1213","52"
"3813","1213","23"
"3814","1213","15"
"3815","1214","22"
"3816","1214","52"
"3817","1214","10"
"3818","1214","15"
"3819","1215","22"
"3820","1215","52"
"3821","1215","10"
"3822","1215","15"
"3823","1216","22"
"3824","1216","52"
"3825","1216","23"
"3826","1216","10"
"3827","1216","15"
"3828","1217","22"
"3829","1217","52"
"3830","1217","23"
"3831","1217","10"
"3832","1217","15"
"3833","1218","22"
"3834","1218","52"
"3835","1218","10"
"3836","1218","15"
"3837","1219","22"
"3838","1219","52"
"3839","1219","4"
"3840","1219","10"
"3841","1220","22"
"3842","1220","52"
"3843","1220","23"
"3844","1220","15"
"3845","1221","22"
"3846","1221","52"
"3847","1221","23"
"3848","1221","15"
"3849","1222","22"
"3850","1222","52"
"3851","1223","22"
"3852","1223","52"
"3853","1223","23"
"3854","1223","15"
"3855","1224","22"
"3856","1224","52"
"3857","1224","23"
"3858","1224","15"
"3859","1225","22"
"3860","1225","52"
"3861","1225","10"
"3862","1226","22"
"3863","1226","52"
"3864","1226","10"
"3865","1227","22"
"3866","1227","52"
"3867","1227","10"
"3868","1228","22"
"3869","1228","52"
"3870","1228","10"
"3871","1229","22"
"3872","1229","52"
"3873","1229","10"
"3874","1229","15"
"3875","1230","22"
"3876","1230","52"
"3877","1230","23"
"3878","1230","15"
"3879","1231","22"
"3880","1231","52"
"3881","1231","10"
"3882","1232","22"
"3883","1232","52"
"3884","1232","10"
"3885","1233","22"
"3886","1233","52"
"3887","1233","10"
"3888","1233","15"
"3889","1234","22"
"3890","1234","52"
"3891","1235","22"
"3892","1235","52"
"3893","1235","15"
"3894","1236","22"
"3895","1236","52"
"3896","1236","4"
"3897","1236","23"
"3898","1236","51"
"3899","1236","7"
"3900","1236","56"
"3901","1237","22"
"3902","1237","52"
"3903","1238","22"
"3904","1238","52"
"3905","1238","2"
"3906","1238","15"
"3907","1239","22"
"3908","1239","52"
"3909","1239","4"
"3910","1239","2"
"3911","1239","56"
"3912","1240","22"
"3913","1240","52"
"3914","1240","4"
"3915","1240","2"
"3916","1240","56"
"3917","1241","22"
"3918","1241","52"
"3919","1242","22"
"3920","1242","11"
"3921","1242","52"
"3922","1242","1"
"3923","1242","69"
"3924","1243","22"
"3925","1243","52"
"3926","1243","4"
"3927","1243","10"
"3928","1244","22"
"3929","1244","52"
"3930","1244","4"
"3931","1244","10"
"3932","1245","22"
"3933","1245","52"
"3934","1245","4"
"3935","1245","10"
"3936","1246","22"
"3937","1246","11"
"3938","1246","52"
"3939","1246","34"
"3940","1247","22"
"3941","1247","52"
"3942","1247","23"
"3943","1247","29"
"3944","1247","51"
"3945","1247","34"
"3946","1247","13"
"3947","1247","67"
"3948","1248","22"
"3949","1248","52"
"3950","1248","49"
"3951","1248","29"
"3952","1248","43"
"3953","1248","13"
"3954","1248","93"
"3955","1249","22"
"3956","1249","52"
"3957","1250","22"
"3958","1250","52"
"3959","1250","4"
"3960","1251","22"
"3961","1251","52"
"3962","1251","4"
"3963","1252","22"
"3964","1252","52"
"3965","1252","43"
"3966","1252","51"
"3967","1252","82"
"3968","1252","74"
"3969","1253","22"
"3970","1253","11"
"3971","1253","52"
"3972","1253","1"
"3973","1253","69"
"3974","1253","2"
"3975","1253","8"
"3976","1253","7"
"3977","1253","70"
"3978","1253","15"
"3979","1254","22"
"3980","1254","52"
"3981","1254","1"
"3982","1254","4"
"3983","1254","48"
"3984","1254","15"
"3985","1255","22"
"3986","1255","52"
"3987","1255","4"
"3988","1256","58"
"3989","1256","22"
"3990","1256","52"
"3991","1256","23"
"3992","1256","29"
"3993","1256","16"
"3994","1256","67"
"3995","1257","22"
"3996","1257","52"
"3997","1257","1"
"3998","1257","4"
"3999","1257","69"
"4000","1257","2"
"4001","1257","23"
"4002","1257","70"
"4003","1257","106"
"4004","1257","15"
"4005","1258","22"
"4006","1258","52"
"4007","1258","4"
"4008","1258","31"
"4009","1258","32"
"4010","1258","21"
"4011","1259","22"
"4012","1259","52"
"4013","1259","15"
"4014","1260","22"
"4015","1260","52"
"4016","1260","15"
"4017","1261","22"
"4018","1261","52"
"4019","1261","15"
"4020","1262","22"
"4021","1262","52"
"4022","1262","3"
"4023","1262","10"
"4024","1263","22"
"4025","1263","52"
"4026","1263","2"
"4027","1263","23"
"4028","1263","43"
"4029","1263","74"
"4030","1264","22"
"4031","1264","52"
"4032","1264","2"
"4033","1264","23"
"4034","1264","43"
"4035","1264","74"
"4036","1265","22"
"4037","1265","52"
"4038","1265","2"
"4039","1265","23"
"4040","1265","43"
"4041","1265","74"
"4042","1266","22"
"4043","1266","52"
"4044","1266","4"
"4045","1267","22"
"4046","1267","52"
"4047","1267","4"
"4048","1268","22"
"4049","1268","52"
"4050","1268","4"
"4051","1269","22"
"4052","1269","52"
"4053","1269","31"
"4054","1269","21"
"4055","1270","22"
"4056","1270","52"
"4057","1270","4"
"4058","1271","22"
"4059","1271","52"
"4060","1271","31"
"4061","1271","21"
"4062","1272","22"
"4063","1272","52"
"4064","1272","31"
"4065","1272","21"
"4066","1273","22"
"4067","1273","52"
"4068","1273","63"
"4069","1273","8"
"4070","1273","70"
"4071","1273","39"
"4072","1274","22"
"4073","1274","52"
"4074","1274","1"
"4075","1274","97"
"4076","1274","62"
"4077","1274","13"
"4078","1274","3"
"4079","1274","15"
"4080","1275","22"
"4081","1275","52"
"4082","1275","13"
"4083","1275","3"
"4084","1275","15"
"4085","1275","21"
"4086","1276","22"
"4087","1276","52"
"4088","1276","4"
"4089","1276","29"
"4090","1276","24"
"4091","1276","61"
"4092","1276","43"
"4093","1276","26"
"4094","1276","13"
"4095","1276","3"
"4096","1277","22"
"4097","1277","52"
"4098","1277","4"
"4099","1277","29"
"4100","1277","24"
"4101","1277","61"
"4102","1277","43"
"4103","1277","26"
"4104","1277","13"
"4105","1277","3"
"4106","1278","22"
"4107","1278","52"
"4108","1278","2"
"4109","1278","56"
"4110","1278","6"
"4111","1278","13"
"4112","1278","3"
"4113","1279","22"
"4114","1279","52"
"4115","1280","22"
"4116","1280","52"
"4117","1280","4"
"4118","1281","22"
"4119","1281","52"
"4120","1281","15"
"4121","1282","22"
"4122","1282","52"
"4123","1282","4"
"4124","1283","22"
"4125","1283","52"
"4126","1283","10"
"4127","1283","15"
"4128","1284","22"
"4129","1284","52"
"4130","1284","41"
"4131","1284","48"
"4132","1284","29"
"4133","1284","24"
"4134","1284","26"
"4135","1284","13"
"4136","1284","3"
"4137","1285","22"
"4138","1285","52"
"4139","1285","41"
"4140","1285","48"
"4141","1285","29"
"4142","1285","24"
"4143","1285","26"
"4144","1285","13"
"4145","1285","3"
"4146","1286","22"
"4147","1286","52"
"4148","1286","41"
"4149","1286","48"
"4150","1286","29"
"4151","1286","24"
"4152","1286","26"
"4153","1286","13"
"4154","1286","3"
"4155","1287","22"
"4156","1287","52"
"4157","1288","22"
"4158","1288","52"
"4159","1288","8"
"4160","1288","56"
"4161","1289","22"
"4162","1289","52"
"4163","1289","2"
"4164","1289","56"
"4165","1289","6"
"4166","1289","13"
"4167","1289","3"
"4168","1290","22"
"4169","1290","52"
"4170","1291","22"
"4171","1291","52"
"4172","1292","22"
"4173","1292","11"
"4174","1292","52"
"4175","1292","69"
"4176","1292","68"
"4177","1292","14"
"4178","1292","70"
"4179","1292","34"
"4180","1292","15"
"4181","1292","40"
"4182","1293","22"
"4183","1293","52"
"4184","1293","10"
"4185","1293","15"
"4186","1294","22"
"4187","1294","52"
"4188","1294","1"
"4189","1295","22"
"4190","1295","52"
"4191","1295","1"
"4192","1296","22"
"4193","1296","52"
"4194","1296","4"
"4195","1296","8"
"4196","1296","7"
"4197","1297","22"
"4198","1297","52"
"4199","1297","31"
"4200","1297","34"
"4201","1298","22"
"4202","1298","52"
"4203","1298","4"
"4204","1298","2"
"4205","1298","23"
"4206","1298","34"
"4207","1298","15"
"4208","1298","21"
"4209","1299","22"
"4210","1299","52"
"4211","1299","4"
"4212","1300","22"
"4213","1300","52"
"4214","1300","15"
"4215","1301","22"
"4216","1301","52"
"4217","1301","4"
"4218","1301","8"
"4219","1301","7"
"4220","1301","15"
"4221","1301","21"
"4222","1302","22"
"4223","1302","11"
"4224","1302","52"
"4225","1302","1"
"4226","1302","69"
"4227","1302","2"
"4228","1302","8"
"4229","1302","7"
"4230","1302","70"
"4231","1302","15"
"4232","1303","22"
"4233","1303","52"
"4234","1303","1"
"4235","1303","59"
"4236","1303","69"
"4237","1303","65"
"4238","1303","48"
"4239","1303","60"
"4240","1303","24"
"4241","1303","15"
"4242","1304","22"
"4243","1304","52"
"4244","1304","59"
"4245","1304","65"
"4246","1304","60"
"4247","1304","88"
"4248","1304","24"
"4249","1304","15"
"4250","1305","22"
"4251","1305","52"
"4252","1305","1"
"4253","1305","4"
"4254","1305","105"
"4255","1305","34"
"4256","1305","3"
"4257","1305","15"
"4258","1305","21"
"4259","1306","22"
"4260","1306","52"
"4261","1306","2"
"4262","1306","8"
"4263","1306","68"
"4264","1306","34"
"4265","1306","3"
"4266","1306","15"
"4267","1306","21"
"4268","1306","98"
"4269","1307","22"
"4270","1307","52"
"4271","1307","2"
"4272","1307","8"
"4273","1307","68"
"4274","1307","34"
"4275","1307","3"
"4276","1307","15"
"4277","1307","21"
"4278","1307","98"
"4279","1308","22"
"4280","1308","52"
"4281","1308","23"
"4282","1308","49"
"4283","1308","29"
"4284","1308","43"
"4285","1308","51"
"4286","1308","13"
"4287","1308","93"
"4288","1308","74"
"4289","1309","22"
"4290","1309","52"
"4291","1309","23"
"4292","1309","49"
"4293","1309","29"
"4294","1309","43"
"4295","1309","51"
"4296","1309","13"
"4297","1309","93"
"4298","1309","74"
"4299","1310","22"
"4300","1310","52"
"4301","1311","22"
"4302","1312","22"
"4303","1312","52"
"4304","1312","1"
"4305","1312","65"
"4306","1312","15"
"4307","1313","22"
"4308","1313","52"
"4309","1313","1"
"4310","1313","65"
"4311","1313","15"
"4312","1314","22"
"4313","1314","52"
"4314","1314","2"
"4315","1314","72"
"4316","1314","98"
"4317","1315","22"
"4318","1315","52"
"4319","1315","8"
"4320","1315","9"
"4321","1315","15"
"4322","1316","22"
"4323","1316","52"
"4324","1316","34"
"4325","1317","22"
"4326","1317","52"
"4327","1317","29"
"4328","1317","24"
"4329","1317","51"
"4330","1317","26"
"4331","1317","13"
"4332","1317","27"
"4333","1317","3"
"4334","1318","22"
"4335","1318","52"
"4336","1318","29"
"4337","1318","24"
"4338","1318","51"
"4339","1318","26"
"4340","1318","13"
"4341","1318","27"
"4342","1318","3"
"4343","1319","22"
"4344","1319","52"
"4345","1319","29"
"4346","1319","24"
"4347","1319","51"
"4348","1319","26"
"4349","1319","13"
"4350","1319","27"
"4351","1319","3"
"4352","1320","22"
"4353","1320","52"
"4354","1320","29"
"4355","1320","24"
"4356","1320","51"
"4357","1320","26"
"4358","1320","13"
"4359","1320","27"
"4360","1320","3"
"4361","1321","22"
"4362","1321","52"
"4363","1321","4"
"4364","1322","22"
"4365","1322","52"
"4366","1322","4"
"4367","1323","22"
"4368","1323","52"
"4369","1323","4"
"4370","1323","15"
"4371","1324","22"
"4372","1324","52"
"4373","1324","4"
"4374","1325","22"
"4375","1325","52"
"4376","1325","4"
"4377","1325","15"
"4378","1326","22"
"4379","1326","52"
"4380","1326","4"
"4381","1327","22"
"4382","1327","52"
"4383","1327","4"
"4384","1327","15"
"4385","1328","22"
"4386","1328","52"
"4387","1328","4"
"4388","1329","22"
"4389","1329","52"
"4390","1329","4"
"4391","1330","22"
"4392","1330","52"
"4393","1330","72"
"4394","1330","13"
"4395","1330","83"
"4396","1330","3"
"4397","1330","21"
"4398","1331","22"
"4399","1331","52"
"4400","1331","56"
"4401","1331","6"
"4402","1332","22"
"4403","1332","52"
"4404","1332","44"
"4405","1332","66"
"4406","1332","13"
"4407","1333","22"
"4408","1333","52"
"4409","1333","4"
"4410","1333","14"
"4411","1334","22"
"4412","1334","52"
"4413","1334","1"
"4414","1334","56"
"4415","1334","10"
"4416","1334","15"
"4417","1335","22"
"4418","1335","52"
"4419","1335","31"
"4420","1336","22"
"4421","1336","52"
"4422","1336","15"
"4423","1337","22"
"4424","1337","52"
"4425","1338","22"
"4426","1338","52"
"4427","1338","23"
"4428","1338","53"
"4429","1338","56"
"4430","1338","66"
"4431","1338","95"
"4432","1338","33"
"4433","1339","22"
"4434","1339","52"
"4435","1339","101"
"4436","1339","24"
"4437","1339","43"
"4438","1339","25"
"4439","1339","13"
"4440","1339","16"
"4441","1339","93"
"4442","1340","22"
"4443","1340","52"
"4444","1340","1"
"4445","1340","69"
"4446","1340","8"
"4447","1340","70"
"4448","1340","13"
"4449","1340","3"
"4450","1340","15"
"4451","1340","64"
"4452","1341","22"
"4453","1341","52"
"4454","1341","72"
"4455","1341","70"
"4456","1341","13"
"4457","1341","27"
"4458","1341","15"
"4459","1342","22"
"4460","1342","52"
"4461","1342","1"
"4462","1342","69"
"4463","1342","48"
"4464","1342","24"
"4465","1342","70"
"4466","1342","15"
"4467","1343","22"
"4468","1343","52"
"4469","1343","1"
"4470","1343","48"
"4471","1343","24"
"4472","1343","15"
"4473","1344","22"
"4474","1344","52"
"4475","1344","10"
"4476","1344","15"
"4477","1345","22"
"4478","1345","52"
"4479","1345","10"
"4480","1345","15"
"4481","1346","22"
"4482","1346","52"
"4483","1346","23"
"4484","1346","15"
"4485","1347","22"
"4486","1347","52"
"4487","1347","10"
"4488","1347","15"
"4489","1348","22"
"4490","1348","52"
"4491","1348","4"
"4492","1348","10"
"4493","1348","15"
"4494","1349","22"
"4495","1349","52"
"4496","1349","23"
"4497","1349","15"
"4498","1350","22"
"4499","1350","52"
"4500","1350","23"
"4501","1350","15"
"4502","1351","22"
"4503","1351","52"
"4504","1351","23"
"4505","1351","15"
"4506","1352","22"
"4507","1352","52"
"4508","1352","10"
"4509","1353","22"
"4510","1353","52"
"4511","1354","22"
"4512","1354","52"
"4513","1354","7"
"4514","1355","22"
"4515","1355","52"
"4516","1355","4"
"4517","1356","22"
"4518","1356","52"
"4519","1356","4"
"4520","1357","22"
"4521","1357","52"
"4522","1357","71"
"4523","1357","68"
"4524","1357","13"
"4525","1358","22"
"4526","1358","52"
"4527","1358","37"
"4528","1358","38"
"4529","1359","22"
"4530","1359","11"
"4531","1359","52"
"4532","1359","72"
"4533","1360","22"
"4534","1360","52"
"4535","1360","2"
"4536","1360","8"
"4537","1360","34"
"4538","1361","22"
"4539","1361","52"
"4540","1361","2"
"4541","1361","8"
"4542","1361","34"
"4543","1362","22"
"4544","1362","11"
"4545","1362","52"
"4546","1362","7"
"4547","1363","22"
"4548","1363","52"
"4549","1363","88"
"4550","1363","68"
"4551","1363","89"
"4552","1363","39"
"4553","1364","22"
"4554","1364","52"
"4555","1364","1"
"4556","1364","8"
"4557","1364","31"
"4558","1364","34"
"4559","1364","3"
"4560","1364","10"
"4561","1364","15"
"4562","1365","22"
"4563","1365","52"
"4564","1366","22"
"4565","1366","11"
"4566","1366","52"
"4567","1367","22"
"4568","1367","52"
"4569","1367","4"
"4570","1367","94"
"4571","1367","34"
"4572","1367","15"
"4573","1367","21"
"4574","1368","22"
"4575","1368","52"
"4576","1369","22"
"4577","1369","104"
"4578","1369","46"
"4579","1369","59"
"4580","1369","4"
"4581","1369","60"
"4582","1369","29"
"4583","1369","24"
"4584","1369","61"
"4585","1369","43"
"4586","1369","26"
"4587","1369","56"
"4588","1369","13"
"4589","1369","16"
"4590","1369","3"
"4591","1369","67"
"4592","1369","102"
"4593","1370","22"
"4594","1370","46"
"4595","1370","52"
"4596","1370","4"
"4597","1370","29"
"4598","1370","24"
"4599","1370","61"
"4600","1370","43"
"4601","1370","26"
"4602","1370","56"
"4603","1370","13"
"4604","1370","16"
"4605","1370","3"
"4606","1371","22"
"4607","1371","52"
"4608","1371","43"
"4609","1371","51"
"4610","1371","74"
"4611","1372","22"
"4612","1372","52"
"4613","1372","4"
"4614","1372","29"
"4615","1372","24"
"4616","1372","61"
"4617","1372","43"
"4618","1372","26"
"4619","1372","13"
"4620","1372","3"
"4621","1373","22"
"4622","1373","52"
"4623","1373","4"
"4624","1373","29"
"4625","1373","24"
"4626","1373","61"
"4627","1373","43"
"4628","1373","26"
"4629","1373","13"
"4630","1373","3"
"4631","1374","22"
"4632","1374","52"
"4633","1374","2"
"4634","1375","56"
"4635","1376","22"
"4636","1376","52"
"4637","1376","38"
"4638","1376","56"
"4639","1376","6"
"4640","1377","22"
"4641","1377","52"
"4642","1377","1"
"4643","1377","4"
"4644","1377","56"
"4645","1377","6"
"4646","1377","15"
"4647","1378","22"
"4648","1378","11"
"4649","1378","52"
"4650","1378","69"
"4651","1378","70"
"4652","1378","56"
"4653","1379","22"
"4654","1379","52"
"4655","1380","22"
"4656","1380","52"
"4657","1381","22"
"4658","1381","52"
"4659","1381","92"
"4660","1381","48"
"4661","1381","13"
"4662","1382","22"
"4663","1382","52"
"4664","1382","92"
"4665","1382","48"
"4666","1382","13"
"4667","1383","22"
"4668","1383","52"
"4669","1383","8"
"4670","1383","34"
"4671","1384","22"
"4672","1384","52"
"4673","1385","22"
"4674","1385","52"
"4675","1385","78"
"4676","1385","44"
"4677","1386","22"
"4678","1386","11"
"4679","1386","52"
"4680","1386","1"
"4681","1386","69"
"4682","1386","2"
"4683","1386","70"
"4684","1386","15"
"4685","1387","22"
"4686","1387","52"
"4687","1387","1"
"4688","1387","48"
"4689","1387","24"
"4690","1387","15"
"4691","1388","22"
"4692","1388","52"
"4693","1388","1"
"4694","1388","48"
"4695","1388","24"
"4696","1388","15"
"4697","1389","22"
"4698","1389","52"
"4699","1389","1"
"4700","1389","8"
"4701","1389","19"
"4702","1389","44"
"4703","1389","13"
"4704","1389","3"
"4705","1389","10"
"4706","1389","15"
"4707","1389","21"
"4708","1390","22"
"4709","1390","52"
"4710","1390","23"
"4711","1390","43"
"4712","1390","51"
"4713","1390","13"
"4714","1391","22"
"4715","1391","52"
"4716","1391","23"
"4717","1391","43"
"4718","1391","51"
"4719","1391","13"
"4720","1391","74"
"4721","1392","22"
"4722","1392","52"
"4723","1392","56"
"4724","1392","34"
"4725","1392","93"
"4726","1393","22"
"4727","1393","52"
"4728","1393","24"
"4729","1393","43"
"4730","1393","26"
"4731","1393","16"
"4732","1393","67"
"4733","1394","22"
"4734","1394","52"
"4735","1394","29"
"4736","1394","24"
"4737","1394","43"
"4738","1394","26"
"4739","1394","56"
"4740","1394","13"
"4741","1394","67"
"4742","1395","22"
"4743","1395","52"
"4744","1395","41"
"4745","1395","29"
"4746","1395","68"
"4747","1395","43"
"4748","1395","56"
"4749","1395","13"
"4750","1395","93"
"4751","1395","67"
"4752","1396","22"
"4753","1396","52"
"4754","1396","23"
"4755","1396","29"
"4756","1396","24"
"4757","1396","13"
"4758","1396","67"
"4759","1397","22"
"4760","1397","52"
"4761","1397","23"
"4762","1397","29"
"4763","1398","22"
"4764","1398","52"
"4765","1398","29"
"4766","1399","22"
"4767","1399","52"
"4768","1399","4"
"4769","1399","29"
"4770","1399","56"
"4771","1399","3"
"4772","1400","22"
"4773","1400","52"
"4774","1400","4"
"4775","1400","29"
"4776","1400","56"
"4777","1400","3"
"4778","1401","22"
"4779","1401","52"
"4780","1401","53"
"4781","1401","29"
"4782","1401","24"
"4783","1401","16"
"4784","1401","67"
"4785","1402","22"
"4786","1402","52"
"4787","1402","29"
"4788","1402","24"
"4789","1402","61"
"4790","1402","26"
"4791","1402","16"
"4792","1402","67"
"4793","1403","22"
"4794","1403","52"
"4795","1403","29"
"4796","1403","24"
"4797","1403","51"
"4798","1404","22"
"4799","1404","52"
"4800","1404","93"
"4801","1405","22"
"4802","1405","52"
"4803","1405","29"
"4804","1406","22"
"4805","1406","52"
"4806","1406","56"
"4807","1406","34"
"4808","1406","93"
"4809","1407","22"
"4810","1407","52"
"4811","1407","29"
"4812","1407","93"
"4813","1408","22"
"4814","1408","52"
"4815","1408","29"
"4816","1408","93"
"4817","1409","22"
"4818","1409","52"
"4819","1409","23"
"4820","1409","43"
"4821","1409","34"
"4822","1409","93"
"4823","1410","22"
"4824","1410","52"
"4825","1410","4"
"4826","1410","29"
"4827","1410","24"
"4828","1410","61"
"4829","1410","43"
"4830","1410","26"
"4831","1410","13"
"4832","1410","3"
"4833","1411","22"
"4834","1411","52"
"4835","1411","4"
"4836","1411","29"
"4837","1411","24"
"4838","1411","61"
"4839","1411","43"
"4840","1411","26"
"4841","1411","13"
"4842","1411","3"
"4843","1412","22"
"4844","1412","52"
"4845","1412","4"
"4846","1412","29"
"4847","1412","24"
"4848","1412","61"
"4849","1412","43"
"4850","1412","26"
"4851","1412","13"
"4852","1412","3"
"4853","1413","22"
"4854","1413","52"
"4855","1413","4"
"4856","1413","29"
"4857","1413","24"
"4858","1413","61"
"4859","1413","43"
"4860","1413","26"
"4861","1413","13"
"4862","1413","3"
"4863","1414","22"
"4864","1414","46"
"4865","1414","52"
"4866","1414","4"
"4867","1414","29"
"4868","1414","24"
"4869","1414","61"
"4870","1414","43"
"4871","1414","26"
"4872","1414","56"
"4873","1414","13"
"4874","1414","16"
"4875","1414","3"
"4876","1415","22"
"4877","1415","52"
"4878","1415","4"
"4879","1415","29"
"4880","1415","24"
"4881","1415","61"
"4882","1415","43"
"4883","1415","26"
"4884","1415","13"
"4885","1415","3"
"4886","1416","22"
"4887","1416","52"
"4888","1416","4"
"4889","1416","29"
"4890","1416","24"
"4891","1416","61"
"4892","1416","43"
"4893","1416","26"
"4894","1416","13"
"4895","1416","3"
"4896","1417","22"
"4897","1417","52"
"4898","1417","4"
"4899","1417","29"
"4900","1417","24"
"4901","1417","61"
"4902","1417","43"
"4903","1417","26"
"4904","1417","13"
"4905","1417","3"
"4906","1418","22"
"4907","1418","52"
"4908","1418","4"
"4909","1418","29"
"4910","1418","24"
"4911","1418","61"
"4912","1418","43"
"4913","1418","26"
"4914","1418","13"
"4915","1418","3"
"4916","1419","22"
"4917","1419","52"
"4918","1419","4"
"4919","1419","29"
"4920","1419","24"
"4921","1419","61"
"4922","1419","43"
"4923","1419","26"
"4924","1419","13"
"4925","1419","3"
"4926","1420","22"
"4927","1420","52"
"4928","1420","4"
"4929","1420","29"
"4930","1420","24"
"4931","1420","61"
"4932","1420","43"
"4933","1420","26"
"4934","1420","13"
"4935","1420","3"
"4936","1421","22"
"4937","1421","52"
"4938","1421","4"
"4939","1421","29"
"4940","1421","24"
"4941","1421","61"
"4942","1421","43"
"4943","1421","26"
"4944","1421","13"
"4945","1421","3"
"4946","1422","22"
"4947","1422","52"
"4948","1422","4"
"4949","1422","29"
"4950","1422","24"
"4951","1422","61"
"4952","1422","43"
"4953","1422","26"
"4954","1422","13"
"4955","1422","3"
"4956","1423","22"
"4957","1423","11"
"4958","1423","107"
"4959","1423","52"
"4960","1423","2"
"4961","1424","22"
"4962","1424","52"
"4963","1424","24"
"4964","1424","34"
"4965","1424","13"
"4966","1424","32"
"4967","1425","22"
"4968","1425","52"
"4969","1425","23"
"4970","1425","29"
"4971","1425","34"
"4972","1425","93"
"4973","1426","22"
"4974","1426","52"
"4975","1426","1"
"4976","1426","12"
"4977","1426","69"
"4978","1426","85"
"4979","1426","56"
"4980","1426","13"
"4981","1426","39"
"4982","1426","3"
"4983","1426","76"
"4984","1427","22"
"4985","1427","52"
"4986","1427","56"
"4987","1427","3"
"4988","1428","22"
"4989","1428","52"
"4990","1428","56"
"4991","1428","3"
"4992","1429","22"
"4993","1429","52"
"4994","1429","56"
"4995","1429","3"
"4996","1430","22"
"4997","1430","52"
"4998","1430","68"
"4999","1430","13"
"5000","1431","22"
"5001","1431","52"
"5002","1432","22"
"5003","1432","52"
"5004","1432","4"
"5005","1432","23"
"5006","1432","43"
"5007","1432","16"
"5008","1432","3"
"5009","1433","22"
"5010","1433","52"
"5011","1433","43"
"5012","1433","51"
"5013","1434","22"
"5014","1434","52"
"5015","1434","23"
"5016","1434","43"
"5017","1435","22"
"5018","1435","52"
"5019","1435","23"
"5020","1435","43"
"5021","1436","22"
"5022","1436","52"
"5023","1436","23"
"5024","1436","51"
"5025","1436","13"
"5026","1436","27"
"5027","1437","22"
"5028","1437","52"
"5029","1437","23"
"5030","1437","43"
"5031","1437","51"
"5032","1437","13"
"5033","1438","22"
"5034","1438","52"
"5035","1438","23"
"5036","1438","43"
"5037","1438","51"
"5038","1438","13"
"5039","1439","22"
"5040","1439","52"
"5041","1439","23"
"5042","1439","49"
"5043","1439","53"
"5044","1439","51"
"5045","1439","74"
"5046","1440","22"
"5047","1440","52"
"5048","1440","23"
"5049","1440","43"
"5050","1440","51"
"5051","1440","13"
"5052","1441","22"
"5053","1441","52"
"5054","1441","23"
"5055","1441","43"
"5056","1441","51"
"5057","1441","13"
"5058","1442","22"
"5059","1442","52"
"5060","1442","23"
"5061","1442","43"
"5062","1442","51"
"5063","1442","13"
"5064","1443","22"
"5065","1443","52"
"5066","1443","29"
"5067","1443","24"
"5068","1443","26"
"5069","1443","13"
"5070","1443","27"
"5071","1444","22"
"5072","1444","52"
"5073","1444","24"
"5074","1444","44"
"5075","1444","62"
"5076","1444","13"
"5077","1444","15"
"5078","1445","22"
"5079","1445","52"
"5080","1445","23"
"5081","1445","43"
"5082","1445","13"
"5083","1445","28"
"5084","1446","22"
"5085","1446","52"
"5086","1446","24"
"5087","1446","13"
"5088","1447","22"
"5089","1447","52"
"5090","1447","37"
"5091","1447","48"
"5092","1447","29"
"5093","1447","24"
"5094","1447","13"
"5095","1447","67"
"5096","1448","22"
"5097","1448","52"
"5098","1448","101"
"5099","1448","24"
"5100","1448","43"
"5101","1448","25"
"5102","1448","13"
"5103","1448","16"
"5104","1448","93"
"5105","1449","22"
"5106","1449","52"
"5107","1449","29"
"5108","1449","56"
"5109","1449","3"
"5110","1450","22"
"5111","1450","52"
"5112","1450","23"
"5113","1450","29"
"5114","1450","16"
"5115","1450","67"
"5116","1451","22"
"5117","1451","52"
"5118","1451","37"
"5119","1451","48"
"5120","1451","29"
"5121","1451","24"
"5122","1451","13"
"5123","1451","67"
"5124","1452","22"
"5125","1452","52"
"5126","1452","29"
"5127","1452","24"
"5128","1452","43"
"5129","1452","26"
"5130","1452","56"
"5131","1452","13"
"5132","1452","67"
"5133","1453","22"
"5134","1453","52"
"5135","1453","29"
"5136","1453","43"
"5137","1453","56"
"5138","1453","13"
"5139","1453","16"
"5140","1453","3"
"5141","1453","67"
"5142","1454","22"
"5143","1454","52"
"5144","1454","23"
"5145","1454","29"
"5146","1454","43"
"5147","1454","16"
"5148","1454","67"
"5149","1455","58"
"5150","1455","22"
"5151","1455","52"
"5152","1455","29"
"5153","1455","24"
"5154","1455","56"
"5155","1455","16"
"5156","1455","67"
"5157","1456","22"
"5158","1456","52"
"5159","1456","53"
"5160","1456","29"
"5161","1456","24"
"5162","1456","16"
"5163","1456","67"
"5164","1457","22"
"5165","1457","52"
"5166","1457","29"
"5167","1458","22"
"5168","1458","52"
"5169","1458","29"
"5170","1459","22"
"5171","1459","52"
"5172","1459","29"
"5173","1460","22"
"5174","1460","52"
"5175","1461","22"
"5176","1461","52"
"5177","1462","22"
"5178","1462","52"
"5179","1462","29"
"5180","1463","22"
"5181","1463","52"
"5182","1463","4"
"5183","1463","29"
"5184","1463","24"
"5185","1463","61"
"5186","1463","43"
"5187","1463","26"
"5188","1463","13"
"5189","1463","3"
"5190","1464","22"
"5191","1464","52"
"5192","1464","4"
"5193","1464","29"
"5194","1464","24"
"5195","1464","61"
"5196","1464","43"
"5197","1464","26"
"5198","1464","13"
"5199","1464","3"
"5200","1465","22"
"5201","1465","52"
"5202","1465","4"
"5203","1465","29"
"5204","1465","24"
"5205","1465","61"
"5206","1465","43"
"5207","1465","26"
"5208","1465","13"
"5209","1465","3"
"5210","1466","22"
"5211","1466","52"
"5212","1466","4"
"5213","1466","29"
"5214","1466","24"
"5215","1466","61"
"5216","1466","43"
"5217","1466","26"
"5218","1466","13"
"5219","1466","3"
"5220","1467","22"
"5221","1467","52"
"5222","1467","4"
"5223","1467","29"
"5224","1467","24"
"5225","1467","61"
"5226","1467","43"
"5227","1467","26"
"5228","1467","13"
"5229","1467","3"
"5230","1468","22"
"5231","1468","52"
"5232","1468","4"
"5233","1468","29"
"5234","1468","24"
"5235","1468","61"
"5236","1468","43"
"5237","1468","26"
"5238","1468","13"
"5239","1468","3"
"5240","1469","22"
"5241","1469","52"
"5242","1469","4"
"5243","1469","29"
"5244","1469","24"
"5245","1469","61"
"5246","1469","43"
"5247","1469","26"
"5248","1469","13"
"5249","1469","3"
"5250","1470","22"
"5251","1470","11"
"5252","1470","52"
"5253","1471","22"
"5254","1471","52"
"5255","1471","1"
"5256","1471","4"
"5257","1471","56"
"5258","1471","66"
"5259","1471","28"
"5260","1472","22"
"5261","1472","52"
"5262","1473","22"
"5263","1473","11"
"5264","1473","52"
"5265","1473","57"
"5266","1473","69"
"5267","1473","53"
"5268","1473","70"
"5269","1473","105"
"5270","1473","3"
"5271","1474","22"
"5272","1474","52"
"5273","1474","1"
"5274","1474","34"
"5275","1475","22"
"5276","1475","52"
"5277","1475","48"
"5278","1475","66"
"5279","1475","39"
"5280","1476","22"
"5281","1476","52"
"5282","1476","8"
"5283","1476","44"
"5284","1476","13"
"5285","1476","3"
"5286","1476","15"
"5287","1476","21"
"5288","1477","22"
"5289","1477","46"
"5290","1477","52"
"5291","1477","23"
"5292","1477","13"
"5293","1478","22"
"5294","1478","52"
"5295","1478","29"
"5296","1478","56"
"5297","1478","13"
"5298","1478","3"
"5299","1479","22"
"5300","1479","52"
"5301","1479","49"
"5302","1479","29"
"5303","1479","61"
"5304","1479","56"
"5305","1479","34"
"5306","1480","22"
"5307","1480","52"
"5308","1480","82"
"5309","1480","93"
"5310","1481","22"
"5311","1481","52"
"5312","1481","49"
"5313","1481","29"
"5314","1481","61"
"5315","1481","56"
"5316","1481","34"
"5317","1482","22"
"5318","1482","52"
"5319","1482","23"
"5320","1482","29"
"5321","1483","22"
"5322","1483","52"
"5323","1483","29"
"5324","1483","43"
"5325","1483","56"
"5326","1483","13"
"5327","1484","22"
"5328","1484","52"
"5329","1484","37"
"5330","1485","22"
"5331","1485","52"
"5332","1485","72"
"5333","1485","61"
"5334","1485","70"
"5335","1485","13"
"5336","1485","27"
"5337","1485","15"
"5338","1486","22"
"5339","1486","52"
"5340","1486","49"
"5341","1486","29"
"5342","1486","61"
"5343","1486","56"
"5344","1486","34"
"5345","1486","93"
"5346","1487","22"
"5347","1487","52"
"5348","1488","22"
"5349","1488","52"
"5350","1489","22"
"5351","1489","52"
"5352","1489","56"
"5353","1489","6"
"5354","1489","33"
"5355","1490","22"
"5356","1490","52"
"5357","1490","94"
"5358","1490","23"
"5359","1490","53"
"5360","1490","56"
"5361","1490","6"
"5362","1491","22"
"5363","1491","52"
"5364","1491","94"
"5365","1491","23"
"5366","1491","53"
"5367","1491","56"
"5368","1491","6"
"5369","1492","22"
"5370","1492","52"
"5371","1492","56"
"5372","1492","6"
"5373","1492","66"
"5374","1492","39"
"5375","1492","15"
"5376","1492","98"
"5377","1493","22"
"5378","1493","52"
"5379","1493","23"
"5380","1493","56"
"5381","1493","6"
"5382","1494","22"
"5383","1494","52"
"5384","1495","22"
"5385","1495","52"
"5386","1495","78"
"5387","1495","44"
"5388","1496","22"
"5389","1496","52"
"5390","1496","23"
"5391","1496","43"
"5392","1496","13"
"5393","1497","22"
"5394","1497","52"
"5395","1498","22"
"5396","1498","52"
"5397","1498","93"
"5398","1499","22"
"5399","1499","52"
"5400","1499","48"
"5401","1499","56"
"5402","1500","22"
"5403","1500","52"
"5404","1500","68"
"5405","1500","13"
"5406","1501","22"
"5407","1501","52"
"5408","1501","68"
"5409","1501","13"
"5410","1502","22"
"5411","1502","52"
"5412","1502","1"
"5413","1502","2"
"5414","1502","68"
"5415","1503","22"
"5416","1503","52"
"5417","1503","68"
"5418","1503","43"
"5419","1504","22"
"5420","1504","52"
"5421","1504","68"
"5422","1504","43"
"5423","1505","22"
"5424","1505","52"
"5425","1505","9"
"5426","1506","22"
"5427","1506","52"
"5428","1506","4"
"5429","1506","8"
"5430","1507","22"
"5431","1507","52"
"5432","1507","2"
"5433","1508","22"
"5434","1508","52"
"5435","1508","23"
"5436","1508","29"
"5437","1509","22"
"5438","1509","52"
"5439","1509","23"
"5440","1509","29"
"5441","1510","22"
"5442","1510","52"
"5443","1510","29"
"5444","1510","24"
"5445","1510","68"
"5446","1510","51"
"5447","1510","26"
"5448","1510","13"
"5449","1510","27"
"5450","1510","15"
"5451","1511","22"
"5452","1511","52"
"5453","1511","23"
"5454","1511","65"
"5455","1511","29"
"5456","1511","24"
"5457","1511","43"
"5458","1511","51"
"5459","1511","56"
"5460","1511","13"
"5461","1511","27"
"5462","1512","22"
"5463","1512","52"
"5464","1512","23"
"5465","1512","65"
"5466","1512","29"
"5467","1512","24"
"5468","1512","43"
"5469","1512","51"
"5470","1512","26"
"5471","1512","56"
"5472","1512","13"
"5473","1512","27"
"5474","1513","22"
"5475","1513","52"
"5476","1513","29"
"5477","1513","24"
"5478","1513","51"
"5479","1513","26"
"5480","1513","50"
"5481","1513","56"
"5482","1513","13"
"5483","1513","27"
"5484","1514","22"
"5485","1514","52"
"5486","1514","23"
"5487","1514","65"
"5488","1514","29"
"5489","1514","24"
"5490","1514","43"
"5491","1514","51"
"5492","1514","26"
"5493","1514","56"
"5494","1514","13"
"5495","1514","27"
"5496","1515","22"
"5497","1515","52"
"5498","1515","23"
"5499","1515","65"
"5500","1515","29"
"5501","1515","24"
"5502","1515","43"
"5503","1515","51"
"5504","1515","26"
"5505","1515","56"
"5506","1515","13"
"5507","1515","27"
"5508","1516","22"
"5509","1516","52"
"5510","1516","23"
"5511","1516","29"
"5512","1516","43"
"5513","1516","51"
"5514","1516","13"
"5515","1516","27"
"5516","1517","22"
"5517","1517","52"
"5518","1517","23"
"5519","1517","29"
"5520","1517","43"
"5521","1517","51"
"5522","1517","56"
"5523","1517","13"
"5524","1517","27"
"5525","1518","22"
"5526","1518","52"
"5527","1518","23"
"5528","1518","65"
"5529","1518","29"
"5530","1518","24"
"5531","1518","43"
"5532","1518","51"
"5533","1518","26"
"5534","1518","56"
"5535","1518","13"
"5536","1518","27"
"5537","1519","22"
"5538","1519","52"
"5539","1519","23"
"5540","1519","29"
"5541","1519","43"
"5542","1519","51"
"5543","1519","13"
"5544","1519","27"
"5545","1520","22"
"5546","1520","52"
"5547","1520","23"
"5548","1520","65"
"5549","1520","29"
"5550","1520","24"
"5551","1520","43"
"5552","1520","51"
"5553","1520","26"
"5554","1520","56"
"5555","1520","13"
"5556","1520","27"
"5557","1521","22"
"5558","1521","52"
"5559","1521","23"
"5560","1521","65"
"5561","1521","29"
"5562","1521","24"
"5563","1521","43"
"5564","1521","51"
"5565","1521","26"
"5566","1521","56"
"5567","1521","13"
"5568","1521","27"
"5569","1522","22"
"5570","1522","52"
"5571","1522","4"
"5572","1522","12"
"5573","1523","22"
"5574","1523","52"
"5575","1523","56"
"5576","1523","16"
"5577","1524","22"
"5578","1524","52"
"5579","1524","8"
"5580","1525","4"
"5581","1525","38"
"5582","1525","87"
"5583","1526","4"
"5584","1526","38"
"5585","1527","4"
"5586","1527","38"
"5587","1528","4"
"5588","1528","38"
"5589","1529","38"
"5590","1529","87"
"5591","1530","4"
"5592","1530","38"
"5593","1531","4"
"5594","1531","38"
"5595","1532","4"
"5596","1532","38"
"5597","1533","4"
"5598","1533","38"
"5599","1534","1"
"5600","1534","4"
"5601","1534","38"
"5602","1534","8"
"5603","1534","7"
"5604","1535","4"
"5605","1535","38"
"5606","1536","4"
"5607","1536","38"
"5608","1537","4"
"5609","1537","38"
"5610","1538","4"
"5611","1538","38"
"5612","1539","38"
"5613","1540","38"
"5614","1541","4"
"5615","1541","38"
"5616","1541","8"
"5617","1541","15"
"5618","1542","38"
"5619","1543","38"
"5620","1544","4"
"5621","1544","38"
"5622","1545","4"
"5623","1545","38"
"5624","1546","4"
"5625","1546","38"
"5626","1547","4"
"5627","1547","38"
"5628","1548","78"
"5629","1548","38"
"5630","1548","29"
"5631","1548","44"
"5632","1548","79"
"5633","1548","13"
"5634","1549","38"
"5635","1550","38"
"5636","1550","6"
"5637","1551","38"
"5638","1551","3"
"5639","1552","38"
"5640","1553","38"
"5641","1554","4"
"5642","1554","38"
"5643","1555","4"
"5644","1555","38"
"5645","1556","4"
"5646","1556","38"
"5647","1557","4"
"5648","1557","38"
"5649","1558","4"
"5650","1558","38"
"5651","1559","38"
"5652","1559","70"
"5653","1559","13"
"5654","1559","3"
"5655","1559","15"
"5656","1559","76"
"5657","1559","96"
"5658","1560","58"
"5659","1560","38"
"5660","1560","44"
"5661","1560","13"
"5662","1560","3"
"5663","1560","76"
"5664","1561","11"
"5665","1561","46"
"5666","1561","38"
"5667","1561","8"
"5668","1561","65"
"5669","1561","13"
"5670","1561","3"
"5671","1561","76"
"5672","1561","96"
"5673","1562","37"
"5674","1562","38"
"5675","1563","37"
"5676","1563","38"
"5677","1563","66"
"5678","1564","37"
"5679","1564","38"
"5680","1564","66"
"5681","1565","37"
"5682","1565","38"
"5683","1565","66"
"5684","1566","37"
"5685","1566","38"
"5686","1566","39"
"5687","1567","38"
"5688","1567","5"
"5689","1567","3"
"5690","1568","11"
"5691","1568","38"
"5692","1568","70"
"5693","1568","15"
"5694","1569","37"
"5695","1569","38"
"5696","1569","8"
"5697","1569","6"
"5698","1570","4"
"5699","1570","38"
"5700","1570","10"
"5701","1571","38"
"5702","1572","38"
"5703","1573","38"
"5704","1573","56"
"5705","1574","38"
"5706","1575","38"
"5707","1576","11"
"5708","1576","38"
"5709","1577","38"
"5710","1577","87"
"5711","1578","11"
"5712","1578","38"
"5713","1579","38"
"5714","1580","108"
"5715","1580","38"
"5716","1580","44"
"5717","1580","109"
"5718","1581","38"
"5719","1581","9"
"5720","1582","38"
"5721","1582","34"
"5722","1583","38"
"5723","1584","38"
"5724","1585","38"
"5725","1586","38"
"5726","1586","7"
"5727","1587","22"
"5728","1587","38"
"5729","1588","1"
"5730","1588","38"
"5731","1588","7"
"5732","1588","15"
"5733","1589","37"
"5734","1589","38"
"5735","1589","65"
"5736","1589","24"
"5737","1589","13"
"5738","1589","67"
"5739","1590","63"
"5740","1590","38"
"5741","1590","34"
"5742","1591","38"
"5743","1592","38"
"5744","1593","38"
"5745","1594","4"
"5746","1594","37"
"5747","1594","38"
"5748","1595","37"
"5749","1595","38"
"5750","1596","4"
"5751","1596","38"
"5752","1596","31"
"5753","1596","87"
"5754","1597","4"
"5755","1597","38"
"5756","1597","10"
"5757","1598","59"
"5758","1598","38"
"5759","1598","60"
"5760","1598","24"
"5761","1598","67"
"5762","1599","38"
"5763","1599","72"
"5764","1599","64"
"5765","1600","4"
"5766","1600","38"
"5767","1600","8"
"5768","1600","7"
"5769","1600","15"
"5770","1601","38"
"5771","1602","38"
"5772","1603","38"
"5773","1604","38"
"5774","1604","56"
"5775","1605","38"
"5776","1605","56"
"5777","1606","38"
"5778","1606","53"
"5779","1606","88"
"5780","1606","39"
"5781","1606","90"
"5782","1607","38"
"5783","1607","8"
"5784","1608","38"
"5785","1608","16"
"5786","1608","27"
"5787","1609","11"
"5788","1609","38"
"5789","1610","38"
"5790","1611","38"
"5791","1612","38"
"5792","1613","38"
"5793","1614","38"
"5794","1614","66"
"5795","1615","63"
"5796","1615","38"
"5797","1615","8"
"5798","1615","44"
"5799","1616","4"
"5800","1616","38"
"5801","1616","66"
"5802","1616","10"
"5803","1617","4"
"5804","1617","38"
"5805","1617","66"
"5806","1617","10"
"5807","1618","4"
"5808","1618","38"
"5809","1618","66"
"5810","1618","10"
"5811","1619","4"
"5812","1619","38"
"5813","1620","38"
"5814","1620","48"
"5815","1620","66"
"5816","1620","13"
"5817","1620","3"
"5818","1620","76"
"5819","1620","67"
"5820","1621","38"
"5821","1621","34"
"5822","1622","38"
"5823","1623","38"
"5824","1623","56"
"5825","1623","6"
"5826","1624","59"
"5827","1624","37"
"5828","1624","38"
"5829","1624","60"
"5830","1624","56"
"5831","1624","66"
"5832","1625","37"
"5833","1625","38"
"5834","1625","56"
"5835","1626","59"
"5836","1626","38"
"5837","1626","60"
"5838","1626","56"
"5839","1626","66"
"5840","1627","38"
"5841","1627","56"
"5842","1627","6"
"5843","1627","66"
"5844","1628","38"
"5845","1628","56"
"5846","1628","6"
"5847","1629","38"
"5848","1629","56"
"5849","1630","38"
"5850","1630","56"
"5851","1630","99"
"5852","1631","37"
"5853","1631","38"
"5854","1632","38"
"5855","1633","38"
"5856","1634","38"
"5857","1635","38"
"5858","1636","38"
"5859","1637","38"
"5860","1638","17"
"5861","1638","38"
"5862","1638","9"
"5863","1639","38"
"5864","1639","56"
"5865","1639","33"
"5866","1640","1"
"5867","1640","38"
"5868","1640","8"
"5869","1640","3"
"5870","1640","15"
"5871","1641","38"
"5872","1641","53"
"5873","1642","11"
"5874","1642","69"
"5875","1642","2"
"5876","1642","38"
"5877","1642","70"
"5878","1642","106"
"5879","1643","38"
"5880","1644","38"
"5881","1645","11"
"5882","1645","38"
"5883","1646","38"
"5884","1646","10"
"5885","1647","4"
"5886","1647","38"
"5887","1648","4"
"5888","1648","38"
"5889","1649","38"
"5890","1649","39"
"5891","1650","11"
"5892","1650","69"
"5893","1650","2"
"5894","1650","38"
"5895","1650","70"
"5896","1651","11"
"5897","1651","69"
"5898","1651","2"
"5899","1651","38"
"5900","1651","70"
"5901","1651","64"
"5902","1652","38"
"5903","1652","13"
"5904","1652","27"
"5905","1652","67"
"5906","1653","38"
"5907","1653","48"
"5908","1653","44"
"5909","1653","66"
"5910","1654","38"
"5911","1654","66"
"5912","1654","16"
"5913","1654","67"
"5914","1655","22"
"5915","1655","38"
"5916","1655","43"
"5917","1655","27"
"5918","1655","74"
"5919","1656","37"
"5920","1656","38"
"5921","1656","24"
"5922","1656","13"
"5923","1656","16"
"5924","1656","93"
"5925","1656","67"
"5926","1657","45"
"5927","1657","46"
"5928","1657","38"
"5929","1657","49"
"5930","1657","61"
"5931","1657","44"
"5932","1657","13"
"5933","1657","3"
"5934","1657","76"
"5935","1657","96"
"5936","1658","22"
"5937","1658","38"
"5938","1658","13"
"5939","1658","27"
"5940","1658","67"
"5941","1659","22"
"5942","1659","52"
"5943","1659","38"
"5944","1659","23"
"5945","1659","61"
"5946","1659","13"
"5947","1659","100"
"5948","1659","27"
"5949","1659","93"
"5950","1659","67"
"5951","1660","38"
"5952","1660","24"
"5953","1660","26"
"5954","1660","16"
"5955","1660","27"
"5956","1660","93"
"5957","1660","67"
"5958","1661","38"
"5959","1661","48"
"5960","1661","13"
"5961","1661","16"
"5962","1661","27"
"5963","1661","15"
"5964","1661","76"
"5965","1661","67"
"5966","1662","38"
"5967","1662","67"
"5968","1662","33"
"5969","1663","38"
"5970","1663","70"
"5971","1663","13"
"5972","1663","16"
"5973","1663","27"
"5974","1663","15"
"5975","1663","76"
"5976","1663","67"
"5977","1664","38"
"5978","1664","48"
"5979","1664","29"
"5980","1664","24"
"5981","1664","13"
"5982","1665","46"
"5983","1665","38"
"5984","1665","44"
"5985","1665","79"
"5986","1665","13"
"5987","1665","91"
"5988","1665","80"
"5989","1665","81"
"5990","1666","38"
"5991","1666","33"
"5992","1667","22"
"5993","1667","52"
"5994","1667","38"
"5995","1668","22"
"5996","1668","38"
"5997","1668","67"
"5998","1669","38"
"5999","1670","38"
"6000","1671","38"
"6001","1672","38"
"6002","1673","38"
"6003","1674","38"
"6004","1674","8"
"6005","1674","3"
"6006","1675","11"
"6007","1675","38"
"6008","1675","8"
"6009","1675","34"
"6010","1675","3"
"6011","1676","38"
"6012","1676","7"
"6013","1677","38"
"6014","1677","85"
"6015","1677","88"
"6016","1677","39"
"6017","1678","38"
"6018","1678","13"
"6019","1678","27"
"6020","1678","15"
"6021","1678","98"
"6022","1679","38"
"6023","1679","98"
"6024","1680","4"
"6025","1680","38"
"6026","1681","4"
"6027","1681","38"
"6028","1682","38"
"6029","1682","3"
"6030","1682","76"
"6031","1682","96"
"6032","1683","22"
"6033","1683","38"
"6034","1683","23"
"6035","1683","61"
"6036","1683","100"
"6037","1683","39"
"6038","1684","38"
"6039","1684","109"
"6040","1685","38"
"6041","1686","11"
"6042","1687","11"
"6043","1688","11"
"6044","1689","11"
"6045","1690","11"
"6046","1690","1"
"6047","1690","8"
"6048","1690","34"
"6049","1690","15"
"6050","1691","11"
"6051","1691","48"
"6052","1692","11"
"6053","1692","48"
"6054","1693","11"
"6055","1693","109"
"6056","1694","11"
"6057","1694","4"
"6058","1694","15"
"6059","1695","11"
"6060","1695","24"
"6061","1695","13"
"6062","1695","3"
"6063","1695","15"
"6064","1696","11"
"6065","1696","24"
"6066","1696","13"
"6067","1696","3"
"6068","1696","15"
"6069","1697","11"
"6070","1697","24"
"6071","1697","13"
"6072","1697","3"
"6073","1697","15"
"6074","1698","11"
"6075","1698","24"
"6076","1698","13"
"6077","1698","3"
"6078","1698","15"
"6079","1699","11"
"6080","1699","24"
"6081","1699","13"
"6082","1699","3"
"6083","1699","15"
"6084","1700","11"
"6085","1700","24"
"6086","1700","13"
"6087","1700","3"
"6088","1700","15"
"6089","1701","11"
"6090","1701","7"
"6091","1702","11"
"6092","1702","7"
"6093","1703","11"
"6094","1704","11"
"6095","1705","11"
"6096","1706","11"
"6097","1707","11"
"6098","1707","1"
"6099","1707","8"
"6100","1707","15"
"6101","1708","11"
"6102","1708","7"
"6103","1709","11"
"6104","1709","7"
"6105","1710","11"
"6106","1710","7"
"6107","1711","11"
"6108","1711","7"
"6109","1712","11"
"6110","1712","20"
"6111","1713","11"
"6112","1713","20"
"6113","1714","11"
"6114","1714","20"
"6115","1715","11"
"6116","1715","20"
"6117","1716","11"
"6118","1717","11"
"6119","1718","11"
"6120","1719","11"
"6121","1720","11"
"6122","1720","45"
"6123","1720","12"
"6124","1720","48"
"6125","1720","19"
"6126","1720","110"
"6127","1720","86"
"6128","1720","13"
"6129","1720","3"
"6130","1720","76"
"6131","1720","21"
"6132","1720","96"
"6133","1721","11"
"6134","1721","45"
"6135","1721","12"
"6136","1721","48"
"6137","1721","19"
"6138","1721","13"
"6139","1721","3"
"6140","1721","76"
"6141","1721","21"
"6142","1721","96"
"6143","1722","11"
"6144","1722","45"
"6145","1722","12"
"6146","1722","48"
"6147","1722","19"
"6148","1722","13"
"6149","1722","3"
"6150","1722","76"
"6151","1722","21"
"6152","1722","96"
"6153","1723","11"
"6154","1723","45"
"6155","1723","19"
"6156","1723","13"
"6157","1723","39"
"6158","1723","3"
"6159","1723","15"
"6160","1723","76"
"6161","1723","21"
"6162","1723","96"
"6163","1724","11"
"6164","1724","45"
"6165","1724","19"
"6166","1724","13"
"6167","1724","39"
"6168","1724","3"
"6169","1724","15"
"6170","1724","76"
"6171","1724","21"
"6172","1724","96"
"6173","1725","58"
"6174","1725","54"
"6175","1725","11"
"6176","1725","44"
"6177","1725","13"
"6178","1725","39"
"6179","1725","3"
"6180","1726","11"
"6181","1726","4"
"6182","1726","39"
"6183","1727","11"
"6184","1727","4"
"6185","1727","39"
"6186","1728","11"
"6187","1728","4"
"6188","1728","39"
"6189","1729","11"
"6190","1729","4"
"6191","1729","39"
"6192","1730","11"
"6193","1730","4"
"6194","1730","2"
"6195","1730","56"
"6196","1730","3"
"6197","1731","11"
"6198","1731","4"
"6199","1731","2"
"6200","1731","56"
"6201","1731","3"
"6202","1732","11"
"6203","1732","4"
"6204","1732","2"
"6205","1732","56"
"6206","1732","3"
"6207","1733","11"
"6208","1733","4"
"6209","1733","2"
"6210","1733","56"
"6211","1733","3"
"6212","1734","11"
"6213","1734","14"
"6214","1734","20"
"6215","1734","3"
"6216","1735","11"
"6217","1735","14"
"6218","1735","20"
"6219","1735","3"
"6220","1736","11"
"6221","1736","14"
"6222","1736","20"
"6223","1736","3"
"6224","1737","11"
"6225","1737","4"
"6226","1737","6"
"6227","1738","11"
"6228","1738","4"
"6229","1738","6"
"6230","1739","11"
"6231","1739","8"
"6232","1739","10"
"6233","1739","15"
"6234","1740","11"
"6235","1740","8"
"6236","1740","10"
"6237","1740","15"
"6238","1741","11"
"6239","1742","11"
"6240","1743","11"
"6241","1744","22"
"6242","1744","11"
"6243","1744","30"
"6244","1744","43"
"6245","1744","13"
"6246","1744","74"
"6247","1745","22"
"6248","1745","11"
"6249","1745","30"
"6250","1745","43"
"6251","1745","13"
"6252","1745","74"
"6253","1746","22"
"6254","1746","11"
"6255","1746","30"
"6256","1746","43"
"6257","1746","13"
"6258","1746","74"
"6259","1747","11"
"6260","1748","11"
"6261","1749","11"
"6262","1750","11"
"6263","1751","11"
"6264","1751","31"
"6265","1751","76"
"6266","1752","11"
"6267","1752","31"
"6268","1752","76"
"6269","1753","11"
"6270","1753","31"
"6271","1753","76"
"6272","1754","11"
"6273","1754","31"
"6274","1754","76"
"6275","1755","11"
"6276","1756","11"
"6277","1757","11"
"6278","1758","11"
"6279","1759","11"
"6280","1760","11"
"6281","1760","69"
"6282","1761","11"
"6283","1761","69"
"6284","1762","11"
"6285","1762","69"
"6286","1763","11"
"6287","1763","69"
"6288","1764","11"
"6289","1764","69"
"6290","1765","11"
"6291","1766","11"
"6292","1767","11"
"6293","1767","4"
"6294","1767","8"
"6295","1767","7"
"6296","1767","39"
"6297","1767","15"
"6298","1768","11"
"6299","1768","4"
"6300","1768","8"
"6301","1768","7"
"6302","1768","39"
"6303","1768","15"
"6304","1769","11"
"6305","1769","4"
"6306","1769","8"
"6307","1769","7"
"6308","1769","39"
"6309","1769","15"
"6310","1770","11"
"6311","1770","4"
"6312","1770","8"
"6313","1770","7"
"6314","1770","39"
"6315","1770","15"
"6316","1771","11"
"6317","1771","4"
"6318","1771","8"
"6319","1771","7"
"6320","1771","39"
"6321","1771","15"
"6322","1772","11"
"6323","1772","4"
"6324","1772","8"
"6325","1772","7"
"6326","1772","39"
"6327","1772","15"
"6328","1773","11"
"6329","1773","63"
"6330","1773","4"
"6331","1773","69"
"6332","1773","70"
"6333","1773","111"
"6334","1774","11"
"6335","1774","63"
"6336","1774","4"
"6337","1774","69"
"6338","1774","70"
"6339","1774","111"
"6340","1775","11"
"6341","1775","63"
"6342","1775","4"
"6343","1775","69"
"6344","1775","70"
"6345","1775","111"
"6346","1776","11"
"6347","1776","63"
"6348","1776","4"
"6349","1776","69"
"6350","1776","70"
"6351","1776","111"
"6352","1777","11"
"6353","1777","4"
"6354","1777","69"
"6355","1777","34"
"6356","1778","11"
"6357","1778","4"
"6358","1778","69"
"6359","1778","34"
"6360","1779","11"
"6361","1779","4"
"6362","1779","69"
"6363","1779","34"
"6364","1780","11"
"6365","1780","4"
"6366","1780","69"
"6367","1780","34"
"6368","1781","11"
"6369","1781","4"
"6370","1781","69"
"6371","1781","34"
"6372","1782","11"
"6373","1782","62"
"6374","1782","34"
"6375","1782","15"
"6376","1783","11"
"6377","1783","62"
"6378","1783","34"
"6379","1783","15"
"6380","1784","11"
"6381","1784","62"
"6382","1784","34"
"6383","1784","15"
"6384","1785","11"
"6385","1785","62"
"6386","1785","34"
"6387","1785","15"
"6388","1786","11"
"6389","1786","62"
"6390","1786","34"
"6391","1786","15"
"6392","1787","11"
"6393","1787","63"
"6394","1787","2"
"6395","1787","8"
"6396","1788","11"
"6397","1788","63"
"6398","1788","2"
"6399","1788","8"
"6400","1789","11"
"6401","1789","63"
"6402","1789","2"
"6403","1789","8"
"6404","1790","11"
"6405","1790","2"
"6406","1790","8"
"6407","1790","19"
"6408","1790","15"
"6409","1791","11"
"6410","1791","2"
"6411","1791","8"
"6412","1791","19"
"6413","1791","15"
"6414","1792","11"
"6415","1792","2"
"6416","1792","8"
"6417","1792","19"
"6418","1792","15"
"6419","1793","11"
"6420","1793","2"
"6421","1793","8"
"6422","1793","19"
"6423","1793","15"
"6424","1794","11"
"6425","1794","2"
"6426","1794","8"
"6427","1794","19"
"6428","1794","15"
"6429","1795","11"
"6430","1795","8"
"6431","1796","11"
"6432","1796","8"
"6433","1797","11"
"6434","1797","4"
"6435","1797","3"
"6436","1798","11"
"6437","1798","4"
"6438","1798","3"
"6439","1799","11"
"6440","1799","4"
"6441","1799","3"
"6442","1800","11"
"6443","1800","4"
"6444","1800","3"
"6445","1801","11"
"6446","1801","4"
"6447","1801","3"
"6448","1802","11"
"6449","1802","56"
"6450","1802","66"
"6451","1803","11"
"6452","1803","56"
"6453","1803","66"
"6454","1804","11"
"6455","1804","56"
"6456","1804","66"
"6457","1805","11"
"6458","1805","56"
"6459","1805","66"
"6460","1806","11"
"6461","1806","38"
"6462","1806","19"
"6463","1806","3"
"6464","1807","11"
"6465","1807","1"
"6466","1807","13"
"6467","1807","67"
"6468","1808","11"
"6469","1808","1"
"6470","1808","13"
"6471","1808","67"
"6472","1809","11"
"6473","1809","1"
"6474","1809","13"
"6475","1809","67"
"6476","1810","11"
"6477","1810","1"
"6478","1810","13"
"6479","1810","67"
"6480","1811","11"
"6481","1811","1"
"6482","1811","13"
"6483","1811","67"
"6484","1812","11"
"6485","1812","69"
"6486","1812","34"
"6487","1813","11"
"6488","1813","69"
"6489","1813","34"
"6490","1814","11"
"6491","1814","69"
"6492","1814","34"
"6493","1815","11"
"6494","1815","69"
"6495","1815","34"
"6496","1816","11"
"6497","1816","69"
"6498","1816","34"
"6499","1817","11"
"6500","1818","11"
"6501","1818","1"
"6502","1818","8"
"6503","1818","31"
"6504","1818","15"
"6505","1819","11"
"6506","1819","1"
"6507","1819","8"
"6508","1819","31"
"6509","1819","15"
"6510","1820","11"
"6511","1820","4"
"6512","1820","2"
"6513","1820","39"
"6514","1820","3"
"6515","1820","32"
"6516","1821","11"
"6517","1821","4"
"6518","1821","2"
"6519","1821","39"
"6520","1821","3"
"6521","1821","32"
"6522","1822","11"
"6523","1822","4"
"6524","1822","2"
"6525","1822","39"
"6526","1822","3"
"6527","1822","32"
"6528","1823","11"
"6529","1823","4"
"6530","1823","2"
"6531","1823","39"
"6532","1823","3"
"6533","1823","32"
"6534","1824","11"
"6535","1824","4"
"6536","1824","2"
"6537","1824","39"
"6538","1824","3"
"6539","1824","32"
"6540","1825","11"
"6541","1826","11"
"6542","1827","11"
"6543","1828","11"
"6544","1829","11"
"6545","1830","11"
"6546","1831","11"
"6547","1832","11"
"6548","1833","11"
"6549","1834","11"
"6550","1835","11"
"6551","1835","7"
"6552","1835","15"
"6553","1836","11"
"6554","1836","7"
"6555","1836","15"
"6556","1837","11"
"6557","1837","1"
"6558","1837","15"
"6559","1838","11"
"6560","1838","1"
"6561","1838","15"
"6562","1839","11"
"6563","1839","1"
"6564","1839","15"
"6565","1840","11"
"6566","1840","1"
"6567","1840","15"
"6568","1841","11"
"6569","1841","1"
"6570","1842","11"
"6571","1843","11"
"6572","1844","11"
"6573","1845","11"
"6574","1846","11"
"6575","1846","7"
"6576","1847","11"
"6577","1847","7"
"6578","1848","11"
"6579","1848","7"
"6580","1849","11"
"6581","1849","7"
"6582","1850","11"
"6583","1850","4"
"6584","1850","2"
"6585","1851","11"
"6586","1851","4"
"6587","1851","2"
"6588","1852","11"
"6589","1853","11"
"6590","1854","11"
"6591","1854","85"
"6592","1854","7"
"6593","1854","34"
"6594","1855","11"
"6595","1855","85"
"6596","1855","7"
"6597","1855","34"
"6598","1856","11"
"6599","1856","85"
"6600","1856","7"
"6601","1856","34"
"6602","1857","11"
"6603","1857","85"
"6604","1857","7"
"6605","1857","34"
"6606","1858","11"
"6607","1858","19"
"6608","1858","34"
"6609","1858","15"
"6610","1859","22"
"6611","1859","11"
"6612","1859","42"
"6613","1859","30"
"6614","1859","43"
"6615","1859","13"
"6616","1860","22"
"6617","1860","11"
"6618","1860","42"
"6619","1860","30"
"6620","1860","43"
"6621","1860","13"
"6622","1861","11"
"6623","1861","38"
"6624","1861","6"
"6625","1861","66"
"6626","1862","11"
"6627","1863","11"
"6628","1864","11"
"6629","1865","11"
"6630","1866","11"
"6631","1867","11"
"6632","1868","11"
"6633","1869","11"
"6634","1870","11"
"6635","1871","11"
"6636","1872","11"
"6637","1872","1"
"6638","1872","8"
"6639","1872","31"
"6640","1873","11"
"6641","1873","1"
"6642","1873","8"
"6643","1873","31"
"6644","1874","11"
"6645","1874","1"
"6646","1874","8"
"6647","1874","31"
"6648","1875","11"
"6649","1875","1"
"6650","1875","8"
"6651","1875","31"
"6652","1876","11"
"6653","1876","1"
"6654","1876","8"
"6655","1876","31"
"6656","1877","11"
"6657","1877","7"
"6658","1877","34"
"6659","1878","11"
"6660","1878","7"
"6661","1878","34"
"6662","1879","11"
"6663","1879","7"
"6664","1879","34"
"6665","1880","11"
"6666","1880","7"
"6667","1880","34"
"6668","1881","11"
"6669","1881","7"
"6670","1881","34"
"6671","1882","11"
"6672","1882","1"
"6673","1882","69"
"6674","1882","19"
"6675","1882","62"
"6676","1882","34"
"6677","1882","15"
"6678","1883","11"
"6679","1883","1"
"6680","1883","69"
"6681","1883","19"
"6682","1883","62"
"6683","1883","34"
"6684","1883","15"
"6685","1884","11"
"6686","1884","1"
"6687","1884","69"
"6688","1884","19"
"6689","1884","62"
"6690","1884","34"
"6691","1884","15"
"6692","1885","11"
"6693","1885","66"
"6694","1886","11"
"6695","1886","66"
"6696","1887","11"
"6697","1887","4"
"6698","1888","11"
"6699","1888","4"
"6700","1889","11"
"6701","1889","4"
"6702","1890","11"
"6703","1890","59"
"6704","1890","60"
"6705","1890","24"
"6706","1890","15"
"6707","1891","22"
"6708","1891","11"
"6709","1891","52"
"6710","1891","23"
"6711","1891","65"
"6712","1891","43"
"6713","1891","13"
"6714","1891","90"
"6715","1891","74"
"6716","1892","22"
"6717","1892","11"
"6718","1892","52"
"6719","1892","23"
"6720","1892","65"
"6721","1892","43"
"6722","1892","13"
"6723","1892","90"
"6724","1892","74"
"6725","1893","22"
"6726","1893","11"
"6727","1893","52"
"6728","1893","23"
"6729","1893","65"
"6730","1893","43"
"6731","1893","13"
"6732","1893","90"
"6733","1893","74"
"6734","1894","22"
"6735","1894","11"
"6736","1894","52"
"6737","1894","23"
"6738","1894","65"
"6739","1894","43"
"6740","1894","13"
"6741","1894","90"
"6742","1894","74"
"6743","1895","11"
"6744","1895","69"
"6745","1895","29"
"6746","1895","61"
"6747","1895","30"
"6748","1895","70"
"6749","1895","111"
"6750","1895","16"
"6751","1895","84"
"6752","1895","67"
"6753","1896","11"
"6754","1896","29"
"6755","1896","30"
"6756","1896","13"
"6757","1896","3"
"6758","1897","11"
"6759","1897","29"
"6760","1897","30"
"6761","1897","13"
"6762","1897","3"
"6763","1898","11"
"6764","1898","29"
"6765","1898","30"
"6766","1898","13"
"6767","1898","3"
"6768","1899","11"
"6769","1899","29"
"6770","1899","30"
"6771","1899","13"
"6772","1899","3"
"6773","1900","11"
"6774","1900","45"
"6775","1900","61"
"6776","1900","30"
"6777","1900","13"
"6778","1900","39"
"6779","1900","76"
"6780","1900","96"
"6781","1901","11"
"6782","1901","45"
"6783","1901","61"
"6784","1901","30"
"6785","1901","13"
"6786","1901","39"
"6787","1901","76"
"6788","1901","96"
"6789","1902","11"
"6790","1902","45"
"6791","1902","61"
"6792","1902","30"
"6793","1902","13"
"6794","1902","39"
"6795","1902","76"
"6796","1902","96"
"6797","1903","11"
"6798","1903","16"
"6799","1903","67"
"6800","1904","11"
"6801","1904","16"
"6802","1904","67"
"6803","1905","11"
"6804","1905","16"
"6805","1905","67"
"6806","1906","11"
"6807","1906","16"
"6808","1906","67"
"6809","1907","58"
"6810","1907","11"
"6811","1907","42"
"6812","1907","29"
"6813","1907","30"
"6814","1907","13"
"6815","1907","16"
"6816","1907","3"
"6817","1907","67"
"6818","1908","58"
"6819","1908","11"
"6820","1908","42"
"6821","1908","29"
"6822","1908","30"
"6823","1908","13"
"6824","1908","16"
"6825","1908","3"
"6826","1908","67"
"6827","1909","58"
"6828","1909","11"
"6829","1909","42"
"6830","1909","29"
"6831","1909","30"
"6832","1909","13"
"6833","1909","16"
"6834","1909","3"
"6835","1909","67"
"6836","1910","58"
"6837","1910","11"
"6838","1910","42"
"6839","1910","29"
"6840","1910","30"
"6841","1910","13"
"6842","1910","16"
"6843","1910","3"
"6844","1910","67"
"6845","1911","58"
"6846","1911","11"
"6847","1911","42"
"6848","1911","29"
"6849","1911","30"
"6850","1911","13"
"6851","1911","16"
"6852","1911","3"
"6853","1911","67"
"6854","1912","22"
"6855","1912","11"
"6856","1912","52"
"6857","1912","41"
"6858","1912","23"
"6859","1912","48"
"6860","1912","29"
"6861","1912","30"
"6862","1912","43"
"6863","1912","13"
"6864","1912","3"
"6865","1912","74"
"6866","1913","22"
"6867","1913","11"
"6868","1913","52"
"6869","1913","41"
"6870","1913","23"
"6871","1913","48"
"6872","1913","29"
"6873","1913","30"
"6874","1913","43"
"6875","1913","13"
"6876","1913","3"
"6877","1913","74"
"6878","1914","11"
"6879","1915","11"
"6880","1916","11"
"6881","1917","11"
"6882","1918","11"
"6883","1918","4"
"6884","1918","2"
"6885","1918","39"
"6886","1918","15"
"6887","1919","11"
"6888","1919","4"
"6889","1919","2"
"6890","1919","39"
"6891","1919","15"
"6892","1920","11"
"6893","1920","3"
"6894","1921","11"
"6895","1921","3"
"6896","1922","11"
"6897","1922","3"
"6898","1923","11"
"6899","1923","3"
"6900","1924","11"
"6901","1924","3"
"6902","1925","11"
"6903","1926","11"
"6904","1927","11"
"6905","1928","11"
"6906","1928","42"
"6907","1928","16"
"6908","1929","11"
"6909","1929","29"
"6910","1929","30"
"6911","1929","13"
"6912","1929","3"
"6913","1930","22"
"6914","1930","11"
"6915","1930","42"
"6916","1930","30"
"6917","1930","43"
"6918","1930","13"
"6919","1931","11"
"6920","1931","38"
"6921","1931","6"
"6922","1931","66"
"6923","1932","11"
"6924","1932","59"
"6925","1932","38"
"6926","1932","60"
"6927","1932","24"
"6928","1932","6"
"6929","1932","66"
"6930","1933","11"
"6931","1933","38"
"6932","1933","68"
"6933","1933","19"
"6934","1933","56"
"6935","1933","6"
"6936","1933","15"
"6937","1934","11"
"6938","1934","38"
"6939","1934","68"
"6940","1934","19"
"6941","1934","56"
"6942","1934","6"
"6943","1934","15"
"6944","1935","11"
"6945","1935","56"
"6946","1935","6"
"6947","1936","11"
"6948","1936","56"
"6949","1936","6"
"6950","1936","3"
"6951","1937","11"
"6952","1937","56"
"6953","1937","6"
"6954","1937","3"
"6955","1938","11"
"6956","1938","56"
"6957","1938","6"
"6958","1938","3"
"6959","1939","11"
"6960","1939","56"
"6961","1939","6"
"6962","1939","3"
"6963","1940","11"
"6964","1940","66"
"6965","1941","11"
"6966","1942","11"
"6967","1943","11"
"6968","1944","11"
"6969","1945","11"
"6970","1946","11"
"6971","1947","11"
"6972","1947","4"
"6973","1947","69"
"6974","1948","11"
"6975","1948","4"
"6976","1948","69"
"6977","1949","11"
"6978","1949","4"
"6979","1949","69"
"6980","1950","11"
"6981","1950","37"
"6982","1950","6"
"6983","1950","3"
"6984","1951","11"
"6985","1951","37"
"6986","1951","6"
"6987","1951","3"
"6988","1952","11"
"6989","1952","37"
"6990","1952","6"
"6991","1952","3"
"6992","1953","11"
"6993","1953","37"
"6994","1953","6"
"6995","1953","3"
"6996","1954","11"
"6997","1955","11"
"6998","1956","11"
"6999","1957","11"
"7000","1958","11"
"7001","1958","29"
"7002","1958","61"
"7003","1958","30"
"7004","1959","11"
"7005","1959","29"
"7006","1959","61"
"7007","1959","30"
"7008","1960","11"
"7009","1960","29"
"7010","1960","61"
"7011","1960","30"
"7012","1961","11"
"7013","1962","11"
"7014","1963","11"
"7015","1964","11"
"7016","1965","11"
"7017","1965","19"
"7018","1965","15"
"7019","1966","11"
"7020","1967","11"
"7021","1968","11"
"7022","1969","11"
"7023","1969","1"
"7024","1969","4"
"7025","1969","24"
"7026","1969","13"
"7027","1969","3"
"7028","1969","15"
"7029","1969","76"
"7030","1970","11"
"7031","1970","1"
"7032","1970","4"
"7033","1970","24"
"7034","1970","13"
"7035","1970","3"
"7036","1970","15"
"7037","1970","76"
"7038","1971","11"
"7039","1971","1"
"7040","1971","4"
"7041","1971","24"
"7042","1971","13"
"7043","1971","3"
"7044","1971","15"
"7045","1971","76"
"7046","1972","11"
"7047","1972","1"
"7048","1972","4"
"7049","1972","24"
"7050","1972","13"
"7051","1972","3"
"7052","1972","15"
"7053","1972","76"
"7054","1973","11"
"7055","1973","1"
"7056","1973","4"
"7057","1973","24"
"7058","1973","13"
"7059","1973","3"
"7060","1973","15"
"7061","1973","76"
"7062","1974","11"
"7063","1974","1"
"7064","1974","4"
"7065","1974","24"
"7066","1974","13"
"7067","1974","3"
"7068","1974","15"
"7069","1974","76"
"7070","1975","11"
"7071","1975","69"
"7072","1975","72"
"7073","1975","70"
"7074","1975","34"
"7075","1975","111"
"7076","1976","11"
"7077","1976","69"
"7078","1976","72"
"7079","1976","70"
"7080","1976","34"
"7081","1976","111"
"7082","1977","11"
"7083","1977","69"
"7084","1977","72"
"7085","1977","70"
"7086","1977","34"
"7087","1977","111"
"7088","1978","11"
"7089","1978","69"
"7090","1978","72"
"7091","1978","70"
"7092","1978","34"
"7093","1978","111"
"7094","1979","11"
"7095","1979","69"
"7096","1979","72"
"7097","1979","70"
"7098","1979","34"
"7099","1979","111"
"7100","1983","11"
"7101","1983","2"
"7102","1983","72"
"7103","1983","64"
"7104","1984","15"
"7105","1985","38"
"7106","1985","66"
"7107","1986","34"
"7108","1987","34"
"7109","1990","4"
"7110","1990","8"
"7111","1991","66"
"7112","1992","66"
"7113","1993","45"
"7114","1993","13"
"7115","1993","3"
"7116","1994","43"
"7117","1995","22"
"7118","1995","59"
"7119","1995","60"
"7120","1995","24"
"7121","1995","26"
"7122","1995","56"
"7123","1995","16"
"7124","1995","3"
"7125","1997","11"
"7126","2000","22"
"7127","2000","11"
"7128","2000","52"
"7129","2000","69"
"7130","2000","23"
"7131","2000","14"
"7132","2000","3"
"7133","2000","40"
"7134","2001","58"
"7135","2001","1"
"7136","2001","13"
"7137","2001","3"
"7138","2001","67"
"7139","2002","66"
"7140","2003","13"
"7141","2003","3"
"7142","2004","1"
"7143","2004","4"
"7144","2004","24"
"7145","2004","13"
"7146","2004","15"
"7147","2005","94"
"7148","2005","78"
"7149","2005","13"
"7150","2006","94"
"7151","2006","78"
"7152","2006","13"
"7153","2007","94"
"7154","2007","13"
"7155","2008","94"
"7156","2008","13"
"7157","2010","4"
"7158","2010","44"
"7159","2010","13"
"7160","2011","4"
"7161","2011","44"
"7162","2011","13"
"7163","2012","4"
"7164","2012","44"
"7165","2012","13"
"7166","2013","4"
"7167","2013","44"
"7168","2013","13"
"7169","2014","4"
"7170","2014","44"
"7171","2014","13"
"7172","2015","4"
"7173","2015","44"
"7174","2015","13"
"7175","2016","4"
"7176","2016","44"
"7177","2016","13"
"7178","2017","4"
"7179","2017","44"
"7180","2017","13"
"7181","2018","4"
"7182","2018","44"
"7183","2018","13"
"7184","2019","4"
"7185","2019","44"
"7186","2019","13"
"7187","2020","4"
"7188","2020","44"
"7189","2020","13"
"7190","2021","4"
"7191","2021","44"
"7192","2021","13"
"7193","2022","4"
"7194","2022","44"
"7195","2022","13"
"7196","2023","22"
"7197","2023","23"
"7198","2023","44"
"7199","2024","44"
"7200","2025","22"
"7201","2025","23"
"7202","2025","44"
"7203","2026","4"
"7204","2026","44"
"7205","2026","13"
"7206","2027","13"
"7207","2028","4"
"7208","2028","44"
"7209","2028","13"
"7210","2029","13"
"7211","2030","66"
"7212","2033","4"
"7213","2033","6"
"7214","2033","13"
"7215","2033","67"
"7216","2034","78"
"7217","2034","44"
"7218","2034","13"
"7219","2035","22"
"7220","2035","52"
"7221","2035","23"
"7222","2035","85"
"7223","2036","54"
"7224","2036","85"
"7225","2040","68"
"7226","2041","68"
"7227","2042","22"
"7228","2042","1"
"7229","2042","8"
"7230","2042","15"
"7231","2043","22"
"7232","2043","8"
"7233","2044","22"
"7234","2044","8"
"7235","2045","22"
"7236","2045","52"
"7237","2045","12"
"7238","2045","8"
"7239","2045","76"
"7240","2048","97"
"7241","2048","34"
"7242","2048","3"
"7243","2048","15"
"7244","2049","2"
"7245","2049","34"
"7246","2049","3"
"7247","2050","2"
"7248","2050","34"
"7249","2050","3"
"7250","2052","11"
"7251","2052","5"
"7252","2052","7"
"7253","2053","11"
"7254","2053","8"
"7255","2053","32"
"7256","2054","22"
"7257","2054","52"
"7258","2055","22"
"7259","2055","52"
"7260","2067","57"
"7261","2068","57"
"7262","2069","57"
"7263","2071","11"
"7264","2071","14"
"7265","2071","44"
"7266","2071","7"
"7267","2072","78"
"7268","2072","2"
"7269","2073","11"
"7270","2073","2"
"7271","2073","8"
"7272","2073","3"
"7273","2075","8"
"7274","2075","15"
"7275","2076","4"
"7276","2076","34"
"7277","2077","4"
"7278","2077","34"
"7279","2078","4"
"7280","2078","34"
"7281","2079","4"
"7282","2080","4"
"7283","2081","4"
"7284","2082","4"
"7285","2083","4"
"7286","2091","8"
"7287","2092","31"
"7288","2093","8"
"7289","2093","7"
"7290","2094","8"
"7291","2095","45"
"7292","2095","48"
"7293","2095","13"
"7294","2095","3"
"7295","2095","96"
"7296","2096","13"
"7297","2096","3"
"7298","2096","96"
"7299","2097","45"
"7300","2097","46"
"7301","2097","85"
"7302","2097","61"
"7303","2097","19"
"7304","2097","13"
"7305","2097","3"
"7306","2097","76"
"7307","2097","21"
"7308","2097","96"
"7309","2098","56"
"7310","2098","34"
"7311","2098","13"
"7312","2098","3"
"7313","2098","21"
"7314","2099","22"
"7315","2099","8"
"7316","2099","23"
"7317","2099","13"
"7318","2099","3"
"7319","2099","96"
"7320","2100","13"
"7321","2100","3"
"7322","2101","58"
"7323","2101","13"
"7324","2101","3"
"7325","2102","44"
"7326","2102","13"
"7327","2102","3"
"7328","2103","13"
"7329","2103","3"
"7330","2104","58"
"7331","2104","13"
"7332","2104","3"
"7333","2105","13"
"7334","2105","3"
"7335","2107","48"
"7336","2107","15"
"7337","2108","22"
"7338","2108","11"
"7339","2108","52"
"7340","2108","69"
"7341","2108","23"
"7342","2108","36"
"7343","2108","7"
"7344","2108","34"
"7345","2108","64"
"7346","2109","11"
"7347","2109","45"
"7348","2109","1"
"7349","2109","12"
"7350","2109","69"
"7351","2109","42"
"7352","2109","29"
"7353","2109","24"
"7354","2109","19"
"7355","2109","105"
"7356","2109","13"
"7357","2109","3"
"7358","2109","15"
"7359","2109","76"
"7360","2109","21"
"7361","2109","74"
"7362","2109","67"
"7363","2109","64"
"7364","2109","96"
"7365","2110","11"
"7366","2110","69"
"7367","2110","14"
"7368","2110","70"
"7369","2110","34"
"7370","2110","15"
"7371","2110","40"
"7372","2110","64"
"7373","2111","11"
"7374","2111","7"
"7375","2111","70"
"7376","2111","84"
"7377","2111","3"
"7378","2112","14"
"7379","2113","11"
"7380","2113","69"
"7381","2113","70"
"7382","2113","84"
"7383","2113","3"
"7384","2113","64"
"7385","2114","11"
"7386","2115","22"
"7387","2115","23"
"7388","2115","31"
"7389","2115","34"
"7390","2117","11"
"7391","2117","8"
"7392","2117","39"
"7393","2118","51"
"7394","2118","31"
"7395","2118","13"
"7396","2118","67"
"7397","2119","94"
"7398","2119","66"
"7399","2119","90"
"7400","2120","4"
"7401","2121","2"
"7402","2121","44"
"7403","2122","22"
"7404","2122","52"
"7405","2122","37"
"7406","2122","23"
"7407","2122","72"
"7408","2122","13"
"7409","2122","39"
"7410","2122","74"
"7411","2123","58"
"7412","2123","44"
"7413","2124","51"
"7414","2125","2"
"7415","2125","44"
"7416","2126","46"
"7417","2126","44"
"7418","2127","44"
"7419","2127","34"
"7420","2130","63"
"7421","2137","22"
"7422","2137","23"
"7423","2138","22"
"7424","2138","23"
"7425","2139","22"
"7426","2139","23"
"7427","2140","22"
"7428","2140","23"
"7429","2141","63"
"7430","2142","39"
"7431","2144","63"
"7432","2146","11"
"7433","2147","63"
"7434","2148","85"
"7435","2149","63"
"7436","2150","63"
"7437","2151","8"
"7438","2152","8"
"7439","2153","22"
"7440","2153","23"
"7441","2157","22"
"7442","2157","63"
"7443","2157","2"
"7444","2157","62"
"7445","2157","34"
"7446","2157","15"
"7447","2157","76"
"7448","2157","64"
"7449","2161","31"
"7450","2162","43"
"7451","2162","44"
"7452","2162","13"
"7453","2163","44"
"7454","2163","34"
"7455","2165","63"
"7456","2165","34"
"7457","2165","76"
"7458","2165","64"
"7459","2166","22"
"7460","2166","52"
"7461","2166","63"
"7462","2166","2"
"7463","2166","5"
"7464","2166","8"
"7465","2166","23"
"7466","2166","13"
"7467","2166","3"
"7468","2167","1"
"7469","2167","57"
"7470","2167","39"
"7471","2167","10"
"7472","2168","11"
"7473","2168","63"
"7474","2168","8"
"7475","2169","11"
"7476","2169","63"
"7477","2169","8"
"7478","2170","11"
"7479","2171","11"
"7480","2171","4"
"7481","2171","8"
"7482","2172","11"
"7483","2173","11"
"7484","2173","63"
"7485","2173","1"
"7486","2173","69"
"7487","2173","8"
"7488","2173","24"
"7489","2173","34"
"7490","2173","13"
"7491","2173","3"
"7492","2173","15"
"7493","2173","64"
"7494","2173","96"
"7495","2174","69"
"7496","2174","13"
"7497","2174","3"
"7498","2174","96"
"7499","2175","29"
"7500","2175","13"
"7501","2175","67"
"7502","2176","29"
"7503","2176","13"
"7504","2176","67"
"7505","2177","29"
"7506","2177","13"
"7507","2177","67"
"7508","2178","59"
"7509","2178","24"
"7510","2178","25"
"7511","2178","66"
"7512","2178","16"
"7513","2179","58"
"7514","2179","59"
"7515","2179","24"
"7516","2179","6"
"7517","2179","66"
"7518","2179","13"
"7519","2179","16"
"7520","2179","67"
"7521","2180","22"
"7522","2180","41"
"7523","2180","23"
"7524","2180","13"
"7525","2180","16"
"7526","2180","67"
"7527","2181","68"
"7528","2181","64"
"7529","2182","8"
"7530","2183","63"
"7531","2183","57"
"7532","2183","8"
"7533","2184","2"
"7534","2184","34"
"7535","2185","7"
"7536","2186","8"
"7537","2189","4"
"7538","2190","39"
"7539","2191","1"
"7540","2191","10"
"7541","2191","15"
"7542","2192","4"
"7543","2192","2"
"7544","2192","19"
"7545","2192","56"
"7546","2192","3"
"7547","2192","10"
"7548","2193","51"
"7549","2194","63"
"7550","2195","11"
"7551","2195","69"
"7552","2195","70"
"7553","2195","84"
"7554","2195","64"
"7555","2196","4"
"7556","2196","3"
"7557","2196","10"
"7558","2199","11"
"7559","2199","15"
"7560","2200","11"
"7561","2200","15"
"7562","2201","4"
"7563","2201","8"
"7564","2202","22"
"7565","2202","1"
"7566","2202","8"
"7567","2202","23"
"7568","2202","31"
"7569","2203","4"
"7570","2203","44"
"7571","2204","22"
"7572","2204","11"
"7573","2204","52"
"7574","2204","69"
"7575","2204","23"
"7576","2205","1"
"7577","2205","8"
"7578","2205","31"
"7579","2206","4"
"7580","2206","8"
"7581","2208","11"
"7582","2209","1"
"7583","2209","8"
"7584","2209","31"
"7585","2210","8"
"7586","2214","2"
"7587","2217","8"
"7588","2217","86"
"7589","2217","13"
"7590","2217","3"
"7591","2218","11"
"7592","2218","7"
"7593","2219","94"
"7594","2219","90"
"7595","2221","11"
"7596","2221","69"
"7597","2221","70"
"7598","2221","34"
"7599","2221","64"
"7600","2222","44"
"7601","2223","14"
"7602","2224","48"
"7603","2224","13"
"7604","2225","48"
"7605","2225","13"
"7606","2226","48"
"7607","2226","13"
"7608","2227","48"
"7609","2227","13"
"7610","2228","4"
"7611","2228","7"
"7612","2228","13"
"7613","2230","22"
"7614","2230","2"
"7615","2230","23"
"7616","2230","14"
"7617","2230","13"
"7618","2230","32"
"7619","2230","74"
"7620","2231","58"
"7621","2231","13"
"7622","2231","3"
"7623","2232","57"
"7624","2233","11"
"7625","2233","57"
"7626","2233","34"
"7627","2233","15"
"7628","2234","68"
"7629","2234","34"
"7630","2237","44"
"7631","2237","13"
"7632","2238","22"
"7633","2238","4"
"7634","2238","8"
"7635","2238","44"
"7636","2239","22"
"7637","2239","4"
"7638","2239","8"
"7639","2239","44"
"7640","2240","22"
"7641","2240","4"
"7642","2240","8"
"7643","2240","44"
"7644","2246","13"
"7645","2247","4"
"7646","2248","4"
"7647","2248","8"
"7648","2249","4"
"7649","2250","4"
"7650","2251","8"
"7651","2251","7"
"7652","2252","11"
"7653","2252","7"
"7654","2252","3"
"7655","2253","31"
"7656","2255","94"
"7657","2255","28"
"7658","2257","59"
"7659","2257","37"
"7660","2257","16"
"7661","2257","20"
"7662","2257","67"
"7663","2258","14"
"7664","2258","40"
"7665","2259","69"
"7666","2259","105"
"7667","2259","3"
"7668","2259","40"
"7669","2260","2"
"7670","2262","4"
"7671","2264","44"
"7672","2264","13"
"7673","2265","13"
"7674","2265","67"
"7675","2266","40"
"7676","2267","93"
"7677","2268","4"
"7678","2268","8"
"7679","2269","6"
"7680","2270","14"
"7681","2271","22"
"7682","2271","52"
"7683","2271","1"
"7684","2271","2"
"7685","2271","23"
"7686","2272","22"
"7687","2272","52"
"7688","2273","4"
"7689","2274","66"
"7690","2275","19"
"7691","2275","34"
"7692","2275","15"
"7693","2276","22"
"7694","2276","52"
"7695","2276","12"
"7696","2276","8"
"7697","2276","76"
"7698","2277","4"
"7699","2278","31"
"7700","2279","44"
"7701","2279","13"
"7702","2279","3"
"7703","2280","44"
"7704","2281","79"
"7705","2282","86"
"7706","2282","13"
"7707","2282","3"
"7708","2284","93"
"7709","2285","51"
"7710","2285","93"
"7711","2286","51"
"7712","2287","51"
"7713","2287","13"
"7714","2287","93"
"7715","2288","94"
"7716","2289","44"
"7717","2290","1"
"7718","2290","8"
"7719","2291","13"
"7720","2291","93"
"7721","2293","56"
"7722","2293","6"
"7723","2293","34"
"7724","2293","66"
"7725","2294","56"
"7726","2294","13"
"7727","2294","3"
"7728","2295","56"
"7729","2295","6"
"7730","2296","56"
"7731","2297","56"
"7732","2298","56"
"7733","2299","56"
"7734","2300","56"
"7735","2300","6"
"7736","2301","94"
"7737","2302","58"
"7738","2302","56"
"7739","2302","6"
"7740","2302","33"
"7741","2303","22"
"7742","2303","52"
"7743","2303","4"
"7744","2303","2"
"7745","2303","23"
"7746","2303","56"
"7747","2303","6"
"7748","2304","22"
"7749","2304","52"
"7750","2304","23"
"7751","2305","56"
"7752","2305","3"
"7753","2306","4"
"7754","2307","56"
"7755","2307","13"
"7756","2307","3"
"7757","2308","56"
"7758","2309","56"
"7759","2310","56"
"7760","2311","56"
"7761","2314","65"
"7762","2314","24"
"7763","2314","13"
"7764","2314","3"
"7765","2316","63"
"7766","2316","5"
"7767","2316","8"
"7768","2317","44"
"7769","2318","44"
"7770","2319","13"
"7771","2319","67"
"7772","2319","64"
"7773","2320","44"
"7774","2323","8"
"7775","2323","44"
"7776","2323","13"
"7777","2323","3"
"7778","2324","8"
"7779","2324","44"
"7780","2324","13"
"7781","2324","3"
"7782","2326","94"
"7783","2328","2"
"7784","2328","105"
"7785","2329","8"
"7786","2329","44"
"7787","2329","13"
"7788","2329","3"
"7789","2330","2"
"7790","2331","94"
"7791","2331","79"
"7792","2331","13"
"7793","2332","44"
"7794","2332","13"
"7795","2333","94"
"7796","2333","44"
"7797","2334","22"
"7798","2334","46"
"7799","2334","41"
"7800","2334","2"
"7801","2334","23"
"7802","2334","43"
"7803","2334","79"
"7804","2336","22"
"7805","2336","23"
"7806","2336","13"
"7807","2337","29"
"7808","2337","79"
"7809","2337","13"
"7810","2337","93"
"7811","2338","44"
"7812","2338","13"
"7813","2339","41"
"7814","2339","43"
"7815","2339","44"
"7816","2339","13"
"7817","2340","43"
"7818","2340","44"
"7819","2340","79"
"7820","2340","13"
"7821","2340","93"
"7822","2340","80"
"7823","2341","43"
"7824","2341","44"
"7825","2341","79"
"7826","2341","13"
"7827","2341","93"
"7828","2341","80"
"7829","2342","79"
"7830","2343","79"
"7831","2344","13"
"7832","2345","79"
"7833","2346","78"
"7834","2346","43"
"7835","2346","44"
"7836","2346","79"
"7837","2346","13"
"7838","2347","2"
"7839","2347","79"
"7840","2348","2"
"7841","2348","79"
"7842","2349","78"
"7843","2349","13"
"7844","2350","78"
"7845","2350","13"
"7846","2351","78"
"7847","2351","43"
"7848","2351","44"
"7849","2351","79"
"7850","2351","13"
"7851","2352","43"
"7852","2352","44"
"7853","2352","79"
"7854","2353","44"
"7855","2353","13"
"7856","2354","13"
"7857","2355","43"
"7858","2355","44"
"7859","2355","13"
"7860","2357","78"
"7861","2358","56"
"7862","2358","6"
"7863","2359","56"
"7864","2360","13"
"7865","2361","13"
"7866","2362","78"
"7867","2362","44"
"7868","2362","13"
"7869","2363","86"
"7870","2363","13"
"7871","2364","51"
"7872","2364","44"
"7873","2365","8"
"7874","2367","22"
"7875","2367","11"
"7876","2367","15"
"7877","2368","1"
"7878","2368","10"
"7879","2368","15"
"7880","2369","85"
"7881","2369","36"
"7882","2369","3"
"7883","2370","3"
"7884","2371","3"
"7885","2372","11"
"7886","2372","3"
"7887","2373","3"
"7888","2374","3"
"7889","2375","13"
"7890","2375","3"
"7891","2376","94"
"7892","2376","13"
"7893","2376","3"
"7894","2377","35"
"7895","2377","3"
"7896","2378","85"
"7897","2378","13"
"7898","2378","3"
"7899","2379","3"
"7900","2380","3"
"7901","2381","3"
"7902","2382","13"
"7903","2382","3"
"7904","2383","94"
"7905","2383","13"
"7906","2383","3"
"7907","2384","94"
"7908","2385","94"
"7909","2385","44"
"7910","2386","94"
"7911","2386","44"
"7912","2387","94"
"7913","2387","44"
"7914","2388","63"
"7915","2388","1"
"7916","2389","22"
"7917","2389","52"
"7918","2389","23"
"7919","2389","3"
"7920","2389","15"
"7921","2390","8"
"7922","2391","56"
"7923","2391","3"
"7924","2392","88"
"7925","2392","13"
"7926","2392","93"
"7927","2392","74"
"7928","2393","51"
"7929","2393","13"
"7930","2394","94"
"7931","2394","43"
"7932","2394","66"
"7933","2394","13"
"7934","2394","90"
"7935","2394","3"
"7936","2395","13"
"7937","2395","90"
"7938","2395","74"
"7939","2396","11"
"7940","2396","69"
"7941","2396","13"
"7942","2396","3"
"7943","2396","64"
"7944","2397","11"
"7945","2397","69"
"7946","2397","13"
"7947","2397","3"
"7948","2397","64"
"7949","2399","11"
"7950","2399","69"
"7951","2399","2"
"7952","2399","7"
"7953","2399","70"
"7954","2399","13"
"7955","2399","3"
"7956","2399","64"
"7957","2400","11"
"7958","2400","69"
"7959","2400","8"
"7960","2400","23"
"7961","2400","14"
"7962","2400","56"
"7963","2401","11"
"7964","2401","69"
"7965","2401","2"
"7966","2401","13"
"7967","2401","3"
"7968","2401","64"
"7969","2402","11"
"7970","2403","11"
"7971","2403","2"
"7972","2403","64"
"7973","2404","11"
"7974","2404","69"
"7975","2406","1"
"7976","2406","7"
"7977","2407","4"
"7978","2408","11"
"7979","2408","2"
"7980","2408","72"
"7981","2408","64"
"7982","2409","94"
"7983","2410","16"
"7984","2410","67"
"7985","2411","53"
"7986","2411","43"
"7987","2411","13"
"7988","2411","93"
"7989","2412","22"
"7990","2412","52"
"7991","2412","23"
"7992","2412","49"
"7993","2412","43"
"7994","2412","13"
"7995","2412","93"
"7996","2413","44"
"7997","2413","66"
"7998","2414","13"
"7999","2414","16"
"8000","2414","67"
"8001","2415","13"
"8002","2415","16"
"8003","2415","67"
"8004","2416","24"
"8005","2416","16"
"8006","2416","93"
"8007","2416","32"
"8008","2416","67"
"8009","2417","22"
"8010","2417","23"
"8011","2417","29"
"8012","2417","43"
"8013","2417","13"
"8014","2417","93"
"8015","2418","43"
"8016","2419","93"
"8017","2420","46"
"8018","2420","2"
"8019","2420","44"
"8020","2421","2"
"8021","2421","44"
"8022","2421","13"
"8023","2421","16"
"8024","2421","67"
"8025","2423","2"
"8026","2424","13"
"8027","2424","93"
"8028","2424","67"
"8029","2425","13"
"8030","2425","93"
"8031","2425","67"
"8032","2426","22"
"8033","2426","52"
"8034","2426","23"
"8035","2426","29"
"8036","2426","43"
"8037","2426","13"
"8038","2426","93"
"8039","2427","22"
"8040","2427","52"
"8041","2427","23"
"8042","2427","29"
"8043","2427","43"
"8044","2427","13"
"8045","2427","93"
"8046","2428","22"
"8047","2428","52"
"8048","2428","23"
"8049","2428","53"
"8050","2428","43"
"8051","2428","13"
"8052","2428","93"
"8053","2428","74"
"8054","2429","22"
"8055","2429","52"
"8056","2429","23"
"8057","2429","53"
"8058","2429","43"
"8059","2429","13"
"8060","2429","93"
"8061","2429","74"
"8062","2430","41"
"8063","2430","43"
"8064","2431","13"
"8065","2431","16"
"8066","2431","67"
"8067","2432","94"
"8068","2432","66"
"8069","2433","88"
"8070","2433","13"
"8071","2433","39"
"8072","2433","93"
"8073","2434","22"
"8074","2434","52"
"8075","2434","23"
"8076","2434","43"
"8077","2434","44"
"8078","2434","13"
"8079","2434","93"
"8080","2435","22"
"8081","2435","52"
"8082","2435","23"
"8083","2435","43"
"8084","2435","44"
"8085","2435","13"
"8086","2435","93"
"8087","2436","22"
"8088","2436","52"
"8089","2436","23"
"8090","2436","43"
"8091","2436","44"
"8092","2436","13"
"8093","2436","93"
"8094","2437","22"
"8095","2437","23"
"8096","2437","13"
"8097","2437","93"
"8098","2438","13"
"8099","2438","3"
"8100","2442","30"
"8101","2443","53"
"8102","2443","13"
"8103","2443","93"
"8104","2443","67"
"8105","2444","36"
"8106","2445","11"
"8107","2445","57"
"8108","2445","14"
"8109","2446","22"
"8110","2446","23"
"8111","2446","29"
"8112","2446","13"
"8113","2446","100"
"8114","2446","93"
"8115","2447","22"
"8116","2447","52"
"8117","2447","8"
"8118","2447","43"
"8119","2447","44"
"8120","2447","13"
"8121","2447","3"
"8122","2448","22"
"8123","2448","45"
"8124","2448","52"
"8125","2448","23"
"8126","2448","51"
"8127","2448","13"
"8128","2448","93"
"8129","2449","24"
"8130","2449","13"
"8131","2449","16"
"8132","2449","67"
"8133","2450","38"
"8134","2450","24"
"8135","2450","44"
"8136","2450","26"
"8137","2450","13"
"8138","2450","16"
"8139","2450","67"
"8140","2450","33"
"8141","2451","6"
"8142","2452","14"
"8143","2453","44"
"8144","2453","13"
"8145","2454","48"
"8146","2454","43"
"8147","2455","94"
"8148","2455","66"
"8149","2455","13"
"8150","2455","67"
"8151","2456","22"
"8152","2456","23"
"8153","2456","100"
"8154","2456","3"
"8155","2457","22"
"8156","2457","45"
"8157","2457","46"
"8158","2457","23"
"8159","2457","85"
"8160","2457","53"
"8161","2457","29"
"8162","2457","43"
"8163","2457","13"
"8164","2457","3"
"8165","2457","74"
"8166","2457","96"
"8167","2459","16"
"8168","2459","67"
"8169","2460","41"
"8170","2460","48"
"8171","2460","13"
"8172","2460","93"
"8173","2462","22"
"8174","2462","52"
"8175","2462","4"
"8176","2462","23"
"8177","2462","49"
"8178","2462","43"
"8179","2462","13"
"8180","2462","93"
"8181","2463","14"
"8182","2464","14"
"8183","2465","44"
"8184","2465","13"
"8185","2466","58"
"8186","2466","13"
"8187","2466","93"
"8188","2467","11"
"8189","2467","13"
"8190","2467","3"
"8191","2468","16"
"8192","2468","67"
"8193","2469","22"
"8194","2469","52"
"8195","2469","23"
"8196","2469","72"
"8197","2469","88"
"8198","2469","13"
"8199","2470","16"
"8200","2471","15"
"8201","2472","36"
"8202","2472","13"
"8203","2472","3"
"8204","2473","22"
"8205","2473","52"
"8206","2473","23"
"8207","2473","43"
"8208","2473","44"
"8209","2473","13"
"8210","2473","93"
"8211","2474","22"
"8212","2474","23"
"8213","2474","43"
"8214","2474","44"
"8215","2474","13"
"8216","2474","93"
"8217","2475","22"
"8218","2475","43"
"8219","2476","22"
"8220","2476","23"
"8221","2476","29"
"8222","2476","43"
"8223","2476","51"
"8224","2476","44"
"8225","2476","13"
"8226","2476","93"
"8227","2477","22"
"8228","2477","23"
"8229","2477","29"
"8230","2477","43"
"8231","2477","51"
"8232","2477","44"
"8233","2477","13"
"8234","2477","93"
"8235","2478","32"
"8236","2479","22"
"8237","2479","23"
"8238","2479","43"
"8239","2479","51"
"8240","2479","13"
"8241","2479","93"
"8242","2480","22"
"8243","2480","23"
"8244","2480","43"
"8245","2480","51"
"8246","2480","13"
"8247","2480","93"
"8248","2481","44"
"8249","2481","33"
"8250","2482","22"
"8251","2482","52"
"8252","2482","23"
"8253","2482","43"
"8254","2482","51"
"8255","2482","44"
"8256","2482","13"
"8257","2482","93"
"8258","2482","74"
"8259","2483","22"
"8260","2483","52"
"8261","2483","23"
"8262","2483","43"
"8263","2483","51"
"8264","2483","44"
"8265","2483","13"
"8266","2483","93"
"8267","2483","74"
"8268","2484","64"
"8269","2485","22"
"8270","2485","11"
"8271","2485","52"
"8272","2485","23"
"8273","2485","36"
"8274","2485","43"
"8275","2485","13"
"8276","2485","93"
"8277","2486","51"
"8278","2486","13"
"8279","2486","67"
"8280","2487","22"
"8281","2487","52"
"8282","2487","23"
"8283","2487","13"
"8284","2487","93"
"8285","2488","6"
"8286","2489","53"
"8287","2489","43"
"8288","2489","13"
"8289","2489","93"
"8290","2489","74"
"8291","2490","85"
"8292","2490","44"
"8293","2490","13"
"8294","2491","24"
"8295","2491","25"
"8296","2491","26"
"8297","2491","16"
"8298","2491","67"
"8299","2492","22"
"8300","2492","52"
"8301","2492","23"
"8302","2492","43"
"8303","2492","13"
"8304","2492","93"
"8305","2493","4"
"8306","2494","13"
"8307","2494","16"
"8308","2494","67"
"8309","2495","13"
"8310","2495","67"
"8311","2496","22"
"8312","2496","52"
"8313","2496","37"
"8314","2496","23"
"8315","2496","44"
"8316","2496","13"
"8317","2496","3"
"8318","2497","66"
"8319","2498","13"
"8320","2498","93"
"8321","2498","67"
"8322","2499","22"
"8323","2499","23"
"8324","2499","13"
"8325","2499","93"
"8326","2501","37"
"8327","2501","16"
"8328","2501","67"
"8329","2502","53"
"8330","2502","43"
"8331","2502","51"
"8332","2502","13"
"8333","2502","93"
"8334","2503","22"
"8335","2503","11"
"8336","2503","52"
"8337","2503","23"
"8338","2503","43"
"8339","2503","13"
"8340","2503","93"
"8341","2504","22"
"8342","2504","52"
"8343","2504","23"
"8344","2504","43"
"8345","2504","13"
"8346","2504","93"
"8347","2505","22"
"8348","2505","52"
"8349","2505","23"
"8350","2505","43"
"8351","2505","44"
"8352","2505","13"
"8353","2505","93"
"8354","2506","2"
"8355","2506","56"
"8356","2506","3"
"8357","2507","22"
"8358","2507","1"
"8359","2507","15"
"8360","2508","94"
"8361","2508","8"
"8362","2508","88"
"8363","2508","90"
"8364","2509","8"
"8365","2510","8"
"8366","2512","14"
"8367","2512","7"
"8368","2513","5"
"8369","2513","7"
"8370","2514","7"
"8371","2516","88"
"8372","2516","90"
"8373","2517","7"
"8374","2518","57"
"8375","2518","7"
"8376","2518","31"
"8377","2519","7"
"8378","2519","31"
"8379","2520","1"
"8380","2520","10"
"8381","2521","1"
"8382","2521","5"
"8383","2521","97"
"8384","2521","34"
"8385","2521","3"
"8386","2521","15"
"8387","2522","69"
"8388","2522","7"
"8389","2522","105"
"8390","2522","39"
"8391","2522","3"
"8392","2522","21"
"8393","2523","22"
"8394","2523","4"
"8395","2523","23"
"8396","2523","24"
"8397","2523","13"
"8398","2523","3"
"8399","2524","11"
"8400","2524","8"
"8401","2526","8"
"8402","2526","44"
"8403","2526","13"
"8404","2526","3"
"8405","2527","94"
"8406","2527","44"
"8407","2527","34"
"8408","2527","13"
"8409","2527","3"
"8410","2530","24"
"8411","2530","13"
"8412","2530","67"
"8413","2534","56"
"8414","2535","52"
"8415","2536","22"
"8416","2536","52"
"8417","2536","8"
"8418","2536","23"
"8419","2536","43"
"8420","2538","2"
"8421","2539","22"
"8422","2539","11"
"8423","2539","52"
"8424","2539","69"
"8425","2539","23"
"8426","2539","56"
"8427","2539","15"
"8428","2540","56"
"8429","2540","15"
"8430","2541","7"
"8431","2542","22"
"8432","2542","52"
"8433","2542","2"
"8434","2542","23"
"8435","2542","43"
"8436","2543","2"
"8437","2544","8"
"8438","2544","72"
"8439","2544","56"
"8440","2546","1"
"8441","2546","8"
"8442","2546","3"
"8443","2546","15"
"8444","2549","94"
"8445","2549","3"
"8446","2551","43"
"8447","2551","44"
"8448","2552","44"
"8449","2553","4"
"8450","2553","34"
"8451","2554","45"
"8452","2554","9"
"8453","2554","13"
"8454","2554","3"
"8455","2554","96"
"8456","2555","8"
"8457","2555","44"
"8458","2556","13"
"8459","2556","3"
"8460","2557","13"
"8461","2557","3"
"8462","2558","44"
"8463","2559","2"
"8464","2559","7"
"8465","2559","34"
"8466","2560","2"
"8467","2560","7"
"8468","2560","34"
"8469","2561","8"
"8470","2561","13"
"8471","2562","11"
"8472","2562","8"
"8473","2564","2"
"8474","2564","72"
"8475","2564","64"
"8476","2565","54"
"8477","2565","11"
"8478","2565","2"
"8479","2565","70"
"8480","2566","11"
"8481","2566","69"
"8482","2566","19"
"8483","2566","70"
"8484","2566","3"
"8485","2566","76"
"8486","2567","11"
"8487","2567","69"
"8488","2567","19"
"8489","2567","70"
"8490","2567","3"
"8491","2567","76"
"8492","2568","11"
"8493","2568","70"
"8494","2569","11"
"8495","2570","54"
"8496","2570","36"
"8497","2571","11"
"8498","2572","54"
"8499","2572","36"
"8500","2573","54"
"8501","2573","39"
"8502","2575","19"
"8503","2575","6"
"8504","2575","3"
"8505","2576","2"
"8506","2576","8"
"8507","2576","19"
"8508","2576","3"
"8509","2579","54"
"8510","2579","2"
"8511","2579","39"
"8512","2579","3"
"8513","2580","1"
"8514","2580","4"
"8515","2580","15"
"8516","2580","98"
"8517","2581","4"
"8518","2582","4"
"8519","2583","1"
"8520","2583","4"
"8521","2583","15"
"8522","2583","98"
"8523","2584","7"
"8524","2585","7"
"8525","2587","39"
"8526","2587","3"
"8527","2588","4"
"8528","2589","19"
"8529","2589","50"
"8530","2589","31"
"8531","2589","15"
"8532","2590","1"
"8533","2591","1"
"8534","2593","1"
"8535","2593","42"
"8536","2593","61"
"8537","2593","43"
"8538","2593","31"
"8539","2593","27"
"8540","2593","3"
"8541","2593","74"
"8542","2595","72"
"8543","2595","68"
"8544","2595","14"
"8545","2595","64"
"8546","2597","63"
"8547","2597","69"
"8548","2597","8"
"8549","2597","70"
"8550","2597","64"
"8551","2599","54"
"8552","2599","68"
"8553","2599","19"
"8554","2599","34"
"8555","2599","76"
"8556","2600","54"
"8557","2600","36"
"8558","2600","56"
"8559","2601","54"
"8560","2601","56"
"8561","2601","6"
"8562","2602","43"
"8563","2602","56"
"8564","2602","6"
"8565","2603","56"
"8566","2604","11"
"8567","2604","56"
"8568","2604","6"
"8569","2605","11"
"8570","2606","38"
"8571","2606","66"
"8572","2607","31"
"8573","2608","39"
"8574","2608","3"
"8575","2609","94"
"8576","2609","3"
"8577","2609","76"
"8578","2610","22"
"8579","2610","23"
"8580","2610","53"
"8581","2611","22"
"8582","2611","23"
"8583","2611","53"
"8584","2612","88"
"8585","2612","39"
"8586","2613","54"
"8587","2613","39"
"8588","2613","3"
"8589","2614","22"
"8590","2614","53"
"8591","2615","2"
"8592","2615","8"
"8593","2615","19"
"8594","2615","3"
"8595","2615","76"
"8596","2617","11"
"8597","2618","22"
"8598","2618","78"
"8599","2618","44"
"8600","2618","13"
"8601","2619","44"
"8602","2619","13"
"8603","2619","16"
"8604","2620","71"
"8605","2620","68"
"8606","2622","94"
"8607","2622","39"
"8608","2623","54"
"8609","2623","3"
"8610","2623","76"
"8611","2623","21"
"8612","2625","8"
"8613","2625","19"
"8614","2625","3"
"8615","2629","19"
"8616","2629","39"
"8617","2629","3"
"8618","2629","76"
"8619","2630","39"
"8620","2630","3"
"8621","2631","35"
"8622","2631","39"
"8623","2631","3"
"8624","2632","19"
"8625","2632","21"
"8626","2636","37"
"8627","2636","38"
"8628","2636","66"
"8629","2637","56"
"8630","2639","6"
"8631","2640","13"
"8632","2643","54"
"8633","2643","34"
"8634","2644","39"
"8635","2645","54"
"8636","2645","2"
"8637","2646","54"
"8638","2646","2"
"8639","2647","54"
"8640","2647","68"
"8641","2647","36"
"8642","2647","15"
"8643","2648","54"
"8644","2648","36"
"8645","2649","11"
"8646","2650","54"
"8647","2650","45"
"8648","2650","36"
"8649","2650","13"
"8650","2650","3"
"8651","2650","96"
"8652","2651","54"
"8653","2651","45"
"8654","2651","19"
"8655","2651","13"
"8656","2651","3"
"8657","2651","76"
"8658","2651","21"
"8659","2651","96"
"8660","2653","11"
"8661","2654","11"
"8662","2655","54"
"8663","2655","85"
"8664","2656","39"
"8665","2657","103"
"8666","2658","6"
"8667","2658","13"
"8668","2658","3"
"8669","2659","58"
"8670","2661","1"
"8671","2661","8"
"8672","2661","65"
"8673","2661","48"
"8674","2661","15"
"8675","2662","54"
"8676","2663","11"
"8677","2663","63"
"8678","2663","2"
"8679","2663","8"
"8680","2663","70"
"8681","2663","3"
"8682","2664","82"
"8683","2666","45"
"8684","2666","65"
"8685","2666","53"
"8686","2666","68"
"8687","2667","45"
"8688","2667","65"
"8689","2667","53"
"8690","2667","68"
"8691","2668","22"
"8692","2668","78"
"8693","2668","44"
"8694","2668","13"
"8695","2669","22"
"8696","2669","78"
"8697","2669","44"
"8698","2669","13"
"8699","2671","1"
"8700","2671","10"
"8701","2672","11"
"8702","2674","22"
"8703","2674","94"
"8704","2674","23"
"8705","2674","53"
"8706","2675","56"
"8707","2676","56"
"8708","2676","6"
"8709","2677","56"
"8710","2677","15"
"8711","2677","98"
"8712","2678","1"
"8713","2678","56"
"8714","2680","16"
"8715","2680","67"
"8716","2681","49"
"8717","2681","29"
"8718","2681","93"
"8719","2682","22"
"8720","2682","41"
"8721","2682","43"
"8722","2683","35"
"8723","2683","42"
"8724","2683","29"
"8725","2683","13"
"8726","2683","27"
"8727","2684","41"
"8728","2684","49"
"8729","2684","13"
"8730","2686","49"
"8731","2686","61"
"8732","2686","100"
"8733","2688","22"
"8734","2688","23"
"8735","2688","53"
"8736","2688","29"
"8737","2688","43"
"8738","2688","13"
"8739","2689","22"
"8740","2689","41"
"8741","2689","23"
"8742","2689","49"
"8743","2689","36"
"8744","2689","43"
"8745","2690","22"
"8746","2690","41"
"8747","2690","65"
"8748","2690","43"
"8749","2690","13"
"8750","2690","27"
"8751","2690","74"
"8752","2691","22"
"8753","2691","52"
"8754","2691","23"
"8755","2691","27"
"8756","2691","74"
"8757","2692","45"
"8758","2692","12"
"8759","2692","41"
"8760","2692","65"
"8761","2692","29"
"8762","2692","51"
"8763","2692","44"
"8764","2692","13"
"8765","2692","3"
"8766","2692","76"
"8767","2693","42"
"8768","2693","29"
"8769","2694","22"
"8770","2694","49"
"8771","2694","42"
"8772","2694","36"
"8773","2694","61"
"8774","2694","43"
"8775","2694","16"
"8776","2694","3"
"8777","2694","74"
"8778","2695","16"
"8779","2696","16"
"8780","2697","16"
"8781","2697","67"
"8782","2698","100"
"8783","2699","49"
"8784","2699","29"
"8785","2699","100"
"8786","2700","11"
"8787","2700","49"
"8788","2701","56"
"8789","2701","6"
"8790","2701","39"
"8791","2702","7"
"8792","2704","49"
"8793","2705","12"
"8794","2705","35"
"8795","2705","61"
"8796","2705","76"
"8797","2706","11"
"8798","2706","29"
"8799","2706","13"
"8800","2707","29"
"8801","2707","13"
"8802","2709","68"
"8803","2709","50"
"8804","2709","15"
"8805","2710","22"
"8806","2710","104"
"8807","2710","52"
"8808","2710","41"
"8809","2710","23"
"8810","2710","49"
"8811","2710","29"
"8812","2710","36"
"8813","2710","43"
"8814","2710","13"
"8815","2710","16"
"8816","2711","24"
"8817","2711","25"
"8818","2711","16"
"8819","2711","67"
"8820","2712","11"
"8821","2712","49"
"8822","2713","22"
"8823","2713","49"
"8824","2713","42"
"8825","2713","36"
"8826","2713","61"
"8827","2713","43"
"8828","2713","16"
"8829","2713","3"
"8830","2713","74"
"8831","2714","70"
"8832","2714","15"
"8833","2714","76"
"8834","2714","64"
"8835","2715","22"
"8836","2715","49"
"8837","2715","36"
"8838","2715","61"
"8839","2715","43"
"8840","2715","3"
"8841","2715","15"
"8842","2715","74"
"8843","2716","49"
"8844","2716","29"
"8845","2716","39"
"8846","2717","49"
"8847","2718","49"
"8848","2719","51"
"8849","2719","13"
"8850","2719","90"
"8851","2720","8"
"8852","2721","2"
"8853","2722","29"
"8854","2723","29"
"8855","2724","11"
"8856","2724","68"
"8857","2724","70"
"8858","2725","45"
"8859","2725","12"
"8860","2725","13"
"8861","2725","3"
"8862","2725","76"
"8863","2725","96"
"8864","2726","13"
"8865","2726","83"
"8866","2726","3"
"8867","2727","29"
"8868","2727","14"
"8869","2728","14"
"8870","2728","51"
"8871","2729","66"
"8872","2730","54"
"8873","2730","36"
"8874","2730","44"
"8875","2730","79"
"8876","2730","13"
"8877","2730","80"
"8878","2731","38"
"8879","2731","66"
"8880","2733","49"
"8881","2733","29"
"8882","2733","93"
"8883","2734","29"
"8884","2736","22"
"8885","2736","29"
"8886","2736","43"
"8887","2736","13"
"8888","2737","22"
"8889","2737","41"
"8890","2737","65"
"8891","2737","43"
"8892","2737","13"
"8893","2737","27"
"8894","2737","74"
"8895","2738","22"
"8896","2738","49"
"8897","2738","42"
"8898","2738","61"
"8899","2738","43"
"8900","2738","13"
"8901","2738","100"
"8902","2738","3"
"8903","2738","74"
"8904","2739","22"
"8905","2739","48"
"8906","2739","43"
"8907","2739","74"
"8908","2740","22"
"8909","2740","42"
"8910","2740","61"
"8911","2740","43"
"8912","2740","66"
"8913","2740","13"
"8914","2740","3"
"8915","2740","74"
"8916","2741","22"
"8917","2741","49"
"8918","2741","42"
"8919","2741","36"
"8920","2741","61"
"8921","2741","43"
"8922","2741","16"
"8923","2741","3"
"8924","2741","74"
"8925","2741","67"
"8926","2742","16"
"8927","2743","100"
"8928","2744","22"
"8929","2744","36"
"8930","2744","43"
"8931","2745","49"
"8932","2745","29"
"8933","2745","39"
"8934","2746","93"
"8935","2747","14"
"8936","2747","39"
"8937","2748","11"
"8938","2748","5"
"8939","2748","8"
"8940","2748","19"
"8941","2748","70"
"8942","2748","3"
"8943","2748","21"
"8944","2749","54"
"8945","2749","36"
"8946","2750","54"
"8947","2750","4"
"8948","2751","19"
"8949","2751","34"
"8950","2751","82"
"8951","2751","76"
"8952","2752","39"
"8953","2754","1"
"8954","2754","34"
"8955","2754","15"
"8956","2755","45"
"8957","2755","8"
"8958","2755","19"
"8959","2755","105"
"8960","2755","13"
"8961","2755","16"
"8962","2755","3"
"8963","2755","76"
"8964","2755","21"
"8965","2755","96"
"8966","2756","45"
"8967","2756","8"
"8968","2756","19"
"8969","2756","44"
"8970","2756","105"
"8971","2756","13"
"8972","2756","3"
"8973","2756","76"
"8974","2756","21"
"8975","2756","96"
"8976","2759","45"
"8977","2759","18"
"8978","2759","13"
"8979","2759","20"
"8980","2759","3"
"8981","2759","76"
"8982","2759","96"
"8983","2760","1"
"8984","2760","15"
"8985","2760","98"
"8986","2763","68"
"8987","2763","15"
"8988","2763","98"
"8989","2764","68"
"8990","2764","15"
"8991","2764","98"
"8992","2765","2"
"8993","2765","13"
"8994","2765","3"
"8995","2765","21"
"8996","2766","2"
"8997","2766","13"
"8998","2766","3"
"8999","2766","21"
"9000","2767","4"
"9001","2767","9"
"9002","2768","4"
"9003","2768","9"
"9004","2769","22"
"9005","2769","23"
"9006","2770","4"
"9007","2771","11"
"9008","2771","63"
"9009","2771","2"
"9010","2771","8"
"9011","2771","3"
"9012","2772","11"
"9013","2772","63"
"9014","2772","2"
"9015","2772","8"
"9016","2772","3"
"9017","2775","45"
"9018","2776","1"
"9019","2776","19"
"9020","2776","3"
"9021","2776","15"
"9022","2776","21"
"9023","2777","1"
"9024","2777","19"
"9025","2777","3"
"9026","2777","15"
"9027","2777","21"
"9028","2778","16"
"9029","2778","32"
"9030","2779","46"
"9031","2779","78"
"9032","2779","44"
"9033","2779","86"
"9034","2779","66"
"9035","2779","3"
"9036","2780","34"
"9037","2780","39"
"9038","2781","34"
"9039","2781","39"
"9040","2782","71"
"9041","2782","69"
"9042","2782","68"
"9043","2782","64"
"9044","2783","71"
"9045","2783","69"
"9046","2783","68"
"9047","2783","64"
"9048","2784","78"
"9049","2784","44"
"9050","2784","79"
"9051","2784","13"
"9052","2785","11"
"9053","2785","84"
"9054","2785","64"
"9055","2786","11"
"9056","2786","84"
"9057","2786","64"
"9058","2791","34"
"9059","2792","34"
"9060","2793","1"
"9061","2793","34"
"9062","2793","15"
"9063","2794","2"
"9064","2794","15"
"9065","2795","2"
"9066","2795","3"
"9067","2795","15"
"9068","2795","21"
"9069","2796","1"
"9070","2796","2"
"9071","2796","3"
"9072","2796","21"
"9073","2797","29"
"9074","2797","30"
"9075","2798","29"
"9076","2798","30"
"9077","2799","63"
"9078","2799","29"
"9079","2799","13"
"9080","2800","22"
"9081","2800","11"
"9082","2800","69"
"9083","2800","8"
"9084","2800","19"
"9085","2800","34"
"9086","2800","13"
"9087","2800","3"
"9088","2800","15"
"9089","2800","76"
"9090","2800","21"
"9091","2800","64"
"9092","2800","96"
"9093","2801","22"
"9094","2801","11"
"9095","2801","69"
"9096","2801","8"
"9097","2801","19"
"9098","2801","34"
"9099","2801","13"
"9100","2801","3"
"9101","2801","15"
"9102","2801","76"
"9103","2801","21"
"9104","2801","64"
"9105","2801","96"
"9106","2802","11"
"9107","2802","45"
"9108","2802","46"
"9109","2802","34"
"9110","2802","13"
"9111","2802","3"
"9112","2802","76"
"9113","2802","96"
"9114","2803","11"
"9115","2803","45"
"9116","2803","46"
"9117","2803","34"
"9118","2803","13"
"9119","2803","3"
"9120","2803","76"
"9121","2803","96"
"9122","2804","44"
"9123","2804","13"
"9124","2804","3"
"9125","2805","44"
"9126","2805","13"
"9127","2805","3"
"9128","2806","22"
"9129","2806","52"
"9130","2806","23"
"9131","2806","49"
"9132","2806","44"
"9133","2806","13"
"9134","2807","22"
"9135","2807","52"
"9136","2807","23"
"9137","2807","49"
"9138","2807","44"
"9139","2807","13"
"9140","2808","22"
"9141","2808","49"
"9142","2808","7"
"9143","2808","31"
"9144","2808","13"
"9145","2808","100"
"9146","2808","27"
"9147","2810","30"
"9148","2810","31"
"9149","2810","6"
"9150","2810","27"
"9151","2810","32"
"9152","2811","22"
"9153","2811","52"
"9154","2811","8"
"9155","2811","23"
"9156","2811","44"
"9157","2811","79"
"9158","2811","13"
"9159","2811","91"
"9160","2811","80"
"9161","2812","22"
"9162","2812","52"
"9163","2812","8"
"9164","2812","23"
"9165","2812","44"
"9166","2812","79"
"9167","2812","13"
"9168","2812","91"
"9169","2812","80"
"9170","2813","44"
"9171","2813","86"
"9172","2813","13"
"9173","2813","3"
"9174","2813","91"
"9175","2813","81"
"9176","2814","44"
"9177","2814","86"
"9178","2814","13"
"9179","2814","3"
"9180","2814","91"
"9181","2814","81"
"9182","2815","46"
"9183","2815","78"
"9184","2815","44"
"9185","2815","86"
"9186","2815","79"
"9187","2815","13"
"9188","2815","3"
"9189","2815","80"
"9190","2815","96"
"9191","2816","58"
"9192","2816","78"
"9193","2816","44"
"9194","2816","86"
"9195","2816","79"
"9196","2816","13"
"9197","2816","3"
"9198","2816","80"
"9199","2816","81"
"9200","2817","78"
"9201","2817","44"
"9202","2817","86"
"9203","2817","13"
"9204","2817","3"
"9205","2817","91"
"9206","2817","80"
"9207","2817","81"
"9208","2818","11"
"9209","2818","31"
"9210","2818","34"
"9211","2818","15"
"9212","2818","64"
"9213","2819","11"
"9214","2819","31"
"9215","2819","34"
"9216","2819","15"
"9217","2819","64"
"9218","2820","4"
"9219","2820","56"
"9220","2820","34"
"9221","2821","4"
"9222","2821","56"
"9223","2821","34"
"9224","2822","45"
"9225","2822","1"
"9226","2822","8"
"9227","2822","65"
"9228","2822","19"
"9229","2822","13"
"9230","2822","83"
"9231","2822","3"
"9232","2822","76"
"9233","2822","21"
"9234","2822","96"
"9235","2823","45"
"9236","2823","1"
"9237","2823","8"
"9238","2823","65"
"9239","2823","19"
"9240","2823","13"
"9241","2823","83"
"9242","2823","3"
"9243","2823","76"
"9244","2823","21"
"9245","2823","96"
"9246","2824","37"
"9247","2824","38"
"9248","2824","6"
"9249","2824","66"
"9250","2825","37"
"9251","2825","38"
"9252","2825","6"
"9253","2825","66"
"9254","2826","44"
"9255","2826","56"
"9256","2827","44"
"9257","2827","56"
"9258","2828","44"
"9259","2828","56"
"9260","2828","95"
"9261","2829","44"
"9262","2829","56"
"9263","2829","95"
"9264","2830","56"
"9265","2831","56"
"9266","2832","58"
"9267","2832","44"
"9268","2832","56"
"9269","2832","3"
"9270","2833","58"
"9271","2833","44"
"9272","2833","56"
"9273","2833","3"
"9274","2834","56"
"9275","2835","56"
"9276","2836","4"
"9277","2836","37"
"9278","2836","56"
"9279","2836","6"
"9280","2837","4"
"9281","2837","37"
"9282","2837","56"
"9283","2837","6"
"9284","2840","4"
"9285","2840","8"
"9286","2840","3"
"9287","2840","15"
"9288","2840","21"
"9289","2841","4"
"9290","2841","8"
"9291","2841","3"
"9292","2841","15"
"9293","2841","21"
"9294","2842","44"
"9295","2842","13"
"9296","2842","3"
"9297","2843","44"
"9298","2843","13"
"9299","2843","3"
"9300","2844","2"
"9301","2844","15"
"9302","2845","45"
"9303","2845","46"
"9304","2845","12"
"9305","2845","47"
"9306","2845","61"
"9307","2845","44"
"9308","2845","13"
"9309","2845","3"
"9310","2845","76"
"9311","2845","74"
"9312","2845","96"
"9313","2846","22"
"9314","2846","45"
"9315","2846","41"
"9316","2846","23"
"9317","2846","29"
"9318","2846","61"
"9319","2846","43"
"9320","2846","13"
"9321","2846","16"
"9322","2846","3"
"9323","2846","67"
"9324","2847","42"
"9325","2847","29"
"9326","2847","44"
"9327","2847","13"
"9328","2847","27"
"9329","2847","3"
"9330","2848","22"
"9331","2848","42"
"9332","2848","27"
"9333","2849","58"
"9334","2849","22"
"9335","2849","112"
"9336","2849","1"
"9337","2849","92"
"9338","2849","41"
"9339","2849","101"
"9340","2849","113"
"9341","2849","23"
"9342","2849","29"
"9343","2849","24"
"9344","2849","61"
"9345","2849","30"
"9346","2849","43"
"9347","2849","19"
"9348","2849","44"
"9349","2849","26"
"9350","2849","13"
"9351","2849","16"
"9352","2849","100"
"9353","2849","27"
"9354","2849","3"
"9355","2849","32"
"9356","2849","67"
"9357","2850","22"
"9358","2850","45"
"9359","2850","46"
"9360","2850","52"
"9361","2850","23"
"9362","2850","29"
"9363","2850","61"
"9364","2850","44"
"9365","2850","13"
"9366","2850","3"
"9367","2851","45"
"9368","2851","13"
"9369","2851","3"
"9370","2851","76"
"9371","2851","96"
"9372","2852","22"
"9373","2852","45"
"9374","2852","46"
"9375","2852","12"
"9376","2852","85"
"9377","2852","48"
"9378","2852","13"
"9379","2852","27"
"9380","2852","3"
"9381","2852","76"
"9382","2852","96"
"9383","2853","13"
"9384","2854","13"
"9385","2855","45"
"9386","2855","37"
"9387","2855","6"
"9388","2855","13"
"9389","2855","73"
"9390","2855","3"
"9391","2855","76"
"9392","2855","96"
"9393","2856","1"
"9394","2856","86"
"9395","2856","13"
"9396","2856","27"
"9397","2856","3"
"9398","2857","11"
"9399","2857","2"
"9400","2857","5"
"9401","2857","14"
"9402","2857","7"
"9403","2857","3"
"9404","2858","11"
"9405","2858","2"
"9406","2858","5"
"9407","2858","14"
"9408","2858","7"
"9409","2858","3"
"9410","2859","22"
"9411","2859","52"
"9412","2859","23"
"9413","2859","27"
"9414","2860","58"
"9415","2860","45"
"9416","2860","46"
"9417","2860","47"
"9418","2860","13"
"9419","2860","16"
"9420","2860","27"
"9421","2860","20"
"9422","2860","3"
"9423","2860","76"
"9424","2860","96"
"9425","2861","1"
"9426","2861","37"
"9427","2861","38"
"9428","2861","66"
"9429","2862","1"
"9430","2862","37"
"9431","2862","38"
"9432","2862","66"
"9433","2863","22"
"9434","2864","22"
"9435","2865","22"
"9436","2865","45"
"9437","2865","46"
"9438","2865","12"
"9439","2865","85"
"9440","2865","61"
"9441","2865","13"
"9442","2865","39"
"9443","2865","3"
"9444","2865","76"
"9445","2865","96"
"9446","2866","29"
"9447","2866","61"
"9448","2866","13"
"9449","2867","6"
"9450","2868","6"
"9451","2869","1"
"9452","2869","3"
"9453","2869","15"
"9454","2870","1"
"9455","2870","3"
"9456","2870","15"
