"job_pk","job_id","company_id","title","location","department","office","level","experience","employment_type","work_mode","category","first_published_at","updated_at","job_url"
"1","7532733","1","Account Executive, AI Sales","San Francisco, CA","Enterprise - Account Executives (NA)","US","Unspecified","13+ years","Internship","Unspecified","Sales","2026-02-03T15:19:01-05:00","2026-08-25T17:40:40-04:00","https://stripe.com/jobs/search?gh_jid=7532733"
"2","8130725","1","Account Executive, AI Startups (Hunter)","San Francisco","Startups - Account Executives (NA)","US","Unspecified","2+ years","Internship","Unspecified","Sales","2026-08-19T14:02:07-04:00","2026-08-19T14:02:07-04:00","https://stripe.com/jobs/search?gh_jid=8130725"
"3","8077887","1","Account Executive, Bridge","SF, NYC, SEA, CHI","Product Sales - MaaS","US","Unspecified","8+ years","Internship","On-site","Sales","2026-07-22T13:15:53-04:00","2026-08-18T17:38:47-04:00","https://stripe.com/jobs/search?gh_jid=8077887"
"4","8023928","1","Account Executive, Bridge (Stripe Crypto and Stablecoins)","London","Bridge - S&M","United Kingdom Locations","Unspecified","8+ years","Internship","On-site","Sales","2026-07-30T06:59:38-04:00","2026-08-18T18:36:58-04:00","https://stripe.com/jobs/search?gh_jid=8023928"
"5","8123027","1","Account Executive, Commercial (Grower)","Chicago","Velocity - Account Executives (NA)","US","Unspecified","5+ years","Contract","Unspecified","Sales","2026-08-11T19:45:35-04:00","2026-08-18T17:38:49-04:00","https://stripe.com/jobs/search?gh_jid=8123027"
"6","8141211","1","Account Executive, Commercial Hunter","Singapore","Account Executives (APAC)","Singapore Locations","Unspecified","5+ years","Internship","Unspecified","Sales","2026-08-21T05:00:47-04:00","2026-08-24T06:32:37-04:00","https://stripe.com/jobs/search?gh_jid=8141211"
"7","7789539","1","Account Executive, Commercial Hunter (Japanese Fluency)","Japan","Account Executives (APAC)","Japan Locations","Unspecified","3+ years","Internship","Unspecified","Sales","2026-04-17T00:47:42-04:00","2026-08-18T17:37:21-04:00","https://stripe.com/jobs/search?gh_jid=7789539"
"8","7893199","1","Account Executive, Cross Border China","Singapore","Account Executives (APAC)","Singapore Locations","Unspecified","5+ years","Internship","Unspecified","Sales","2026-05-06T04:59:55-04:00","2026-08-18T17:37:22-04:00","https://stripe.com/jobs/search?gh_jid=7893199"
"9","8041076","1","Account Executive, Crypto/Stablecoins","Singapore","Product Sales - MaaS","Singapore Locations","Unspecified","8+ years","Internship","Unspecified","Sales","2026-08-14T03:45:58-04:00","2026-08-18T17:37:29-04:00","https://stripe.com/jobs/search?gh_jid=8041076"
"10","8119822","1","Account Executive, Enterprise (Canada)","CA-Toronto, CA-Montreal, CA-Vancouver","Enterprise - Account Executives (NA)","Canada Locations","Unspecified","15+ years","Internship","Unspecified","Sales","2026-08-12T11:04:53-04:00","2026-08-18T17:59:42-04:00","https://stripe.com/jobs/search?gh_jid=8119822"
"11","7825578","1","Account Executive, Enterprise (DACH Market)","Germany","Account Executives (EMEA)","Germany Locations","Unspecified","6+ years","Internship","Unspecified","Sales","2026-04-28T10:29:58-04:00","2026-08-27T09:10:34-04:00","https://stripe.com/jobs/search?gh_jid=7825578"
"12","7993151","1","Account Executive - Enterprise, Grower","USUS-San Francisco, US-Chicago, US-New York, US-Seattle, US-Texas","Enterprise - Account Executives (NA)","US","Unspecified","10+ years","Internship","Remote","Sales","2026-06-09T13:38:22-04:00","2026-08-18T17:38:44-04:00","https://stripe.com/jobs/search?gh_jid=7993151"
"13","7997555","1","Account Executive, Enterprise - Grower","US-New York, US-Chicago, US-Atlanta, US-San Francisco, US-Texas","Enterprise - Account Executives (NA)","US","Unspecified","7+ years","Internship","On-site","Sales","2026-06-10T15:14:52-04:00","2026-08-18T17:38:44-04:00","https://stripe.com/jobs/search?gh_jid=7997555"
"14","8107136","1","Account Executive, Enterprise (Grower)","US-San Francisco, US-Seattle, US-West Coast","Enterprise - Account Executives (NA)","US","Unspecified","10+ years","Internship","Remote","Sales","2026-08-10T09:19:03-04:00","2026-08-18T17:38:48-04:00","https://stripe.com/jobs/search?gh_jid=8107136"
"15","8114458","1","Account Executive, Enterprise Grower (Israel)","Israel","Account Executives (EMEA)","Israel Locations","Senior","3+ years","Internship","Unspecified","Sales","2026-08-18T05:46:54-04:00","2026-08-18T17:57:26-04:00","https://stripe.com/jobs/search?gh_jid=8114458"
"16","8129956","1","Account Executive, Enterprise Grower, Platforms (Israel)","Israel","Account Executives (EMEA)","Israel Locations","Senior","10+ years","Contract","Unspecified","Sales","2026-08-24T05:00:55-04:00","2026-08-24T05:00:55-04:00","https://stripe.com/jobs/search?gh_jid=8129956"
"17","7994330","1","Account Executive, Enterprise - Hunter","US-San Francisco, US-Chicago, US-New York","Enterprise - Account Executives (NA)","US","Unspecified","10+ years","Internship","Unspecified","Sales","2026-06-10T10:30:26-04:00","2026-08-18T17:38:44-04:00","https://stripe.com/jobs/search?gh_jid=7994330"
"18","7528816","1","Account Executive, Enterprise Hunter (Japanese fluency)","Tokyo","Account Executives (APAC)","Japan Locations","Unspecified","10+ years","Internship","Unspecified","Sales","2026-01-11T08:34:20-05:00","2026-08-18T17:37:18-04:00","https://stripe.com/jobs/search?gh_jid=7528816"
"19","7576967","1","Account Executive, Enterprise Platforms (Grower)","San Francisco, CA; Chicago, IL & New York, NY","Platforms - Account Executives (NA)","US","Unspecified","10+ years","Internship","Unspecified","Sales","2026-02-05T11:07:19-05:00","2026-08-18T17:38:41-04:00","https://stripe.com/jobs/search?gh_jid=7576967"
"20","7961609","1","Account Executive, Enterprise Platforms, Hunter","New York, NY; San Francisco, CA; Seattle, WA; Chicago, IL","Platforms - Account Executives (NA)","US","Unspecified","10+ years","Internship","Unspecified","Sales","2026-06-11T11:29:40-04:00","2026-08-18T17:38:43-04:00","https://stripe.com/jobs/search?gh_jid=7961609"
"21","8077971","1","Account Executive, Enterprise Platforms, Hunter","Chicago, IL","Platforms - Account Executives (NA)","US","Unspecified","10+ years","Internship","Unspecified","Sales","2026-08-06T15:27:48-04:00","2026-08-18T17:38:47-04:00","https://stripe.com/jobs/search?gh_jid=8077971"
"22","8138042","1","Account Executive, Enterprise Platforms, Tier 2 Grower","New York, NY; San Francisco, CA","Platforms - Account Executives (NA)","US","Unspecified","8+ years","Internship","On-site","Sales","2026-08-25T15:53:39-04:00","2026-08-25T15:53:39-04:00","https://stripe.com/jobs/search?gh_jid=8138042"
"23","8041894","1","Account Executive, Enterprise Platforms, Tier 2 Grower","New York, NY; San Francisco, CA","Platforms - Account Executives (NA)","US","Unspecified","8+ years","Internship","On-site","Sales","2026-07-10T11:45:25-04:00","2026-08-25T15:43:15-04:00","https://stripe.com/jobs/search?gh_jid=8041894"
"24","8075473","1","Account Executive, Enterprise Platforms, Tier 2 Grower","San Francisco, CA","Enterprise - Account Executives (NA)","US","Unspecified","8+ years","Internship","On-site","Sales","2026-07-27T15:52:01-04:00","2026-08-18T17:38:47-04:00","https://stripe.com/jobs/search?gh_jid=8075473"
"25","8114155","1","Account Executive, Existing Business","London","Account Executives (EMEA)","United Kingdom Locations","Unspecified","5+ years","Contract","Unspecified","Sales","2026-08-07T11:44:52-04:00","2026-08-18T17:57:25-04:00","https://stripe.com/jobs/search?gh_jid=8114155"
"26","8119697","1","Account Executive, Existing Business (Central Eastern Europe)","PolandOR Romania","Account Executives (EMEA)","Poland Locations","Unspecified","7+ years","Internship","Remote","Sales","2026-08-14T11:26:20-04:00","2026-08-18T17:57:26-04:00","https://stripe.com/jobs/search?gh_jid=8119697"
"27","7922618","1","Account Executive, Existing Business, Platforms","New York, NY","Global Operations","US-PERM","Unspecified","5+ years","Internship","Remote","Sales","2026-06-02T16:49:53-04:00","2026-08-18T17:38:43-04:00","https://stripe.com/jobs/search?gh_jid=7922618"
"28","8048193","1","Account Executive, Financial Services, Grower","London","Account Executives (EMEA)","United Kingdom Locations","Unspecified","8+ years","Internship","Unspecified","Sales","2026-07-13T11:54:32-04:00","2026-08-18T17:57:25-04:00","https://stripe.com/jobs/search?gh_jid=8048193"
"29","8121419","1","Account Executive, Funded Startups — Hunter, Italy","Milan","Account Executives (EMEA)","Italy Locations","Unspecified","5+ years","Internship","Unspecified","Sales","2026-08-13T10:03:06-04:00","2026-08-18T17:57:26-04:00","https://stripe.com/jobs/search?gh_jid=8121419"
"30","8121421","1","Account Executive, Funded Startups - Israel","Israel","Account Executives (EMEA)","Israel Locations","Senior","5+ years","Internship","Unspecified","Sales","2026-08-25T09:58:15-04:00","2026-08-26T04:37:06-04:00","https://stripe.com/jobs/search?gh_jid=8121421"
"31","8138662","1","Account Executive , Grower - Iberia Market","Madrid","Account Executives (EMEA)","Spain Locations","Unspecified","6+ years","Contract","Unspecified","Sales","2026-08-19T13:05:25-04:00","2026-08-19T13:05:25-04:00","https://stripe.com/jobs/search?gh_jid=8138662"
"32","8079514","1","Account Executive, hunter","London","Account Executives (EMEA)","United Kingdom Locations","Unspecified","10+ years","Internship","Unspecified","Sales","2026-08-10T06:49:09-04:00","2026-08-18T17:57:25-04:00","https://stripe.com/jobs/search?gh_jid=8079514"
"33","8130052","1","Account Executive, Hunter (Central Eastern Europe)","PolandOR Romania","Account Executives (EMEA)","Poland Locations","Unspecified","7+ years","Internship","Remote","Sales","2026-08-14T11:37:37-04:00","2026-08-18T17:57:26-04:00","https://stripe.com/jobs/search?gh_jid=8130052"
"34","8122192","1","Account Executive - LATAM","Mexico City, Mexico","Enterprise - Account Executives (NA)","Mexico Locations","Unspecified","7+ years","Internship","Hybrid","Sales","2026-08-21T14:22:44-04:00","2026-08-21T14:22:44-04:00","https://stripe.com/jobs/search?gh_jid=8122192"
"35","7456957","1","Account Executive, Platforms (Existing Business)","Sydney, Australia","Account Executives (APAC)","Australia Locations","Unspecified","5+ years","Full-time","Unspecified","Sales","2026-01-29T23:56:00-05:00","2026-08-31T20:15:40-04:00","https://stripe.com/jobs/search?gh_jid=7456957"
"36","7298935","1","Account Executive, Platforms (Hunter)","Chicago, Illinois","Platforms - Account Executives (NA)","US","Unspecified","5+ years","Internship","Unspecified","Sales","2025-10-06T09:47:46-04:00","2026-08-24T14:17:40-04:00","https://stripe.com/jobs/search?gh_jid=7298935"
"37","8121659","1","Account Executive, Platforms Hunter (Central Eastern Europe)","Dublin","Account Executives (EMEA)","Ireland Locations","Unspecified","3+ years","Internship","Unspecified","Sales","2026-08-18T07:55:46-04:00","2026-08-18T17:57:26-04:00","https://stripe.com/jobs/search?gh_jid=8121659"
"38","8129702","1","Account Executive, Platforms Hunter (German fluency)","Dublin","Account Executives (EMEA)","Ireland Locations","Unspecified","3+ years","Internship","Unspecified","Sales","2026-08-18T07:47:29-04:00","2026-08-18T17:57:26-04:00","https://stripe.com/jobs/search?gh_jid=8129702"
"39","8049828","1","Account Executive, Product - Link","NYC, SF","Product Sales - Payments","US","Unspecified","10+ years","Internship","Unspecified","Sales","2026-07-09T12:04:59-04:00","2026-08-18T17:38:46-04:00","https://stripe.com/jobs/search?gh_jid=8049828"
"40","7984339","1","Account Executive, Product Sales (Billing)","US-NYC","Product Sales - Prime Billing","US","Unspecified","8+ years","Internship","Unspecified","Sales","2026-06-30T17:12:15-04:00","2026-08-18T17:38:44-04:00","https://stripe.com/jobs/search?gh_jid=7984339"
"41","7393169","1","Account Executive, Product Sales, Billing","South San Francisco, CA; New York, NY; Seattle, WA; Chicago, IL; Atlanta, GA; Washington DC","Product Sales - Prime Billing","US","Unspecified","8+ years","Internship","Unspecified","Sales","2026-02-04T10:14:44-05:00","2026-08-18T17:38:40-04:00","https://stripe.com/jobs/search?gh_jid=7393169"
"42","8114153","1","Account Executive, Product Sales (Data)","London OR Dublin","Product Sales - RFA ex Billing","United Kingdom Locations","Unspecified","7+ years","Internship","Unspecified","Sales","2026-08-14T12:42:12-04:00","2026-08-18T17:57:25-04:00","https://stripe.com/jobs/search?gh_jid=8114153"
"43","8114738","1","Account Executive, Product Sales (Data)","US-SF-HQ, US-NYC, US-CHI, US-SEA","Product Sales - RFA ex Billing","US","Unspecified","7+ years","Internship","Unspecified","Sales","2026-08-10T17:05:26-04:00","2026-08-18T17:38:48-04:00","https://stripe.com/jobs/search?gh_jid=8114738"
"44","8113687","1","Account Executive, Product Sales (Data Pipeline)","Singapore","Product Sales - RFA ex Billing","Singapore Locations","Unspecified","7+ years","Internship","Unspecified","Sales","2026-08-19T11:55:47-04:00","2026-08-19T21:32:16-04:00","https://stripe.com/jobs/search?gh_jid=8113687"
"45","7456716","1","Account Executive, Product Sales - Issuing and Treasury","SF, NYC","Product Sales - MaaS","US","Unspecified","10+ years","Internship","Remote","Sales","2025-12-12T14:30:09-05:00","2026-08-18T17:38:40-04:00","https://stripe.com/jobs/search?gh_jid=7456716"
"46","8029043","1","Account Executive, Product Sales, Metronome (Hunter)","US-SF-HQ","Product Sales - Metronome","US","Unspecified","8+ years","Internship","Unspecified","Sales","2026-08-10T18:37:50-04:00","2026-08-21T15:32:01-04:00","https://stripe.com/jobs/search?gh_jid=8029043"
"47","8068744","1","Account Executive, Product Sales-  Money Management ANZ","Sydney","Product Sales - MaaS","Australia Locations","Unspecified","8+ years","Internship","Unspecified","Sales","2026-07-27T02:22:00-04:00","2026-08-18T17:37:31-04:00","https://stripe.com/jobs/search?gh_jid=8068744"
"48","8068746","1","Account Executive, Product Sales - Money Management  APAC","Singapore","Product Sales - MaaS","Singapore Locations","Unspecified","8+ years","Internship","Unspecified","Sales","2026-07-27T02:27:55-04:00","2026-08-26T12:07:38-04:00","https://stripe.com/jobs/search?gh_jid=8068746"
"49","8040940","1","Account Executive, Product Sales - Optimised Checkout","London","Product Sales - Payments","Ireland Locations","Unspecified","7+ years","Internship","Unspecified","Sales","2026-07-17T04:52:40-04:00","2026-08-18T17:57:25-04:00","https://stripe.com/jobs/search?gh_jid=8040940"
"50","8095679","1","Account Executive, Scaled (Grower)","Chicago","Velocity - Account Executives (NA)","US","Unspecified","2+ years","Contract","Unspecified","Sales","2026-07-30T10:24:56-04:00","2026-08-27T12:09:43-04:00","https://stripe.com/jobs/search?gh_jid=8095679"
"51","8108891","1","Account Executive - SEA, Platforms (Grower)","Singapore","Account Executives (APAC)","Singapore Locations","Unspecified","7+ years","Internship","Unspecified","Sales","2026-08-11T04:45:16-04:00","2026-08-20T04:27:28-04:00","https://stripe.com/jobs/search?gh_jid=8108891"
"52","8114157","1","Account Executive, SMB (Benelux)","Dublin, Ireland","Account Executives (EMEA)","Ireland Locations","Unspecified","5+ years","Internship","Unspecified","Sales","2026-08-10T06:30:55-04:00","2026-08-18T17:57:25-04:00","https://stripe.com/jobs/search?gh_jid=8114157"
"53","8156996","1","Account Executive, SMB (Grower)","Chicago","Velocity - Account Executives (NA)","US","Unspecified","5+ years","Contract","Unspecified","Sales","2026-08-25T12:56:13-04:00","2026-08-25T12:56:13-04:00","https://stripe.com/jobs/search?gh_jid=8156996"
"54","8128772","1","Account Executive, SMB (Grower)","Chicago","Velocity - Account Executives (NA)","US","Unspecified","2+ years","Contract","Unspecified","Sales","2026-08-17T15:45:44-04:00","2026-08-18T17:38:49-04:00","https://stripe.com/jobs/search?gh_jid=8128772"
"55","7277406","1","Account Executive, SMB (Hunter)","Chicago and NYC","Velocity - Account Executives (NA)","US","Unspecified","5+ years","Internship","Unspecified","Sales","2025-12-03T11:34:54-05:00","2026-08-18T17:38:39-04:00","https://stripe.com/jobs/search?gh_jid=7277406"
"56","8129958","1","Account Executive, SMB Hunter (Central Eastern Europe)","Dublin","Account Executives (EMEA)","Ireland Locations","Unspecified","2+ years","Internship","Unspecified","Sales","2026-08-19T14:50:48-04:00","2026-08-19T14:51:45-04:00","https://stripe.com/jobs/search?gh_jid=8129958"
"57","7576999","1","Account Executive, SMB (New Business)","Chicago","Velocity - Account Executives (NA)","US","Unspecified","2+ years","Internship","Unspecified","Sales","2026-02-02T14:29:29-05:00","2026-08-18T17:38:41-04:00","https://stripe.com/jobs/search?gh_jid=7576999"
"58","8128552","1","Account Executive, Startups (Grower)","San Francisco","Startups - Account Executives (NA)","US","Unspecified","3+ years","Contract","Unspecified","Sales","2026-08-18T18:44:24-04:00","2026-08-18T18:44:24-04:00","https://stripe.com/jobs/search?gh_jid=8128552"
"59","8068565","1","Account Executive, Startups (Grower)","Chicago","Startups - Account Executives (NA)","US","Unspecified","5+ years","Contract","Unspecified","Sales","2026-08-12T20:12:11-04:00","2026-08-18T17:38:46-04:00","https://stripe.com/jobs/search?gh_jid=8068565"
"60","7597490","1","Account Executive, Startups Hunter (India)","Bengaluru","Account Executives (APAC)","India Locations","Unspecified","6+ years","Internship","Unspecified","Sales","2026-05-01T01:27:29-04:00","2026-08-18T17:37:19-04:00","https://stripe.com/jobs/search?gh_jid=7597490"
"61","8128900","1","Account Executive, Startups (Scaled Grower)","San Francisco","Startups - Account Executives (NA)","US","Unspecified","2+ years","Contract","Unspecified","Sales","2026-08-13T21:12:37-04:00","2026-08-18T17:38:49-04:00","https://stripe.com/jobs/search?gh_jid=8128900"
"62","8157577","1","Account Executive, Strategic Platform Partnerships","San Francisco, CA; New York, NY","Platforms - Account Executives (NA)","US","Unspecified","10+ years","Contract","Hybrid","Sales","2026-08-25T16:04:02-04:00","2026-08-25T16:04:02-04:00","https://stripe.com/jobs/search?gh_jid=8157577"
"63","8110261","1","Account Executive, Strategics","San Francisco, Seattle","Enterprise - Account Executives (NA)","US","Unspecified","15+ years","Internship","Unspecified","Sales","2026-08-06T12:45:57-04:00","2026-08-18T17:38:48-04:00","https://stripe.com/jobs/search?gh_jid=8110261"
"64","8128632","1","Account Executive, Velocity Platforms (Hunter)","Chicago","Platforms - Account Executives (NA)","US","Unspecified","2+ years","Internship","Unspecified","Sales","2026-08-17T13:45:33-04:00","2026-08-24T17:39:16-04:00","https://stripe.com/jobs/search?gh_jid=8128632"
"65","8103750","1","Accounting AI Solutions Lead","Seattle, San Francisco, New York","Accounting","US","Lead","10+ years","Internship","Unspecified","Finance","2026-08-03T15:21:44-04:00","2026-08-18T17:38:48-04:00","https://stripe.com/jobs/search?gh_jid=8103750"
"66","7118945","1","Accounts Receivable Manager","Bengaluru","SDC - MonOps","India Locations","Manager","15+ years","Contract","Unspecified","Finance","2025-07-31T06:46:15-04:00","2026-08-18T17:37:15-04:00","https://stripe.com/jobs/search?gh_jid=7118945"
"67","8081673","1","Administrative Business Partner","SF","Executive Operations","US","Unspecified","5+ years","Internship","Unspecified","Operations","2026-07-27T15:11:10-04:00","2026-08-18T17:38:47-04:00","https://stripe.com/jobs/search?gh_jid=8081673"
"68","8050878","1","Administrative Business Partner, Office of the CEO","San Francisco","Executive Operations","US","Chief","5+ years","Internship","Remote","Operations","2026-07-11T16:06:40-04:00","2026-08-18T17:38:46-04:00","https://stripe.com/jobs/search?gh_jid=8050878"
"69","7863507","1","Administrative Coordinator","Bengaluru","Executive Operations","India Locations","Chief","1+ years","Internship","Unspecified","Administration","2026-04-30T13:34:10-04:00","2026-08-18T17:37:22-04:00","https://stripe.com/jobs/search?gh_jid=7863507"
"70","7844214","1","AEO and GEO Marketing Manager","in the US","Performance Marketing","US","Manager","5+ years","Internship","Remote","Marketing","2026-04-23T14:21:56-04:00","2026-08-18T17:38:42-04:00","https://stripe.com/jobs/search?gh_jid=7844214"
"71","8044460","1","AI Engineer","Chicago","Solutions Architecture","US","Unspecified","4+ years","Internship","Unspecified","Engineering","2026-07-03T08:01:02-04:00","2026-08-26T11:09:59-04:00","https://stripe.com/jobs/search?gh_jid=8044460"
"72","8064526","1","AI Product Manager, Professional Services","New York/ San Francisco","Professional Services","US-NYC","Manager","5+ years","Internship","Remote","Product","2026-07-14T11:28:15-04:00","2026-08-31T03:42:49-04:00","https://stripe.com/jobs/search?gh_jid=8064526"
"73","8074125","1","Android BSP Engineer","Taipei, Taiwan","Terminal - Eng","Taiwan Locations","Unspecified","2+ years","Internship","Unspecified","Engineering","2026-07-20T21:43:12-04:00","2026-08-18T18:00:18-04:00","https://stripe.com/jobs/search?gh_jid=8074125"
"74","7543559","1","Android Engineer, Terminal","Toronto","Terminal - Eng","Canada Locations","Unspecified","2+ years","Internship","Unspecified","Engineering","2026-01-20T17:31:58-05:00","2026-08-18T17:59:41-04:00","https://stripe.com/jobs/search?gh_jid=7543559"
"75","7557403","1","Android Engineer, Terminal OS Platform","San Francisco, Seattle","Terminal - Eng","US","Unspecified","6+ years","Internship","Unspecified","Engineering","2026-01-22T10:20:45-05:00","2026-08-18T17:38:40-04:00","https://stripe.com/jobs/search?gh_jid=7557403"
"76","7764914","1","APAC Executive Marketing","Singapore, Sydney","Marketing - APAC","Singapore Locations","Unspecified","8+ years","Temporary","On-site","Marketing","2026-04-20T21:12:27-04:00","2026-08-18T17:37:20-04:00","https://stripe.com/jobs/search?gh_jid=7764914"
"77","8113337","1","ARG Engineering Manager","US","Security Analytics","US","Manager","10+ years","Internship","Remote","Engineering","2026-08-10T12:09:23-04:00","2026-08-18T17:38:48-04:00","https://stripe.com/jobs/search?gh_jid=8113337"
"78","7823683","1","Art Director","Bengaluru","SDC - Marketing","India Locations","Director","10+ years","Internship","Unspecified","Marketing","2026-05-04T05:30:14-04:00","2026-08-18T17:37:21-04:00","https://stripe.com/jobs/search?gh_jid=7823683"
"79","8076623","1","AutoFile Specialist, Tax","US","Tax Autofile","US","Unspecified","3+ years","Internship","Remote","Finance","2026-07-24T09:17:17-04:00","2026-08-18T17:38:47-04:00","https://stripe.com/jobs/search?gh_jid=8076623"
"80","8078126","1","AV Events Manager","US-SF","CorpTech Customer Success","US","Manager","2+ years","Internship","Remote","Marketing","2026-07-22T13:26:09-04:00","2026-08-21T09:19:30-04:00","https://stripe.com/jobs/search?gh_jid=8078126"
"81","7737237","1","Backend / API Engineer, Metronome (Billing)","Toronto, Canada","Metronome - R&D","Canada Locations","Unspecified","12+ years","Contract","Remote","Engineering","2026-03-20T18:42:26-04:00","2026-08-18T17:59:41-04:00","https://stripe.com/jobs/search?gh_jid=7737237"
"82","6176758","1","Backend/API Engineer, Money as a Service","US","Treasury for Platforms - Eng","US","Unspecified","12+ years","Internship","Remote","Engineering","2024-08-25T08:36:49-04:00","2026-08-18T17:38:38-04:00","https://stripe.com/jobs/search?gh_jid=6176758"
"83","7369543","1","Backend/API Engineer, Money as a Service","United Kingdom","Tech","United Kingdom Locations","Unspecified","12+ years","Internship","Remote","Engineering","2025-11-03T05:28:42-05:00","2026-08-27T06:48:33-04:00","https://stripe.com/jobs/search?gh_jid=7369543"
"84","4921361","1","Backend Engineer/API, Payments and Risk","Dublin, Ireland","LPM Core - Eng","Ireland Locations","Unspecified","12+ years","Internship","Remote","Engineering","2023-03-21T12:01:12-04:00","2026-08-18T17:57:22-04:00","https://stripe.com/jobs/search?gh_jid=4921361"
"85","7217048","1","Backend Engineer, Billing/Tax","N/A","Billing Products","Canada Locations","Unspecified","12+ years","Contract","Remote","Engineering","2025-09-02T18:26:14-04:00","2026-08-18T17:59:41-04:00","https://stripe.com/jobs/search?gh_jid=7217048"
"86","6686634","1","Backend Engineer, Core Technology","Dublin","Security Infrastructure","Ireland Locations","Unspecified","6+ years","Internship","Remote","Engineering","2025-04-07T06:48:48-04:00","2026-08-20T09:03:25-04:00","https://stripe.com/jobs/search?gh_jid=6686634"
"87","6042172","1","Backend Engineer, Core Technology","USChicago, Seattle, San Francisco","Core Infrastructure","US","Unspecified","12+ years","Internship","Remote","Engineering","2024-06-14T18:04:50-04:00","2026-08-18T17:38:38-04:00","https://stripe.com/jobs/search?gh_jid=6042172"
"88","7913700","1","Backend Engineer, Data","Canada","Data Foundations","Canada Locations","Unspecified","6+ years","Internship","Remote","Engineering","2026-05-11T19:06:31-04:00","2026-08-18T17:59:42-04:00","https://stripe.com/jobs/search?gh_jid=7913700"
"89","7557899","1","Backend Engineer, Developer & End-user Experience Platform","Toronto, NY, SEA, SF","OAP - Eng","Canada Locations","Unspecified","6+ years","Internship","Unspecified","Engineering","2026-06-30T15:57:31-04:00","2026-08-27T15:00:25-04:00","https://stripe.com/jobs/search?gh_jid=7557899"
"90","7476555","1","Backend Engineer, Developer & End-user Experience Platform","SEA, SF, NY, Toronto","Developer Platform - Eng","US","Unspecified","12+ years","Internship","Remote","Engineering","2026-03-03T18:55:32-05:00","2026-08-24T19:07:56-04:00","https://stripe.com/jobs/search?gh_jid=7476555"
"91","8131144","1","Backend Engineer, Link","NYC, Sea, SF, Tor","Bank Connections - Eng","US","Unspecified","10+ years","Internship","Remote","Engineering","2026-08-14T17:10:19-04:00","2026-08-28T18:02:26-04:00","https://stripe.com/jobs/search?gh_jid=8131144"
"92","6692166","1","Backend Engineer, Payments","Toronto, Canada","Risk Engineering","Canada Locations","Unspecified","12+ years","Internship","Remote","Engineering","2025-04-29T01:25:47-04:00","2026-08-18T17:59:41-04:00","https://stripe.com/jobs/search?gh_jid=6692166"
"93","7232592","1","Backend Engineer, Payments and Risk","US","Optimized Checkout - Eng","US","Unspecified","2+ years","Internship","Remote","Engineering","2026-02-03T12:30:22-05:00","2026-08-18T17:38:39-04:00","https://stripe.com/jobs/search?gh_jid=7232592"
"94","7895287","1","Backend Engineer, Payments Experiences","Sao Paulo","Payments Global","Brazil Locations","Unspecified","2+ years","Internship","Unspecified","Engineering","2026-05-26T14:53:32-04:00","2026-08-21T18:45:59-04:00","https://stripe.com/jobs/search?gh_jid=7895287"
"95","7235875","1","Backend Engineer, Privy","NYC-Privy","Privy - R&D","US","Unspecified","8+ years","Contract","Remote","Engineering","2025-09-11T17:19:58-04:00","2026-08-18T17:38:39-04:00","https://stripe.com/jobs/search?gh_jid=7235875"
"96","7991528","1","Brand Producer, Link","US","Brand Studio","US","Unspecified","6+ years","Internship","Hybrid","Marketing","2026-06-09T22:04:19-04:00","2026-08-18T17:38:44-04:00","https://stripe.com/jobs/search?gh_jid=7991528"
"97","8079783","1","Business Partner Analyst","US-SF, US-Seattle, US-NYC, US-Chicago, US-Georgia or US","Support S&A","US","Unspecified","5+ years","Internship","Remote","Operations","2026-07-30T13:08:44-04:00","2026-08-18T17:38:47-04:00","https://stripe.com/jobs/search?gh_jid=8079783"
"98","7874654","1","Business Partner Analyst,  Financial Enablement","Dublin, Ireland","Finance Systems","Ireland Locations","Unspecified","4+ years","Internship","Unspecified","Operations","2026-05-01T17:34:28-04:00","2026-08-18T17:57:24-04:00","https://stripe.com/jobs/search?gh_jid=7874654"
"99","8145117","1","Business Systems Architect (Tax)","South San Francisco, CA","Global Operations","US-PERM","Unspecified","8+ years","Internship","Remote","Finance","2026-08-20T15:44:11-04:00","2026-08-20T15:44:11-04:00","https://stripe.com/jobs/search?gh_jid=8145117"
"100","8097051","1","Business Value Consultant","Chicago, New York, San Francisco","GTM Industries","US","Unspecified","10+ years","Internship","Unspecified","Uncategorized","2026-08-05T13:58:18-04:00","2026-08-26T13:15:11-04:00","https://stripe.com/jobs/search?gh_jid=8097051"
"101","8164481","1","Capital Markets Investments","New York, NY","Global Operations","US-PERM","Unspecified","7+ years","Internship","Remote","Uncategorized","2026-08-28T13:29:00-04:00","2026-08-28T13:29:00-04:00","https://stripe.com/jobs/search?gh_jid=8164481"
"102","7982720","1","Client Platform Security Engineer","New York, New York","Security Infrastructure","US","Unspecified","4+ years","Internship","Unspecified","Engineering","2026-06-05T16:09:40-04:00","2026-08-24T21:14:34-04:00","https://stripe.com/jobs/search?gh_jid=7982720"
"103","7867389","1","Cloud Security Engineer","Seattle","Office of the CISO & Partnership","US","Unspecified","Unspecified","Internship","Unspecified","Engineering","2026-05-04T19:01:23-04:00","2026-08-18T17:38:42-04:00","https://stripe.com/jobs/search?gh_jid=7867389"
"104","8092304","1","Commercial Counsel, EMEA","Paris","Commercial Legal","France Locations","Unspecified","7+ years","Contract","Unspecified","Legal","2026-07-30T10:04:54-04:00","2026-08-18T17:57:25-04:00","https://stripe.com/jobs/search?gh_jid=8092304"
"105","8059784","1","Commercial Solutions Program Manager","Chicago, IL","Global Business Services","US","Manager","Unspecified","Internship","Remote","Program Management","2026-07-29T12:29:29-04:00","2026-08-18T17:38:46-04:00","https://stripe.com/jobs/search?gh_jid=8059784"
"106","8114272","1","Comms, Public Goods","San Francisco","Communications","US","Unspecified","Unspecified","Internship","Unspecified","Marketing","2026-08-11T18:16:55-04:00","2026-08-18T17:38:48-04:00","https://stripe.com/jobs/search?gh_jid=8114272"
"107","8138000","1","Communities Partner Development Manager, SaaS Platforms","US","Alliances & Channels","US","Manager","Unspecified","Internship","Remote","Partnerships","2026-08-20T12:59:03-04:00","2026-08-20T12:59:03-04:00","https://stripe.com/jobs/search?gh_jid=8138000"
"108","8103952","1","Communities Partner Development Manager, SaaS Platforms","US","Alliances & Channels","US","Manager","Unspecified","Internship","Remote","Partnerships","2026-08-20T12:54:21-04:00","2026-08-20T12:54:21-04:00","https://stripe.com/jobs/search?gh_jid=8103952"
"109","8070054","1","Company Strategy & Operations","US","BizOps and Compass","US","Unspecified","15+ years","Internship","Unspecified","Operations","2026-07-16T19:18:29-04:00","2026-08-24T18:49:14-04:00","https://stripe.com/jobs/search?gh_jid=8070054"
"110","7530580","1","Compliance Manager, User Enablement","Dublin OR London","FinCRO","United Kingdom Locations","Manager","9+ years","Internship","Unspecified","Risk & Security","2026-01-14T12:29:47-05:00","2026-08-31T12:09:27-04:00","https://stripe.com/jobs/search?gh_jid=7530580"
"111","7967890","1","Consumer Operations Associate","Mexico City","Consumer Operations - SDC","Mexico Locations","Associate","Unspecified","Internship","On-site","Operations","2026-07-22T15:16:54-04:00","2026-08-18T17:37:25-04:00","https://stripe.com/jobs/search?gh_jid=7967890"
"112","8074923","1","Consumer Operations, Program Manager","New York, NY","Global Operations","US-PERM","Manager","5+ years","Internship","Remote","Program Management","2026-07-20T12:55:00-04:00","2026-08-18T17:38:47-04:00","https://stripe.com/jobs/search?gh_jid=8074923"
"113","7976710","1","Contracting Operations Specialist","Bengaluru","Procurement","India Locations","Unspecified","5+ years","Contract","Unspecified","Operations","2026-08-10T11:51:26-04:00","2026-08-18T17:37:25-04:00","https://stripe.com/jobs/search?gh_jid=7976710"
"114","8144924","1","Corporate Accounting","Seattle, San Francisco","Accounting","US","Unspecified","6+ years","Internship","Unspecified","Finance","2026-08-21T12:25:09-04:00","2026-08-21T12:25:09-04:00","https://stripe.com/jobs/search?gh_jid=8144924"
"115","7827403","1","Corporate Communications","DC, SF, NYC","Communications","US","Unspecified","10+ years","Internship","Unspecified","Marketing","2026-05-01T12:23:05-04:00","2026-08-26T18:07:04-04:00","https://stripe.com/jobs/search?gh_jid=7827403"
"116","8065818","1","Corporate Development M&A Integration Manager","SF, NYC","Corporate Development","US","Manager","8+ years","Internship","Unspecified","Uncategorized","2026-07-16T18:41:16-04:00","2026-08-18T17:38:46-04:00","https://stripe.com/jobs/search?gh_jid=8065818"
"117","8001341","1","Creative Director, Copy & Campaigns","US","Brand Studio","US","Director","10+ years","Internship","Unspecified","Uncategorized","2026-06-18T21:05:52-04:00","2026-08-18T19:47:00-04:00","https://stripe.com/jobs/search?gh_jid=8001341"
"118","8001909","1","Creative Director, Event Design","US","Brand Studio","US","Director","10+ years","Contract","Unspecified","Design","2026-06-15T22:21:12-04:00","2026-08-18T17:38:45-04:00","https://stripe.com/jobs/search?gh_jid=8001909"
"119","8157823","1","Credit Operations Analyst","Atlanta, GA; Chicago, IL","Credit Operations","US","Unspecified","4+ years","Internship","Unspecified","Operations","2026-08-26T14:06:55-04:00","2026-08-26T14:06:55-04:00","https://stripe.com/jobs/search?gh_jid=8157823"
"120","7722943","1","Credit Operations Collections Analyst","Toronto, Atlanta, or Chicago","Credit Operations","US","Unspecified","4+ years","Internship","Unspecified","Operations","2026-06-12T11:41:39-04:00","2026-08-18T17:38:41-04:00","https://stripe.com/jobs/search?gh_jid=7722943"
"121","7540441","1","Credit Risk Analyst Commercial Underwriter, West Coast","Chicago, USCanada","Risk & Reward","US","Unspecified","5+ years","Internship","Remote","Risk & Security","2026-02-10T14:46:44-05:00","2026-08-18T17:38:40-04:00","https://stripe.com/jobs/search?gh_jid=7540441"
"122","7697969","1","Credit Risk Analyst, EMEA Underwriting","Dublin","Risk & Reward","Ireland Locations","Unspecified","3+ years","Internship","Unspecified","Risk & Security","2026-07-27T09:26:47-04:00","2026-08-18T17:57:23-04:00","https://stripe.com/jobs/search?gh_jid=7697969"
"123","7612192","1","Credit Risk Analyst, North American Underwriter","TorontoCanada","Risk & Reward","Canada Locations","Unspecified","3+ years","Internship","Remote","Risk & Security","2026-02-20T13:00:18-05:00","2026-08-18T17:59:42-04:00","https://stripe.com/jobs/search?gh_jid=7612192"
"124","7456167","1","Credit Risk Operations Associate (CDMX)","Mexico City","SDC - Credit Operations","Mexico Locations","Associate","1+ years","Internship","On-site","Operations","2026-02-27T16:53:53-05:00","2026-08-18T17:37:18-04:00","https://stripe.com/jobs/search?gh_jid=7456167"
"125","8047791","1","Credit Risk Operations Team Lead","Bengaluru","SDC - Credit Operations","India Locations","Lead","6+ years","Internship","Remote","Operations","2026-08-25T04:18:11-04:00","2026-08-25T04:21:44-04:00","https://stripe.com/jobs/search?gh_jid=8047791"
"126","8044686","1","Credit Risk Strategy and Analytics","Canada","Risk & Reward","US","Unspecified","5+ years","Internship","Unspecified","Data","2026-07-06T11:29:21-04:00","2026-08-18T17:38:46-04:00","https://stripe.com/jobs/search?gh_jid=8044686"
"127","8052468","1","Credit Risk Strategy and Analytics","United States","Risk & Reward","US","Unspecified","5+ years","Internship","Unspecified","Data","2026-07-08T17:30:41-04:00","2026-08-18T17:38:46-04:00","https://stripe.com/jobs/search?gh_jid=8052468"
"128","7774312","1","Crypto Product Accounting","San Francisco, Seattle, New York","Accounting","US","Unspecified","7+ years","Contract","Unspecified","Finance","2026-04-02T10:32:31-04:00","2026-08-18T17:38:42-04:00","https://stripe.com/jobs/search?gh_jid=7774312"
"129","7587353","1","Customer Funds Reconciliation Manager, Luxembourg","Luxembourg","Bridge - G&A","Luxembourg Locations","Manager","7+ years","Internship","Unspecified","Design","2026-02-03T20:13:53-05:00","2026-08-18T17:57:23-04:00","https://stripe.com/jobs/search?gh_jid=7587353"
"130","7810205","1","Customer Success Manager","London","Customer Success Management","United Kingdom Locations","Manager","8+ years","Internship","Unspecified","Customer Success","2026-04-14T04:52:27-04:00","2026-08-18T17:57:23-04:00","https://stripe.com/jobs/search?gh_jid=7810205"
"131","8127942","1","Customer Success Manager","London","Customer Success Management","United Kingdom Locations","Manager","7+ years","Internship","Unspecified","Customer Success","2026-08-13T10:06:43-04:00","2026-08-18T17:57:23-04:00","https://stripe.com/jobs/search?gh_jid=8127942"
"132","8009536","1","Customer Success Manager","London","Customer Success Management","United Kingdom Locations","Manager","4+ years","Internship","Unspecified","Customer Success","2026-06-16T04:23:09-04:00","2026-08-18T17:57:23-04:00","https://stripe.com/jobs/search?gh_jid=8009536"
"133","6558993","1","Customer Success Manager, Enterprise","Chicago, IL; Atlanta, GA","Customer Success Management","US","Manager","4+ years","Internship","Unspecified","Customer Success","2025-02-11T22:23:28-05:00","2026-08-28T13:17:32-04:00","https://stripe.com/jobs/search?gh_jid=6558993"
"134","8104481","1","Customer Success Manager, Key Accounts","San Francisco, CA","Customer Success Management","US","Manager","10+ years","Internship","Unspecified","Customer Success","2026-08-07T19:36:59-04:00","2026-08-18T17:38:48-04:00","https://stripe.com/jobs/search?gh_jid=8104481"
"135","8074199","1","Customer Success Manager, Metronome","London","Customer Success Management","United Kingdom Locations","Manager","6+ years","Internship","Unspecified","Customer Success","2026-07-22T12:43:59-04:00","2026-08-18T17:57:25-04:00","https://stripe.com/jobs/search?gh_jid=8074199"
"136","8049910","1","Customer Success Manager, Radar","Chicago, IL; Atlanta, GA; San Francisco, CA; Seattle, WA; New York, NY","Customer Success Management","US","Manager","5+ years","Internship","Unspecified","Customer Success","2026-07-13T23:51:35-04:00","2026-08-18T17:38:46-04:00","https://stripe.com/jobs/search?gh_jid=8049910"
"137","8052814","1","Customer Success Manager, Revenue Suite","San Francisco, CA; Chicago, IL; Seattle, WA; New York, NY","Customer Success Management","US","Manager","6+ years","Internship","Unspecified","Design","2026-07-09T23:06:46-04:00","2026-08-27T13:32:52-04:00","https://stripe.com/jobs/search?gh_jid=8052814"
"138","7978488","1","Data Analyst","Mexico City","SDC - Tech Ops","Mexico Locations","Unspecified","1+ years","Internship","Unspecified","Data","2026-06-03T15:13:13-04:00","2026-08-18T17:37:26-04:00","https://stripe.com/jobs/search?gh_jid=7978488"
"139","5416444","1","Data Analyst","Canada","Data Science","Canada Locations","Unspecified","2+ years","Full-time","Remote","Data","2023-11-01T13:50:50-04:00","2026-08-21T12:03:48-04:00","https://stripe.com/jobs/search?gh_jid=5416444"
"140","8070572","1","Data Analyst, Financial Data Engineering","New York","Data Science","US","Unspecified","6+ years","Full-time","Remote","Engineering","2026-07-22T12:55:09-04:00","2026-08-18T17:38:47-04:00","https://stripe.com/jobs/search?gh_jid=8070572"
"141","8044924","1","Data Analyst, Payments","Singapore","Global Payments Experiences","US","Unspecified","4+ years","Internship","Unspecified","Data","2026-07-13T04:02:10-04:00","2026-08-28T01:02:43-04:00","https://stripe.com/jobs/search?gh_jid=8044924"
"142","8106026","1","Data Excellence Manager","USChicago, SF, Seattle, NYC","Sales Operations (SS&O)","US","Manager","7+ years","Contract","Remote","Uncategorized","2026-08-31T16:17:50-04:00","2026-08-31T16:17:50-04:00","https://stripe.com/jobs/search?gh_jid=8106026"
"143","7440963","1","Data Science Manager, Finance and Strategy","Seattle, WA OR New York, NY ORNorth America","Data Science","US","Manager","3+ years","Internship","Remote","Finance","2026-04-22T17:36:49-04:00","2026-08-19T14:48:01-04:00","https://stripe.com/jobs/search?gh_jid=7440963"
"144","7923653","1","Data Science Manager, Risk","Bengaluru","Data Science","India Locations","Manager","10+ years","Internship","Remote","Risk & Security","2026-05-14T11:33:56-04:00","2026-08-18T17:37:24-04:00","https://stripe.com/jobs/search?gh_jid=7923653"
"145","8080614","1","Data Scientist, Core Infrastructure","Seattle","Data Science","US","Unspecified","3+ years","Internship","Remote","Engineering","2026-07-22T17:45:34-04:00","2026-08-18T17:38:38-04:00","https://stripe.com/jobs/search?gh_jid=8080614"
"146","8113100","1","Data Scientist, Fraud","Toronto","Data Science","Canada Locations","Unspecified","1+ years","Internship","Remote","Data","2026-08-06T16:31:14-04:00","2026-08-18T17:59:41-04:00","https://stripe.com/jobs/search?gh_jid=8113100"
"147","8043052","1","Data Scientist, Global Growth","Singapore","Data Science","Singapore Locations","Unspecified","8+ years","Internship","Remote","Data","2026-07-08T23:44:22-04:00","2026-08-18T17:37:29-04:00","https://stripe.com/jobs/search?gh_jid=8043052"
"148","8112966","1","Data Scientist, Link","Toronto","Data Science","Canada Locations","Unspecified","3+ years","Internship","Remote","Data","2026-08-06T16:09:18-04:00","2026-08-18T17:59:41-04:00","https://stripe.com/jobs/search?gh_jid=8112966"
"149","8018297","1","Data Scientist, Payments","Dublin","Data Science","Ireland Locations","Unspecified","2+ years","Internship","Remote","Data","2026-06-19T08:40:40-04:00","2026-08-18T17:57:24-04:00","https://stripe.com/jobs/search?gh_jid=8018297"
"150","7998031","1","Deal Pricing","Mexico City","Deal Pricing","Mexico Locations","Unspecified","3+ years","Internship","Remote","Finance","2026-07-28T12:42:17-04:00","2026-08-28T19:15:30-04:00","https://stripe.com/jobs/search?gh_jid=7998031"
"151","8080240","1","Deal Pricing Strategist","San Francisco, California","Global Operations","US-PERM","Unspecified","Unspecified","Internship","Remote","Finance","2026-07-22T15:14:39-04:00","2026-08-18T17:38:47-04:00","https://stripe.com/jobs/search?gh_jid=8080240"
"152","7958150","1","Deal Strategist","US","Global Business Services","US","Unspecified","6+ years","Internship","Remote","Operations","2026-08-05T12:06:17-04:00","2026-08-18T17:38:43-04:00","https://stripe.com/jobs/search?gh_jid=7958150"
"153","8082905","1","Deal Strategist (SEA/GCN)","Singapore","Global Business Services","Singapore Locations","Unspecified","8+ years","Contract","Hybrid","Operations","2026-08-11T12:26:04-04:00","2026-08-18T17:37:32-04:00","https://stripe.com/jobs/search?gh_jid=8082905"
"154","7144975","1","Design Engineer, Presence","US, Canada","Web Presence & Platform","US","Unspecified","3+ years","Internship","Unspecified","Engineering","2025-08-07T17:33:26-04:00","2026-08-27T07:04:45-04:00","https://stripe.com/jobs/search?gh_jid=7144975"
"155","7977745","1","Designer, Web Presence & Platform","US / Cananda","Web Presence & Platform","US","Unspecified","7+ years","Internship","Remote","Design","2026-06-04T21:30:40-04:00","2026-08-27T07:06:07-04:00","https://stripe.com/jobs/search?gh_jid=7977745"
"156","8130913","1","Designer, Web, Presence & Platform","US","Web Presence & Platform","US","Unspecified","4+ years","Internship","Remote","Design","2026-08-31T12:15:39-04:00","2026-08-31T12:15:40-04:00","https://stripe.com/jobs/search?gh_jid=8130913"
"157","7814947","1","EMEA Regulatory Counsel","Dubai , UAE","EMEA Regulatory Affairs","United Arab Emirates Locations","Unspecified","6+ years","Full-time","On-site","Legal","2026-04-29T15:40:45-04:00","2026-08-18T17:57:23-04:00","https://stripe.com/jobs/search?gh_jid=7814947"
"158","8041850","1","Employee Relations & HR Compliance Specialist","Dublin","Employee Relations","Ireland Locations","Unspecified","3+ years","Full-time","Unspecified","Risk & Security","2026-07-01T15:09:51-04:00","2026-08-18T17:57:25-04:00","https://stripe.com/jobs/search?gh_jid=8041850"
"159","8102337","1","Engagement Manager, Professional Services (SEA/GCN)","Singapore","APAC Delivery","Singapore Locations","Manager","8+ years","Internship","Unspecified","Uncategorized","2026-08-08T13:18:46-04:00","2026-08-18T17:37:33-04:00","https://stripe.com/jobs/search?gh_jid=8102337"
"160","7943804","1","Engineering Manager, AI Conversation Platform","Toronto, Canada","Support Products - Eng","US","Manager","4+ years","Internship","Unspecified","Engineering","2026-06-09T10:48:14-04:00","2026-08-18T17:38:43-04:00","https://stripe.com/jobs/search?gh_jid=7943804"
"161","7841757","1","Engineering Manager, APAC & EMEA Cards","Singapore","Payins - Eng","Singapore Locations","Manager","3+ years","Internship","Unspecified","Engineering","2026-04-22T23:44:43-04:00","2026-08-18T17:37:22-04:00","https://stripe.com/jobs/search?gh_jid=7841757"
"162","8165515","1","Engineering Manager, Billing Configuration","N/A","Billing Products","Canada Locations","Manager","4+ years","Full-time","Remote","Engineering","2026-08-29T10:45:19-04:00","2026-08-29T10:45:19-04:00","https://stripe.com/jobs/search?gh_jid=8165515"
"163","8161567","1","Engineering Manager, Checkout Optimization","N/A","Optimized Checkout - Eng","US","Manager","5+ years","Full-time","Unspecified","Engineering","2026-08-28T14:26:48-04:00","2026-08-28T16:31:48-04:00","https://stripe.com/jobs/search?gh_jid=8161567"
"164","7835108","1","Engineering Manager - Core Performance","Sydney, Australia","Core Compute","Australia Locations","Manager","10+ years","Internship","Remote","Engineering","2026-04-23T01:59:39-04:00","2026-08-18T17:37:22-04:00","https://stripe.com/jobs/search?gh_jid=7835108"
"165","7688358","1","Engineering Manager, Data Transformation","US-SEA, US-SF, US-NYC, US","Data Foundations","US","Manager","3+ years","Internship","Remote","Engineering","2026-04-13T15:42:03-04:00","2026-08-27T18:02:42-04:00","https://stripe.com/jobs/search?gh_jid=7688358"
"166","7947546","1","Engineering Manager, Forward Deployed (Privy)","NYC-Privy","Privy - R&D","US","Manager","Unspecified","Unspecified","Unspecified","Engineering","2026-05-20T18:31:58-04:00","2026-08-18T17:38:43-04:00","https://stripe.com/jobs/search?gh_jid=7947546"
"167","8128496","1","Engineering Manager, Infrastructure","Seattle, San Francisco, New York City","Core Compute","US","Manager","10+ years","Internship","Remote","Engineering","2026-08-13T13:29:57-04:00","2026-08-18T17:38:49-04:00","https://stripe.com/jobs/search?gh_jid=8128496"
"168","7737243","1","Engineering Manager, Metronome (Billing)","Toronto, Canada","Metronome - R&D","Canada Locations","Manager","5+ years","Full-time","Remote","Engineering","2026-03-20T18:45:04-04:00","2026-08-31T14:39:54-04:00","https://stripe.com/jobs/search?gh_jid=7737243"
"169","7475396","1","Engineering Manager, Operator Tooling","Bucharest","Operations Platform","Romania Locations","Manager","8+ years","Internship","Remote","Engineering","2026-01-12T03:56:50-05:00","2026-08-18T17:57:23-04:00","https://stripe.com/jobs/search?gh_jid=7475396"
"170","8104767","1","Engineering Manager, Payments","Singapore","Payins - Eng","Singapore Locations","Manager","3+ years","Full-time","Unspecified","Engineering","2026-08-04T01:21:43-04:00","2026-08-18T17:37:22-04:00","https://stripe.com/jobs/search?gh_jid=8104767"
"171","7913545","1","Engineering Manager, Platform (Privy)","NYC-Privy","Privy - R&D","US","Manager","Unspecified","Unspecified","Unspecified","Engineering","2026-05-13T16:53:51-04:00","2026-08-28T16:37:56-04:00","https://stripe.com/jobs/search?gh_jid=7913545"
"172","6909015","1","Engineering Manager, Product and Business","AMER - US","Billing Products","US","Manager","4+ years","Full-time","Remote","Engineering","2025-05-22T17:25:23-04:00","2026-08-29T10:49:11-04:00","https://stripe.com/jobs/search?gh_jid=6909015"
"173","7769005","1","Engineering Manager, Terminal","Toronto, Canada","Terminal - Eng","Canada Locations","Manager","5+ years","Internship","Unspecified","Engineering","2026-05-15T13:27:45-04:00","2026-08-18T17:59:42-04:00","https://stripe.com/jobs/search?gh_jid=7769005"
"174","8102346","1","Enterprise Account Executive -Grower","Sydney or Melbourne","Account Executives (APAC)","Australia Locations","Unspecified","6+ years","Internship","Unspecified","Sales","2026-08-06T20:20:27-04:00","2026-08-18T17:37:34-04:00","https://stripe.com/jobs/search?gh_jid=8102346"
"175","8109607","1","Enterprise Account Executive - Hunter","Auckland","Account Executives (APAC)","New Zealand Locations","Unspecified","6+ years","Internship","Unspecified","Sales","2026-08-10T20:42:07-04:00","2026-08-18T17:37:34-04:00","https://stripe.com/jobs/search?gh_jid=8109607"
"176","7908925","1","Enterprise Account Executive, Iberia","Madrid, Barcelona","Account Executives (EMEA)","Spain Locations","Unspecified","6+ years","Internship","Unspecified","Sales","2026-05-13T11:07:37-04:00","2026-08-18T17:57:24-04:00","https://stripe.com/jobs/search?gh_jid=7908925"
"177","8029128","1","Enterprise Account Executive, Revenue Suite","Sydney","Product Sales - Billing","Australia Locations","Unspecified","8+ years","Internship","Unspecified","Sales","2026-07-16T01:35:20-04:00","2026-08-18T17:37:28-04:00","https://stripe.com/jobs/search?gh_jid=8029128"
"178","7617049","1","Enterprise Paid Digital Marketing Manager","US: SF Bay Area, Seattle, New York, US; Canada","Performance Marketing","US","Manager","7+ years","Internship","Remote","Marketing","2026-02-20T20:30:22-05:00","2026-08-18T17:38:41-04:00","https://stripe.com/jobs/search?gh_jid=7617049"
"179","7742552","1","Enterprise Risk Management (ERM) Program & Automation Lead, MALPB","US","Merchant Acquiring Bank - Legal","US","Lead","8+ years","Internship","Remote","Risk & Security","2026-03-27T12:45:18-04:00","2026-08-18T17:38:42-04:00","https://stripe.com/jobs/search?gh_jid=7742552"
"180","8155639","1","Enterprise Services Manager, Professional Services Sales","SF, Seattle, NYC, Chicago","Enterprise Services Managers","US","Manager","5+ years","Contract","Unspecified","Sales","2026-08-26T13:34:05-04:00","2026-08-26T14:05:03-04:00","https://stripe.com/jobs/search?gh_jid=8155639"
"181","8163198","1","Enterprise Services Manager, Professional Services Sales (SEA/GCN)","Singapore","Professional Services","Singapore Locations","Manager","8+ years","Contract","Unspecified","Sales","2026-08-28T15:18:49-04:00","2026-08-28T15:18:49-04:00","https://stripe.com/jobs/search?gh_jid=8163198"
"182","8141829","1","Enterprise Support Specialist (Mandarin Speaking)","Singapore","Product Support","Singapore Locations","Unspecified","4+ years","Internship","Unspecified","Support","2026-08-27T00:05:15-04:00","2026-08-27T00:05:15-04:00","https://stripe.com/jobs/search?gh_jid=8141829"
"183","8070480","1","Entity Controller","Dublin","Accounting","Ireland Locations","Unspecified","8+ years","Internship","Unspecified","Finance","2026-07-17T09:42:07-04:00","2026-08-18T17:57:25-04:00","https://stripe.com/jobs/search?gh_jid=8070480"
"184","8154302","1","European R&D Incentives Lead","Dublin","Tax","Ireland Locations","Lead","8+ years","Internship","On-site","Uncategorized","2026-08-25T03:17:24-04:00","2026-08-25T03:17:24-04:00","https://stripe.com/jobs/search?gh_jid=8154302"
"185","7463755","1","Finance and Strategy Partner","Chicago, San Francisco, Seattle, New York City","GTM F&S","US","Unspecified","9+ years","Internship","Unspecified","Finance","2025-12-15T16:27:39-05:00","2026-08-18T17:38:40-04:00","https://stripe.com/jobs/search?gh_jid=7463755"
"186","7597613","1","Finance and Strategy Specialist","Bengaluru","COE F&S (SDC)","India Locations","Unspecified","14+ years","Internship","Unspecified","Finance","2026-02-13T03:17:00-05:00","2026-08-18T17:37:19-04:00","https://stripe.com/jobs/search?gh_jid=7597613"
"187","7985368","1","Finance & Strategy Analyst","CHI, SEA, NYC, SF","Payments & Risk F&S","US","Unspecified","6+ years","Internship","Unspecified","Finance","2026-06-05T19:12:22-04:00","2026-08-18T17:38:44-04:00","https://stripe.com/jobs/search?gh_jid=7985368"
"188","7979885","1","Finance & Strategy Partner, Central Engineering","US, SF, SEA, NYC, CHI","CTO Finance & Strategy","US","Unspecified","9+ years","Contract","Remote","Engineering","2026-06-03T18:13:18-04:00","2026-08-18T17:38:44-04:00","https://stripe.com/jobs/search?gh_jid=7979885"
"189","8066264","1","Financial Analyst, Business F&S","Bengaluru","COE F&S (SDC)","India Locations","Unspecified","14+ years","Internship","Unspecified","Uncategorized","2026-07-15T01:44:23-04:00","2026-08-18T17:37:31-04:00","https://stripe.com/jobs/search?gh_jid=8066264"
"190","8004223","1","Financial Connections TechOps Integration Reliability Engineer","Toronto","Bank Connections - Eng","Canada Locations","Unspecified","Unspecified","Internship","Unspecified","Engineering","2026-07-08T14:00:05-04:00","2026-08-28T15:14:07-04:00","https://stripe.com/jobs/search?gh_jid=8004223"
"191","8079918","1","Financial Connections TechOps Manager","Toronto, Ontario, Canada","Bank Connections - Eng","Canada Locations","Manager","3+ years","Internship","Unspecified","Operations","2026-07-23T15:02:05-04:00","2026-08-28T13:25:10-04:00","https://stripe.com/jobs/search?gh_jid=8079918"
"192","8040825","1","Firmware Engineer","Taipei City","Terminal - Eng","Taiwan Locations","Unspecified","2+ years","Internship","Unspecified","Engineering","2026-07-22T01:52:11-04:00","2026-08-18T18:00:18-04:00","https://stripe.com/jobs/search?gh_jid=8040825"
"193","8083966","1","Food Experience Manager","San Francisco","Food","US","Manager","8+ years","Contract","Remote","Uncategorized","2026-07-27T11:15:59-04:00","2026-08-18T17:38:47-04:00","https://stripe.com/jobs/search?gh_jid=8083966"
"194","8055930","1","Forward Deployed AI Accelerator, Marketing","in the USin Canada","Marketing - Marketing Operations","US","Unspecified","5+ years","Internship","Remote","Marketing","2026-07-13T19:29:13-04:00","2026-08-26T16:04:25-04:00","https://stripe.com/jobs/search?gh_jid=8055930"
"195","7747640","1","Forward Deployed AI Accelerator, Marketing","Seattle, San Francisco","Marketing - Marketing Operations","US","Unspecified","5+ years","Internship","Unspecified","Marketing","2026-03-26T10:40:17-04:00","2026-08-26T16:04:43-04:00","https://stripe.com/jobs/search?gh_jid=7747640"
"196","7230452","1","Forward Deployed Engineer, Privy","New York Privy HQ","Privy - R&D","US","Unspecified","5+ years","Internship","Unspecified","Engineering","2025-09-08T12:12:36-04:00","2026-08-18T17:38:39-04:00","https://stripe.com/jobs/search?gh_jid=7230452"
"197","8075577","1","Forward Deployed Engineer, Professional Services","United States or Canada","Professional Services","US","Unspecified","5+ years","Internship","Remote","Engineering","2026-07-29T17:11:49-04:00","2026-08-18T17:38:47-04:00","https://stripe.com/jobs/search?gh_jid=8075577"
"198","8075570","1","Forward Deployed Engineer, Professional Services","Seattle, San Francisco, or New York","AMER Delivery","US","Unspecified","5+ years","Internship","Remote","Engineering","2026-07-29T16:55:28-04:00","2026-08-18T17:38:47-04:00","https://stripe.com/jobs/search?gh_jid=8075570"
"199","8076652","1","Fraud Operations Associate (Mandarin Speaking)","Bengaluru","SDC - Bridge RiskOps","India Locations","Associate","Unspecified","Internship","Unspecified","Operations","2026-07-30T03:02:58-04:00","2026-08-18T17:37:32-04:00","https://stripe.com/jobs/search?gh_jid=8076652"
"200","7651078","1","Fraud Operations Associate SDC","Mexico City","SDC - Fraud Operations","Mexico Locations","Associate","Unspecified","Internship","Remote","Operations","2026-02-27T16:49:42-05:00","2026-08-21T16:33:02-04:00","https://stripe.com/jobs/search?gh_jid=7651078"
"201","7608396","1","Fraud Operations Manager","Bengaluru","SDC - Fraud Operations","India Locations","Manager","7+ years","Internship","Remote","Operations","2026-02-13T05:34:28-05:00","2026-08-18T17:37:19-04:00","https://stripe.com/jobs/search?gh_jid=7608396"
"202","7994541","1","Fraud Operations Manager (Mandarin-speaking)","Singapore","Fraud Operations","Singapore Locations","Manager","10+ years","Internship","Remote","Operations","2026-06-12T05:05:20-04:00","2026-08-18T17:37:26-04:00","https://stripe.com/jobs/search?gh_jid=7994541"
"203","7685460","1","Fraud Operations Team Lead","Mexico City","SDC - Fraud Operations","Mexico Locations","Lead","6+ years","Internship","Unspecified","Operations","2026-03-31T11:12:47-04:00","2026-08-18T17:37:20-04:00","https://stripe.com/jobs/search?gh_jid=7685460"
"204","8063857","1","Fraud Operations Team Lead","Bengaluru","SDC - Fraud Operations","India Locations","Lead","3+ years","Internship","On-site","Operations","2026-07-14T06:03:17-04:00","2026-08-18T17:37:30-04:00","https://stripe.com/jobs/search?gh_jid=8063857"
"205","7913410","1","Fraud Patterns Analyst","US","Fraud Operations","US","Unspecified","Unspecified","Internship","Remote","Risk & Security","2026-05-26T16:41:12-04:00","2026-08-18T17:38:43-04:00","https://stripe.com/jobs/search?gh_jid=7913410"
"206","8112448","1","Fraud Strategist","LOCATION","Fraud Risk Strategy","US","Unspecified","5+ years","Internship","Unspecified","Operations","2026-08-21T18:30:07-04:00","2026-08-21T18:30:07-04:00","https://stripe.com/jobs/search?gh_jid=8112448"
"207","7644950","1","Frontend Engineer, Expansion","N/A","Web Presence & Platform","Canada Locations","Unspecified","5+ years","Internship","Unspecified","Engineering","2026-05-04T22:09:14-04:00","2026-08-27T07:05:26-04:00","https://stripe.com/jobs/search?gh_jid=7644950"
"208","7325252","1","Frontend Engineer, Payments & Risk","N/A","Payments Experience - Eng","US","Unspecified","2+ years","Internship","Unspecified","Engineering","2025-11-21T17:22:25-05:00","2026-08-18T17:38:40-04:00","https://stripe.com/jobs/search?gh_jid=7325252"
"209","8131132","1","F&S COE Manager","Bengaluru","COE F&S (SDC)","India Locations","Manager","8+ years","Internship","Unspecified","Uncategorized","2026-08-17T01:26:41-04:00","2026-08-18T17:37:36-04:00","https://stripe.com/jobs/search?gh_jid=8131132"
"210","6786324","1","Full Stack Engineer, Billing","N/A","Billing Products","Canada Locations","Unspecified","5+ years","Internship","Remote","Engineering","2025-12-01T19:24:16-05:00","2026-08-18T17:59:41-04:00","https://stripe.com/jobs/search?gh_jid=6786324"
"211","8142764","1","Full Stack Engineer, Bridge","San Francisco, NYC","Bridge - R&D","US","Unspecified","6+ years","Unspecified","Remote","Engineering","2026-08-20T19:35:00-04:00","2026-08-20T19:35:00-04:00","https://stripe.com/jobs/search?gh_jid=8142764"
"212","6567104","1","Full Stack Engineer, Developer & End User Experience Platform","N/A","Growth - Eng","Canada Locations","Unspecified","12+ years","Internship","Unspecified","Engineering","2025-04-03T16:35:43-04:00","2026-08-18T17:59:41-04:00","https://stripe.com/jobs/search?gh_jid=6567104"
"213","8118929","1","Full Stack Engineer, Enterprise & Ecosystem","N/A","Ecosystem Product","US","Unspecified","2+ years","Internship","Unspecified","Engineering","2026-08-17T11:59:47-04:00","2026-08-18T17:38:48-04:00","https://stripe.com/jobs/search?gh_jid=8118929"
"214","7964956","1","Full Stack Engineer, Growth","Singapore","Growth - Eng","Singapore Locations","Unspecified","5+ years","Internship","Unspecified","Engineering","2026-05-29T05:02:34-04:00","2026-08-30T11:19:44-04:00","https://stripe.com/jobs/search?gh_jid=7964956"
"215","8062305","1","Full Stack Engineer, Link","New York, New York","Consumer Network - Eng","US","Unspecified","10+ years","Internship","Remote","Engineering","2026-07-13T19:11:57-04:00","2026-08-21T18:19:16-04:00","https://stripe.com/jobs/search?gh_jid=8062305"
"216","6606581","1","Full Stack Engineer, Money as a Service","N/A","Connect - Eng","Canada Locations","Unspecified","12+ years","Internship","Unspecified","Engineering","2025-12-01T19:23:21-05:00","2026-08-18T17:59:41-04:00","https://stripe.com/jobs/search?gh_jid=6606581"
"217","7091959","1","Fullstack Engineer, Privy","NYC-Privy, US","Privy - R&D","US","Unspecified","8+ years","Unspecified","Remote","Engineering","2025-08-04T11:42:07-04:00","2026-08-18T17:38:39-04:00","https://stripe.com/jobs/search?gh_jid=7091959"
"218","8039548","1","Full Stack Engineer, Support Experience (Greater China Support)","US","Support Products - Eng","US","Unspecified","5+ years","Internship","Remote","Engineering","2026-06-30T16:36:05-04:00","2026-08-18T17:38:45-04:00","https://stripe.com/jobs/search?gh_jid=8039548"
"219","7436086","1","Full Stack Engineer, Web Presence and Platform","N/A","Web Presence & Platform","Canada Locations","Unspecified","3+ years","Internship","Remote","Engineering","2025-12-10T20:02:15-05:00","2026-08-18T17:59:41-04:00","https://stripe.com/jobs/search?gh_jid=7436086"
"220","7895284","1","Full Stack Software Engineer, Brazil","Sao Paulo","Payments Global","Brazil Locations","Unspecified","5+ years","Internship","Unspecified","Engineering","2026-05-26T14:51:39-04:00","2026-08-20T16:14:48-04:00","https://stripe.com/jobs/search?gh_jid=7895284"
"221","7997545","1","Global Filing Specialist, Tax","USToronto, CAOntario","Tax Autofile","US","Unspecified","2+ years","Internship","Remote","Finance","2026-06-24T10:17:51-04:00","2026-08-18T17:38:44-04:00","https://stripe.com/jobs/search?gh_jid=7997545"
"222","7523947","1","Global Head of Specialist Solutions Architecture, Billing","SF","Specialized Solutions Architecture","US","Head","15+ years","Internship","Unspecified","Solutions Architecture","2026-01-08T14:47:08-05:00","2026-08-20T11:39:20-04:00","https://stripe.com/jobs/search?gh_jid=7523947"
"223","8146053","1","Global Partnerships Lead — Greater China, Hong Kong & Singapore","Singapore","Regional Product Partnerships","Singapore Locations","Lead","10+ years","Contract","Unspecified","Partnerships","2026-08-23T21:56:05-04:00","2026-08-26T12:08:48-04:00","https://stripe.com/jobs/search?gh_jid=8146053"
"224","7553098","1","Global People Support - Team Lead","Bengaluru","People Operations SDC","India Locations","Lead","5+ years","Internship","Unspecified","HR","2026-01-25T00:25:19-05:00","2026-08-18T17:37:18-04:00","https://stripe.com/jobs/search?gh_jid=7553098"
"225","8078168","1","Growth Marketing Manager, Greater China","Singapore","Performance Marketing","Singapore Locations","Manager","5+ years","Internship","Unspecified","Marketing","2026-07-28T21:53:01-04:00","2026-08-26T07:27:19-04:00","https://stripe.com/jobs/search?gh_jid=8078168"
"226","8097047","1","GTM Business Value Specialist","Chicago, New York, San Francisco","GTM Industries","US","Unspecified","4+ years","Internship","Unspecified","Uncategorized","2026-08-05T14:05:00-04:00","2026-08-26T20:09:05-04:00","https://stripe.com/jobs/search?gh_jid=8097047"
"227","7993610","1","GTM Operations Process Architect","USNational","Sales Operations (SS&O)","US","Unspecified","Unspecified","Contract","Remote","Operations","2026-06-18T09:51:25-04:00","2026-08-18T17:38:44-04:00","https://stripe.com/jobs/search?gh_jid=7993610"
"228","7990812","1","GTM Product Marketing Manager, Commerce Experiences","United States","Marketing - PMM","US","Manager","3+ years","Internship","Unspecified","Marketing","2026-06-22T09:19:47-04:00","2026-08-18T17:38:44-04:00","https://stripe.com/jobs/search?gh_jid=7990812"
"229","8141450","1","GTM Recruiter","Dublin","Recruiting","Ireland Locations","Unspecified","4+ years","Contract","Unspecified","HR","2026-08-19T10:26:35-04:00","2026-08-20T10:12:17-04:00","https://stripe.com/jobs/search?gh_jid=8141450"
"230","7942216","1","GTM Recruiter, AMER (Fixed Term)","Chicago, US","Recruiting","US","Unspecified","4+ years","Internship","Remote","HR","2026-07-02T16:59:15-04:00","2026-08-18T17:38:43-04:00","https://stripe.com/jobs/search?gh_jid=7942216"
"231","8141453","1","GTM Recruiter, APAC (Fixed Term Contract)","Singapore","Recruiting","Singapore Locations","Unspecified","4+ years","Internship","Unspecified","HR","2026-08-24T00:22:58-04:00","2026-08-27T08:07:45-04:00","https://stripe.com/jobs/search?gh_jid=8141453"
"232","8145119","1","GTM Strategy & Operations Analyst","New York, NY","Global Operations","US-PERM","Unspecified","Unspecified","Internship","Remote","Operations","2026-08-20T15:44:20-04:00","2026-08-20T15:44:20-04:00","https://stripe.com/jobs/search?gh_jid=8145119"
"233","8128634","1","Head of AEO & SEO","US; Chicago, Atlanta, Canada","Performance Marketing","US","Head","10+ years","Internship","Remote","Uncategorized","2026-08-13T17:08:27-04:00","2026-08-19T17:04:27-04:00","https://stripe.com/jobs/search?gh_jid=8128634"
"234","8014382","1","Head of Brand Studio Operations","US","Brand Studio","US","Head","12+ years","Internship","Unspecified","Marketing","2026-08-24T23:48:56-04:00","2026-08-25T12:01:50-04:00","https://stripe.com/jobs/search?gh_jid=8014382"
"235","8100129","1","Head of Enterprise Sales","New York","GEO Sales HQ (NA)","US","Head","15+ years","Internship","Unspecified","Sales","2026-08-05T17:39:11-04:00","2026-08-18T17:38:48-04:00","https://stripe.com/jobs/search?gh_jid=8100129"
"236","7915144","1","Head of Enterprise Solutions Architecture Platforms","San Francisco, CA","Solutions Architecture (AMER)","US","Head","6+ years","Internship","Unspecified","Solutions Architecture","2026-05-20T20:32:28-04:00","2026-08-20T11:40:39-04:00","https://stripe.com/jobs/search?gh_jid=7915144"
"237","7950828","1","Head of Finance Operations","Bengaluru","SDC - MonOps","India Locations","Head","18+ years","Internship","Remote","Finance","2026-06-04T02:45:23-04:00","2026-08-18T17:37:25-04:00","https://stripe.com/jobs/search?gh_jid=7950828"
"238","8156998","1","Head of Grower Sales, Billing","New York, San Francisco, Chicago, Seattle","Product Sales - RFA ex Billing","US","Head","10+ years","Internship","Unspecified","Sales","2026-08-27T11:17:45-04:00","2026-08-27T11:17:45-04:00","https://stripe.com/jobs/search?gh_jid=8156998"
"239","8065643","1","Head of Marketing Operations","San Francisco, New York, Seattle, Chicago, Atlanta, Torontoin the USin Canada","Marketing - Marketing Operations","US","Head","10+ years","Internship","Remote","Marketing","2026-07-14T17:45:34-04:00","2026-08-18T17:38:46-04:00","https://stripe.com/jobs/search?gh_jid=8065643"
"240","8059299","1","Head of Marketing, Southeast Asia","Singapore","Marketing - APAC","Singapore Locations","Head","8+ years","Contract","Unspecified","Marketing","2026-07-15T21:41:40-04:00","2026-08-26T21:13:22-04:00","https://stripe.com/jobs/search?gh_jid=8059299"
"241","8036235","1","Head of Market Intelligence, Product Marketing","SF, Seattle, NYC, Chicagoin the US","Marketing - PMM","US","Head","10+ years","Internship","Remote","Marketing","2026-06-29T15:10:12-04:00","2026-08-18T17:38:45-04:00","https://stripe.com/jobs/search?gh_jid=8036235"
"242","8154531","1","Head of Money Management, Finance & Strategy","Seattle, San Francisco, New York, Chicago","MaaS F&S","US","Head","12+ years","Internship","Unspecified","Finance","2026-08-26T15:13:50-04:00","2026-08-26T18:54:38-04:00","https://stripe.com/jobs/search?gh_jid=8154531"
"243","8072764","1","Head of Sales Development, AMER","Chicago","Global Sales Development Mgrs","US","Head","10+ years","Internship","Hybrid","Sales","2026-07-23T12:57:15-04:00","2026-08-18T17:38:47-04:00","https://stripe.com/jobs/search?gh_jid=8072764"
"244","8068521","1","Head of Self-Serve Paid Media","San Francisco, New York, Seattle, Chicago, Atlantain the US, Torontoin Canada","Performance Marketing","US","Head","10+ years","Internship","Remote","Marketing","2026-07-20T20:55:32-04:00","2026-08-31T16:45:27-04:00","https://stripe.com/jobs/search?gh_jid=8068521"
"245","8110416","1","Head of Startup Sales (Grower) - AMER","San Francisco","GEO Sales HQ (NA)","US","Head","10+ years","Internship","Unspecified","Sales","2026-08-11T17:12:37-04:00","2026-08-18T17:38:48-04:00","https://stripe.com/jobs/search?gh_jid=8110416"
"246","8076108","1","Head of Strategic Risk Programs, New Markets","Singapore","Risk Operations Enablement","Singapore Locations","Head","10+ years","Internship","Remote","Risk & Security","2026-07-21T03:15:30-04:00","2026-08-18T17:37:31-04:00","https://stripe.com/jobs/search?gh_jid=8076108"
"247","7520686","1","Implementation Specialist, GTM Accelerate","Dublin","SDC - Accelerate","Ireland Locations","Unspecified","2+ years","Internship","On-site","Operations","2026-01-13T01:41:11-05:00","2026-08-27T10:43:36-04:00","https://stripe.com/jobs/search?gh_jid=7520686"
"248","7393071","1","Implementation Specialist, GTM Accelerate","Mexico","SDC - Accelerate","Mexico Locations","Unspecified","2+ years","Internship","Unspecified","Operations","2025-12-03T01:23:55-05:00","2026-08-31T12:11:03-04:00","https://stripe.com/jobs/search?gh_jid=7393071"
"249","7589400","1","Indirect Tax Advisory Consultant","Dublin or London","Tax","Ireland Locations","Unspecified","6+ years","Internship","Unspecified","Finance","2026-02-05T11:49:56-05:00","2026-08-18T17:57:23-04:00","https://stripe.com/jobs/search?gh_jid=7589400"
"250","7462961","1","Infrastructure Engineer, Privy","New York","Privy - R&D","US","Unspecified","8+ years","Unspecified","Unspecified","Engineering","2026-01-02T18:20:05-05:00","2026-08-18T17:38:40-04:00","https://stripe.com/jobs/search?gh_jid=7462961"
"251","8067276","1","Integrated Campaigns Manager - Stablecoins, Crypto, and Bridge","US","Bridge - Marketing","US","Manager","8+ years","Internship","Remote","Uncategorized","2026-07-15T12:38:40-04:00","2026-08-18T17:38:46-04:00","https://stripe.com/jobs/search?gh_jid=8067276"
"252","7819426","1","Integration Engineer (Chicago)","Chicago","AMER Delivery","US","Unspecified","4+ years","Internship","Unspecified","Engineering","2026-04-29T13:15:11-04:00","2026-08-18T17:38:42-04:00","https://stripe.com/jobs/search?gh_jid=7819426"
"253","7896519","1","Integration Engineer (Global)","Toronto","AMER Delivery","Canada Locations","Unspecified","4+ years","Internship","Unspecified","Engineering","2026-05-14T11:44:01-04:00","2026-08-18T17:59:42-04:00","https://stripe.com/jobs/search?gh_jid=7896519"
"254","8080454","1","Integration Engineer, Metronome","","Global Sales & Business Ops HQ","US","Unspecified","10+ years","Internship","Remote","Engineering","2026-08-18T09:25:04-04:00","2026-08-18T17:38:47-04:00","https://stripe.com/jobs/search?gh_jid=8080454"
"255","8053417","1","Integration Engineer, SEA/GCN","Singapore","APAC Delivery","Singapore Locations","Unspecified","8+ years","Internship","Remote","Engineering","2026-07-17T06:28:28-04:00","2026-08-18T17:37:30-04:00","https://stripe.com/jobs/search?gh_jid=8053417"
"256","8054241","1","Integration Reliability Engineer, Payments","Canada","Payins - Eng","Canada Locations","Unspecified","2+ years","Internship","Unspecified","Engineering","2026-07-21T20:04:24-04:00","2026-08-18T17:59:42-04:00","https://stripe.com/jobs/search?gh_jid=8054241"
"257","8026689","1","Internal Audit Data Analytics Lead","Toronto, New York, San Francisco","Internal Audit","US","Intern","5+ years","Internship","Unspecified","Data","2026-06-26T09:48:43-04:00","2026-08-18T17:38:45-04:00","https://stripe.com/jobs/search?gh_jid=8026689"
"258","7569605","1","Internal Audit Lead, Merchant Acquirer Limited Purpose Bank (MALPB)","Atlanta; New York","Internal Audit","US","Intern","8+ years","Internship","Unspecified","Finance","2026-02-09T12:09:10-05:00","2026-08-18T17:38:41-04:00","https://stripe.com/jobs/search?gh_jid=7569605"
"259","7997826","1","Internal Audit Lead, Stablecoins & Digital Assets","San Francisco, Seattle, New York City","Internal Audit","US","Intern","8+ years","Contract","Unspecified","Finance","2026-06-15T16:34:23-04:00","2026-08-18T17:38:44-04:00","https://stripe.com/jobs/search?gh_jid=7997826"
"260","8036233","1","Internal Auditor - APAC Regulatory & Financial Operations","Singapore","Internal Audit","Singapore Locations","Intern","6+ years","Internship","On-site","Finance","2026-06-29T22:51:25-04:00","2026-08-18T17:37:29-04:00","https://stripe.com/jobs/search?gh_jid=8036233"
"261","7678541","1","Internal Audit - Treasury","Dublin OR London","Internal Audit","Ireland Locations","Intern","8+ years","Internship","On-site","Finance","2026-03-25T05:27:34-04:00","2026-08-18T17:57:23-04:00","https://stripe.com/jobs/search?gh_jid=7678541"
"262","7896151","1","Internal Product Engineer, Developer Productivity AI","Toronto, Canada","Core Infrastructure","Canada Locations","Intern","2+ years","Internship","Unspecified","Engineering","2026-05-05T17:52:10-04:00","2026-08-18T17:59:41-04:00","https://stripe.com/jobs/search?gh_jid=7896151"
"263","7838593","1","International Accounting Lead","Dublin","Accounting","Ireland Locations","Intern","10+ years","Contract","Unspecified","Finance","2026-04-29T15:55:27-04:00","2026-08-18T17:57:23-04:00","https://stripe.com/jobs/search?gh_jid=7838593"
"264","8083464","1","Investment Lead, Intercept","New York City, San Francisco, US","Colds Program - G&A","US","Lead","2+ years","Internship","Remote","Uncategorized","2026-07-25T05:13:12-04:00","2026-08-18T17:38:47-04:00","https://stripe.com/jobs/search?gh_jid=8083464"
"265","8114514","1","IT SOX Controls Specialist","SEA, SF, NYC","SOX","US","Unspecified","10+ years","Internship","Unspecified","Uncategorized","2026-08-07T16:54:29-04:00","2026-08-18T17:38:48-04:00","https://stripe.com/jobs/search?gh_jid=8114514"
"266","8096788","1","IT Support Engineer","Dublin","CorpTech Customer Success","Ireland Locations","Unspecified","2+ years","Contract","Remote","Engineering","2026-07-31T04:45:04-04:00","2026-08-18T17:57:25-04:00","https://stripe.com/jobs/search?gh_jid=8096788"
"267","8022463","1","KYB/KYC Operations Associate, Bridge (English fluency)","Mexico City","SDC - Bridge RiskOps","Mexico Locations","Associate","2+ years","Internship","On-site","Operations","2026-06-23T14:47:17-04:00","2026-08-19T11:53:44-04:00","https://stripe.com/jobs/search?gh_jid=8022463"
"268","6209187","1","Legal Entity Controller","Bangalore","BFin - Accounting (SDC)","India Locations","Unspecified","9+ years","Internship","Unspecified","Finance","2024-10-15T04:05:27-04:00","2026-08-18T17:37:13-04:00","https://stripe.com/jobs/search?gh_jid=6209187"
"269","8095866","1","Legal Operations Associate","Bengaluru","SDC - Legal Operations","India Locations","Associate","6+ years","Internship","On-site","Operations","2026-08-18T00:18:44-04:00","2026-08-18T17:37:33-04:00","https://stripe.com/jobs/search?gh_jid=8095866"
"270","8111799","1","Legal Operations Team Lead","Bengaluru","SDC - Legal Operations","India Locations","Lead","3+ years","Internship","Unspecified","Operations","2026-08-11T06:43:23-04:00","2026-08-18T17:37:34-04:00","https://stripe.com/jobs/search?gh_jid=8111799"
"271","8082149","1","Lifecycle Marketing Manager, Capital","US","Marketing - Marketing Operations","US","Manager","7+ years","Internship","Remote","Marketing","2026-07-24T06:08:35-04:00","2026-08-18T17:38:47-04:00","https://stripe.com/jobs/search?gh_jid=8082149"
"272","8014859","1","Machine Learning Engineer","Toronto","ML Foundations","Canada Locations","Unspecified","3+ years","Full-time","Unspecified","Engineering","2026-07-10T17:00:11-04:00","2026-08-18T17:59:42-04:00","https://stripe.com/jobs/search?gh_jid=8014859"
"273","8137997","1","Machine Learning Engineer","South San Francisco, CA","Global Operations","US-PERM","Unspecified","Unspecified","Internship","Remote","Engineering","2026-08-17T18:06:29-04:00","2026-08-18T17:38:49-04:00","https://stripe.com/jobs/search?gh_jid=8137997"
"274","8069506","1","Machine Learning Engineering Manager - Fraud Detection","N/A","Risk Credit & Fraud","US","Manager","3+ years","Internship","Remote","Engineering","2026-07-16T13:23:32-04:00","2026-08-18T17:38:46-04:00","https://stripe.com/jobs/search?gh_jid=8069506"
"275","8069155","1","Manager, Administrative Coordinator Program","Mexico City","Executive Operations","Mexico Locations","Manager","Unspecified","Internship","Unspecified","Administration","2026-07-16T13:53:32-04:00","2026-08-18T17:37:31-04:00","https://stripe.com/jobs/search?gh_jid=8069155"
"276","8014898","1","Manager, Global Sanctions","United States","Financial Crimes Operations","US","Manager","10+ years","Internship","Unspecified","Risk & Security","2026-06-18T07:26:00-04:00","2026-08-18T17:38:45-04:00","https://stripe.com/jobs/search?gh_jid=8014898"
"277","7896802","1","Manager, Global Sanctions","Ireland","SDC - Financial Crimes","Ireland Locations","Manager","10+ years","Internship","Unspecified","Risk & Security","2026-05-08T11:49:15-04:00","2026-08-18T17:57:24-04:00","https://stripe.com/jobs/search?gh_jid=7896802"
"278","7703750","1","Manager - Legal Entity Controller","Bengaluru","BFin - Accounting (SDC)","India Locations","Manager","15+ years","Internship","Unspecified","Finance","2026-03-25T11:34:39-04:00","2026-08-18T17:37:20-04:00","https://stripe.com/jobs/search?gh_jid=7703750"
"279","8138302","1","Manager, Risk Operations Technology Programs","United States","Risk Operations Enablement","US","Manager","5+ years","Internship","Unspecified","Operations","2026-08-18T10:49:23-04:00","2026-08-18T17:38:49-04:00","https://stripe.com/jobs/search?gh_jid=8138302"
"280","7896538","1","Manager, Sales Development","Chicago, Illinois","Global Sales Development Mgrs","US","Manager","2+ years","Internship","Unspecified","Sales","2026-05-11T11:19:11-04:00","2026-08-24T12:19:59-04:00","https://stripe.com/jobs/search?gh_jid=7896538"
"281","7337544","1","Manager, Sales Development","Dublin","Global Sales Development Mgrs","Ireland Locations","Manager","2+ years","Internship","Unspecified","Sales","2025-10-28T04:53:42-04:00","2026-08-18T17:57:23-04:00","https://stripe.com/jobs/search?gh_jid=7337544"
"282","8104302","1","Manager, Solution Architecture Platforms","South San Francisco, CA , New York, NY","Solutions Architecture (AMER)","US","Manager","3+ years","Internship","Unspecified","Solutions Architecture","2026-08-05T17:06:13-04:00","2026-08-20T11:45:13-04:00","https://stripe.com/jobs/search?gh_jid=8104302"
"283","8040143","1","Manager, TAM (Greater China)","Singapore","Technical Account Management, Support & Services - APAC","Singapore Locations","Manager","10+ years","Internship","Unspecified","Uncategorized","2026-07-02T02:44:32-04:00","2026-08-18T17:37:29-04:00","https://stripe.com/jobs/search?gh_jid=8040143"
"284","7767222","1","Manager, Technical Account Management","Dublin","Technical Account Management, Support & Services - EMEA","Ireland Locations","Manager","7+ years","Internship","Unspecified","Uncategorized","2026-03-31T07:03:09-04:00","2026-08-18T17:57:23-04:00","https://stripe.com/jobs/search?gh_jid=7767222"
"285","7664667","1","Manager, Technical Account Management","Sydney or Melbourne","Technical Account Management, Support & Services - APAC","Australia Locations","Manager","15+ years","Internship","Unspecified","Uncategorized","2026-03-25T03:09:49-04:00","2026-08-18T17:37:20-04:00","https://stripe.com/jobs/search?gh_jid=7664667"
"286","7805386","1","Marketing Operations Manager","India, Bangalore","SDC - Marketing","India Locations","Manager","10+ years","Internship","Unspecified","Marketing","2026-04-28T03:00:19-04:00","2026-08-18T17:37:21-04:00","https://stripe.com/jobs/search?gh_jid=7805386"
"287","8069943","1","Marketing Services Program Manager","Bangalore","Marketing - Marketing Operations","India Locations","Manager","5+ years","Internship","Unspecified","Program Management","2026-08-13T22:47:21-04:00","2026-08-18T17:37:31-04:00","https://stripe.com/jobs/search?gh_jid=8069943"
"288","8022713","1","ML Engineer Manager, AI Conversation Platform","Toronto, Canada","Support Products - Eng","Canada Locations","Manager","4+ years","Internship","Unspecified","Engineering","2026-07-07T10:49:34-04:00","2026-08-18T17:59:42-04:00","https://stripe.com/jobs/search?gh_jid=8022713"
"289","7978915","1","Mobile Engineer, Treasury","United Kingdom","Treasury for Platforms - Eng","United Kingdom Locations","Unspecified","3+ years","Internship","Unspecified","Engineering","2026-06-03T13:34:19-04:00","2026-08-18T17:57:24-04:00","https://stripe.com/jobs/search?gh_jid=7978915"
"290","8021192","1","Monetization Operations Analyst","IN - Bengaluru","SDC - MonOps","India Locations","Unspecified","5+ years","Contract","Unspecified","Operations","2026-06-24T05:29:11-04:00","2026-08-18T17:37:28-04:00","https://stripe.com/jobs/search?gh_jid=8021192"
"291","8109554","1","Monetization Operations Analyst","Seattle, WA","Global Operations","US-PERM","Unspecified","4+ years","Contract","Remote","Operations","2026-08-05T14:17:51-04:00","2026-08-18T17:38:48-04:00","https://stripe.com/jobs/search?gh_jid=8109554"
"292","7769564","1","Motion Designer, Stripe Identity","Spain","Brand Studio","Spain Locations","Unspecified","5+ years","Contract","Unspecified","Design","2026-04-01T12:07:42-04:00","2026-08-18T17:57:23-04:00","https://stripe.com/jobs/search?gh_jid=7769564"
"293","8131339","1","Operations Associate, Apprenticeship","Bengaluru","SDC - Central Operations Enablement","IN-Bengaluru","Associate","Unspecified","Internship","On-site","Operations","2026-09-01T00:50:45-04:00","2026-09-01T00:50:45-04:00","https://stripe.com/jobs/search?gh_jid=8131339"
"294","7955051","1","Operations Associate - Bridge (CDMX)","Mexico City","SDC - Bridge","Mexico Locations","Associate","Unspecified","Internship","On-site","Operations","2026-06-05T19:44:56-04:00","2026-08-31T17:58:51-04:00","https://stripe.com/jobs/search?gh_jid=7955051"
"295","8014995","1","Operations Associate, Financial Crimes (AML Investigations)","Mexico City","SDC - Financial Crimes","Mexico Locations","Associate","2+ years","Internship","Unspecified","Operations","2026-06-18T15:01:34-04:00","2026-08-18T17:37:28-04:00","https://stripe.com/jobs/search?gh_jid=8014995"
"296","8102597","1","Operations Associate, Financial Crimes EDD/PEP","Bangalore","SDC - Financial Crimes","India Locations","Associate","2+ years","Internship","Unspecified","Operations","2026-08-26T05:59:47-04:00","2026-08-27T06:26:07-04:00","https://stripe.com/jobs/search?gh_jid=8102597"
"297","7202953","1","Operations Associate, Financial Crimes EDD/PEP","Mexico City","SDC - Financial Crimes","Mexico Locations","Associate","2+ years","Internship","Unspecified","Operations","2025-08-29T13:10:20-04:00","2026-08-18T17:37:15-04:00","https://stripe.com/jobs/search?gh_jid=7202953"
"298","8011682","1","Operations Associate - Managed Support (Includes Weekend Rotation)","Mexico City","SDC - Managed Operations: Issuing","Mexico Locations","Associate","Unspecified","Internship","On-site","Operations","2026-06-25T11:41:53-04:00","2026-08-26T06:55:37-04:00","https://stripe.com/jobs/search?gh_jid=8011682"
"299","8093103","1","Operations Associate - Managed Support (Includes Weekend Rotation)","Mexico City","SDC - Managed Operations: Billing","Mexico Locations","Associate","Unspecified","Internship","On-site","Operations","2026-08-26T07:16:22-04:00","2026-08-26T07:16:22-04:00","https://stripe.com/jobs/search?gh_jid=8093103"
"300","7544547","1","Operations Associate, New Grad (Mexico)","Mexico City, Mexico","SDC - Fraud Operations","MX-Mexico City","Associate","Unspecified","Full-time","On-site","Operations","2026-01-28T14:00:36-05:00","2026-08-18T17:37:18-04:00","https://stripe.com/jobs/search?gh_jid=7544547"
"301","7981587","1","Operations Associate - Product Support Operations (CDMX)","MX- Mexico City","SDC - Product Support","Mexico Locations","Associate","Unspecified","Internship","On-site","Operations","2026-06-08T20:34:30-04:00","2026-08-18T17:37:26-04:00","https://stripe.com/jobs/search?gh_jid=7981587"
"302","7997542","1","Operations Insights, Tax","US","Tax Autofile","US","Unspecified","3+ years","Internship","Remote","Finance","2026-06-18T09:41:15-04:00","2026-08-18T17:38:44-04:00","https://stripe.com/jobs/search?gh_jid=7997542"
"303","7815794","1","Operations Program Manager, Capital Collections","US-NYC or US-SF","Product Experience Operations","US","Manager","3+ years","Internship","Unspecified","Program Management","2026-04-16T15:47:40-04:00","2026-08-18T17:38:42-04:00","https://stripe.com/jobs/search?gh_jid=7815794"
"304","8109426","1","Operations Program Manager, Tax","US","Tax Autofile","US","Manager","3+ years","Internship","Remote","Program Management","2026-08-05T14:22:39-04:00","2026-08-18T17:38:48-04:00","https://stripe.com/jobs/search?gh_jid=8109426"
"305","8096790","1","Partner Development Manager","Mexico","Alliances & Channels","Mexico Locations","Manager","8+ years","Internship","Unspecified","Partnerships","2026-08-14T08:27:42-04:00","2026-08-18T17:37:33-04:00","https://stripe.com/jobs/search?gh_jid=8096790"
"306","8104427","1","Partner Development Manager","London","Regional Product Partnerships","United Kingdom Locations","Manager","10+ years","Internship","Unspecified","Partnerships","2026-08-10T11:04:38-04:00","2026-08-18T17:57:25-04:00","https://stripe.com/jobs/search?gh_jid=8104427"
"307","7289456","1","Partner Development Manager (Banks)","London - United Kingdom","CBO Admin","United Kingdom Locations","Manager","7+ years","Internship","Unspecified","Partnerships","2025-10-07T09:24:55-04:00","2026-08-18T17:57:23-04:00","https://stripe.com/jobs/search?gh_jid=7289456"
"308","8143073","1","Partner Development Manager, Global Money Management","US-NYC; US-San Francisco","Financial Services Partnerships","US","Manager","12+ years","Internship","Unspecified","Partnerships","2026-08-27T11:53:52-04:00","2026-08-27T11:53:52-04:00","https://stripe.com/jobs/search?gh_jid=8143073"
"309","7461966","1","Partner Development Manager, Global Strategic Alliances","US-SF","Alliances & Channels","US","Manager","12+ years","Internship","Unspecified","Partnerships","2025-12-11T10:04:17-05:00","2026-08-18T17:38:40-04:00","https://stripe.com/jobs/search?gh_jid=7461966"
"310","8090126","1","Partner Development Manager, Link - Payments Partnerships","US-NYC; US-San Francisco; US-Seattle; US; US- Chicago; US-Atlanta; Canada-Toronto; Canada","Core Product Partnerships","US","Manager","10+ years","Internship","Remote","Partnerships","2026-07-30T15:08:54-04:00","2026-08-18T17:38:48-04:00","https://stripe.com/jobs/search?gh_jid=8090126"
"311","8139202","1","Partner Development Manager- Platforms","Dublin","Alliances & Channels","Ireland Locations","Manager","8+ years","Internship","Unspecified","Partnerships","2026-08-18T11:06:55-04:00","2026-08-20T09:38:03-04:00","https://stripe.com/jobs/search?gh_jid=8139202"
"312","7973002","1","Partner Development Manager, Strategic Partnerships","US-San Francisco; US-New York City; US-Seattle; US; US-Chicago; CA-Toronto; CA","Core Product Partnerships","US","Manager","8+ years","Internship","Remote","Partnerships","2026-06-03T09:48:20-04:00","2026-08-25T12:20:26-04:00","https://stripe.com/jobs/search?gh_jid=7973002"
"313","8094869","1","Partner Development Manager, Strategic Partnerships","US-NYC; US-San Francisco; US-Seattle; US; US- Chicago; US-Atlanta; Canada-Toronto; Canada","Core Product Partnerships","US","Manager","10+ years","Internship","Remote","Partnerships","2026-07-29T15:07:53-04:00","2026-08-18T17:38:48-04:00","https://stripe.com/jobs/search?gh_jid=8094869"
"314","8155164","1","Partner Development Manager, Strategic Payment Partnerships","US-San Francisco; US-New York City; US-Seattle; US; US-Chicago; CA-Toronto; CA","Core Product Partnerships","US","Manager","8+ years","Internship","Remote","Partnerships","2026-08-25T11:54:31-04:00","2026-08-25T11:54:31-04:00","https://stripe.com/jobs/search?gh_jid=8155164"
"315","8024033","1","Partner Solutions Architect, AI Partnerships","N/A","Partner Solution Engineering","US","Unspecified","8+ years","Internship","Unspecified","Solutions Architecture","2026-07-23T08:00:07-04:00","2026-08-18T17:38:45-04:00","https://stripe.com/jobs/search?gh_jid=8024033"
"316","7607761","1","Partner Solutions Architect - AWS","New York","Partner Solution Engineering","US","Unspecified","10+ years","Internship","Unspecified","Solutions Architecture","2026-02-12T19:48:47-05:00","2026-08-18T17:38:41-04:00","https://stripe.com/jobs/search?gh_jid=7607761"
"317","7927330","1","Partner Solutions Architect - Billing","USA","Partner Solution Engineering","US","Unspecified","10+ years","Internship","Unspecified","Solutions Architecture","2026-05-14T17:02:31-04:00","2026-08-18T17:38:43-04:00","https://stripe.com/jobs/search?gh_jid=7927330"
"318","8140581","1","Partner Solutions Architect - Commerce Partners","Chicago, Atlanta","Partner Solution Engineering","US","Unspecified","10+ years","Internship","Remote","Solutions Architecture","2026-08-19T12:50:31-04:00","2026-08-19T12:50:31-04:00","https://stripe.com/jobs/search?gh_jid=8140581"
"319","7927324","1","Partner Solutions Architect - LatAm","Mexico City","Partner Solution Engineering","Mexico Locations","Unspecified","4+ years","Internship","Unspecified","Solutions Architecture","2026-05-14T17:12:40-04:00","2026-08-18T17:37:24-04:00","https://stripe.com/jobs/search?gh_jid=7927324"
"320","7964568","1","Partner Solutions Architect, Technology Partnerships","United States","Partner Solution Engineering","US","Unspecified","10+ years","Internship","Remote","Solutions Architecture","2026-06-09T16:26:29-04:00","2026-08-18T17:38:43-04:00","https://stripe.com/jobs/search?gh_jid=7964568"
"321","7454647","1","Payment Advisory Partnerships Lead- EMEA","London","Alliances & Channels","United Kingdom Locations","Lead","8+ years","Internship","Unspecified","Partnerships","2025-12-09T11:55:28-05:00","2026-08-18T17:57:23-04:00","https://stripe.com/jobs/search?gh_jid=7454647"
"322","7975721","1","Payments Analyst","LOCATION","SDC - Tech Ops","India Locations","Unspecified","3+ years","Internship","Unspecified","Uncategorized","2026-06-09T03:20:07-04:00","2026-08-18T17:37:25-04:00","https://stripe.com/jobs/search?gh_jid=7975721"
"323","7913406","1","Payments Fraud Investigator","US","Fraud Operations","US","Unspecified","3+ years","Internship","Remote","Risk & Security","2026-05-26T16:28:58-04:00","2026-08-18T17:38:43-04:00","https://stripe.com/jobs/search?gh_jid=7913406"
"324","7554002","1","Payments Fraud Investigator","Ireland","Fraud Operations","Ireland Locations","Unspecified","3+ years","Internship","Remote","Risk & Security","2026-01-26T01:25:51-05:00","2026-08-31T19:47:39-04:00","https://stripe.com/jobs/search?gh_jid=7554002"
"325","7562148","1","Payments Performance Strategist","San Francisco, CA; New York, NY; Chicago, IL; Seattle, WA; Atlanta, GA","Payment Performance","US","Unspecified","10+ years","Internship","Unspecified","Finance","2026-05-05T09:52:20-04:00","2026-08-18T17:38:40-04:00","https://stripe.com/jobs/search?gh_jid=7562148"
"326","8068669","1","Payments Performance Strategist (Greater China)","Singapore","Payment Performance","Singapore Locations","Unspecified","8+ years","Internship","Unspecified","Finance","2026-07-15T23:48:19-04:00","2026-08-26T12:19:11-04:00","https://stripe.com/jobs/search?gh_jid=8068669"
"327","8069694","1","People Analytics Analyst & Business Partner","Dublin, London","People Analytics & Research","Ireland Locations","Unspecified","5+ years","Internship","Unspecified","Data","2026-07-27T12:23:06-04:00","2026-08-18T17:57:25-04:00","https://stripe.com/jobs/search?gh_jid=8069694"
"328","7773621","1","People Consultant","Mexico City","People Consultants","Mexico Locations","Unspecified","5+ years","Internship","Unspecified","HR","2026-04-02T11:57:31-04:00","2026-08-18T17:37:21-04:00","https://stripe.com/jobs/search?gh_jid=7773621"
"329","7866374","1","People Consultant","Chicago","People Consultants","US","Unspecified","8+ years","Internship","Unspecified","HR","2026-05-04T10:43:21-04:00","2026-08-25T09:23:21-04:00","https://stripe.com/jobs/search?gh_jid=7866374"
"330","7704660","1","People Partner","San Francisco, Seattle, New York, Chicago, Atlanta or Toronto","People Partners","US","Unspecified","10+ years","Internship","Unspecified","HR","2026-03-12T06:37:28-04:00","2026-08-31T18:13:12-04:00","https://stripe.com/jobs/search?gh_jid=7704660"
"331","7466921","1","People Partner, Technology","San Francisco, Chicago, New York City or Seattle","People Partners","US","Unspecified","10+ years","Internship","On-site","HR","2026-01-06T11:54:15-05:00","2026-08-18T17:38:40-04:00","https://stripe.com/jobs/search?gh_jid=7466921"
"332","8039954","1","People Project Manager","USAtlanta, Chicago","People Systems & Solutions","US","Manager","7+ years","Internship","Remote","Program Management","2026-07-16T11:42:39-04:00","2026-08-24T18:56:34-04:00","https://stripe.com/jobs/search?gh_jid=8039954"
"333","7858811","1","Portfolio Pricing Strategist","US","Product Pricing","US","Unspecified","7+ years","Internship","Remote","Finance","2026-05-04T18:05:58-04:00","2026-08-18T17:38:42-04:00","https://stripe.com/jobs/search?gh_jid=7858811"
"334","8053517","1","Privacy Operations Program Manager","US","Data Protection & Privacy","US","Manager","5+ years","Internship","Remote","Program Management","2026-07-22T11:59:39-04:00","2026-08-18T17:38:46-04:00","https://stripe.com/jobs/search?gh_jid=8053517"
"335","8094087","1","Privacy Operations Program Manager","Dublin, London","Data Protection & Privacy","Ireland Locations","Manager","5+ years","Internship","Unspecified","Program Management","2026-07-31T10:11:17-04:00","2026-08-18T17:57:25-04:00","https://stripe.com/jobs/search?gh_jid=8094087"
"336","8139998","1","Product Analytics - Developer Experience, Bridge","N/A","Bridge - R&D","US","Unspecified","6+ years","Internship","Unspecified","Engineering","2026-08-18T15:01:07-04:00","2026-08-18T17:38:49-04:00","https://stripe.com/jobs/search?gh_jid=8139998"
"337","8089358","1","Product Communications: crypto products","SF","Communications","US","Unspecified","Unspecified","Internship","Unspecified","Marketing","2026-08-05T17:56:17-04:00","2026-08-20T16:42:28-04:00","https://stripe.com/jobs/search?gh_jid=8089358"
"338","8010302","1","Product Compliance and Enablement Advisor","Singapore","FinCRO","Singapore Locations","Unspecified","7+ years","Internship","Unspecified","Risk & Security","2026-06-18T10:49:12-04:00","2026-08-18T17:37:27-04:00","https://stripe.com/jobs/search?gh_jid=8010302"
"339","8003129","1","Product Compliance and Enablement Manager","London, Dublin","FinCRO","United Kingdom Locations","Manager","9+ years","Internship","Unspecified","Risk & Security","2026-06-12T13:06:13-04:00","2026-08-27T14:50:34-04:00","https://stripe.com/jobs/search?gh_jid=8003129"
"340","8089069","1","Product Counsel","US","Product & Partnering Legal","US","Unspecified","5+ years","Internship","Remote","Legal","2026-07-27T16:39:34-04:00","2026-08-18T17:38:47-04:00","https://stripe.com/jobs/search?gh_jid=8089069"
"341","7930151","1","Product Counsel, Data Products","US","Commercial Legal","US","Unspecified","6+ years","Internship","Remote","Legal","2026-05-20T16:56:21-04:00","2026-08-18T17:38:43-04:00","https://stripe.com/jobs/search?gh_jid=7930151"
"342","8125473","1","Product Counsel (Money Movement Legal - APAC)","Singapore","Product & Partnering Legal","Singapore Locations","Unspecified","5+ years","Contract","Unspecified","Legal","2026-08-13T02:16:28-04:00","2026-08-18T17:37:35-04:00","https://stripe.com/jobs/search?gh_jid=8125473"
"343","7558757","1","Product Counsel, Payments & Terminal","USToronto","Product & Partnering Legal","US","Unspecified","5+ years","Contract","Remote","Legal","2026-02-24T14:24:42-05:00","2026-08-18T17:38:41-04:00","https://stripe.com/jobs/search?gh_jid=7558757"
"344","7568117","1","Product Designer, Connect Risk","US / Canada","Product Design","US","Unspecified","6+ years","Internship","Unspecified","Product","2026-01-28T09:37:52-05:00","2026-08-19T13:50:57-04:00","https://stripe.com/jobs/search?gh_jid=7568117"
"345","7980578","1","Product Designer - Dashboard","US / Canada","Product Design","US","Unspecified","4+ years","Internship","Unspecified","Product","2026-06-04T14:34:56-04:00","2026-08-18T17:38:44-04:00","https://stripe.com/jobs/search?gh_jid=7980578"
"346","7861422","1","Product Designer, Global","Ireland","Product Design","Ireland Locations","Unspecified","6+ years","Internship","Unspecified","Product","2026-04-29T04:48:33-04:00","2026-08-18T17:57:24-04:00","https://stripe.com/jobs/search?gh_jid=7861422"
"347","8164479","1","Product Designer, Growth","New York, NY","Global Operations","US-PERM","Unspecified","4+ years","Internship","Remote","Product","2026-08-28T13:29:15-04:00","2026-08-28T13:29:15-04:00","https://stripe.com/jobs/search?gh_jid=8164479"
"348","7954207","1","Product Designer, Internal Tools","US / Canada","Product Design","US","Intern","5+ years","Internship","Unspecified","Product","2026-05-29T11:48:35-04:00","2026-08-18T17:38:43-04:00","https://stripe.com/jobs/search?gh_jid=7954207"
"349","8155002","1","Product Designer, Link","US / Canada","Product Design","US","Unspecified","4+ years","Internship","Unspecified","Product","2026-08-24T15:46:34-04:00","2026-08-24T15:46:34-04:00","https://stripe.com/jobs/search?gh_jid=8155002"
"350","7954118","1","Product Designer, Risk","Ireland / United Kingdom","Product Design","United Kingdom Locations","Unspecified","8+ years","Internship","Unspecified","Product","2026-05-28T05:01:43-04:00","2026-08-18T17:57:24-04:00","https://stripe.com/jobs/search?gh_jid=7954118"
"351","7663023","1","Product Designer, Stablecoin","Canada","Product Design","Canada Locations","Unspecified","6+ years","Contract","Unspecified","Product","2026-02-27T12:51:25-05:00","2026-08-18T17:59:41-04:00","https://stripe.com/jobs/search?gh_jid=7663023"
"352","7925550","1","Product Designer, Terminal","Toronto","Product Design","Canada Locations","Unspecified","4+ years","Internship","Unspecified","Product","2026-05-18T23:28:27-04:00","2026-08-19T13:52:11-04:00","https://stripe.com/jobs/search?gh_jid=7925550"
"353","8096726","1","Product Design Manager, Global Payments","United Kingdom","Product Design","United Kingdom Locations","Manager","5+ years","Internship","Remote","Design","2026-08-05T04:59:36-04:00","2026-08-18T17:57:25-04:00","https://stripe.com/jobs/search?gh_jid=8096726"
"354","8014786","1","Product Lead, Data Products","New York City, San Francisco","Accounting Products","US","Lead","3+ years","Internship","Unspecified","Product","2026-06-18T14:13:54-04:00","2026-08-18T17:38:45-04:00","https://stripe.com/jobs/search?gh_jid=8014786"
"355","7869917","1","Product Lead, Support Experience","Seattle, Washington, United States","Support Eng & PM","US","Lead","3+ years","Internship","Unspecified","Product","2026-05-20T10:55:30-04:00","2026-08-18T17:38:42-04:00","https://stripe.com/jobs/search?gh_jid=7869917"
"356","8064900","1","Product Manager, Cash Platform","New York","MMS APIs & Experiences - PM","US","Manager","5+ years","Internship","Remote","Product","2026-07-14T13:26:56-04:00","2026-08-18T17:38:44-04:00","https://stripe.com/jobs/search?gh_jid=8064900"
"357","8148025","1","Product Manager, Cash Platform","New York, NY","MMS APIs & Experiences - PM","US","Manager","5+ years","Internship","Remote","Product","2026-08-25T16:20:34-04:00","2026-08-25T16:20:34-04:00","https://stripe.com/jobs/search?gh_jid=8148025"
"358","7979422","1","Product Manager - Compliance, Bridge","New York, San Francisco or","Bridge - R&D","US","Manager","8+ years","Internship","Remote","Product","2026-06-09T10:19:47-04:00","2026-08-18T17:38:44-04:00","https://stripe.com/jobs/search?gh_jid=7979422"
"359","7984866","1","Product Manager, Ecosystem Risk","Toronto","Risk and Compliance Platform PM","US","Manager","7+ years","Internship","Unspecified","Product","2026-06-11T09:20:38-04:00","2026-08-18T17:38:44-04:00","https://stripe.com/jobs/search?gh_jid=7984866"
"360","8041655","1","Product Manager, E-Invoicing","Dublin, Ireland","Revenue and Finance Automation","ES-Barcelona","Manager","5+ years","Internship","Unspecified","Product","2026-07-15T07:01:45-04:00","2026-08-18T17:57:25-04:00","https://stripe.com/jobs/search?gh_jid=8041655"
"361","8009671","1","Product Manager, Global Marketplaces","London","MMS APIs & Experiences - PM","United Kingdom Locations","Manager","5+ years","Internship","Unspecified","Product","2026-06-19T07:59:10-04:00","2026-08-18T17:57:24-04:00","https://stripe.com/jobs/search?gh_jid=8009671"
"362","7994443","1","Product Manager, Global Payouts","New York","MMS APIs & Experiences - PM","US","Manager","7+ years","Contract","Remote","Product","2026-06-15T11:05:15-04:00","2026-08-18T17:38:44-04:00","https://stripe.com/jobs/search?gh_jid=7994443"
"363","8165137","1","Product Manager, Identity & Access Management","USUS-Chicago","Developer Platform - PM","US","Manager","5+ years","Internship","Remote","Product","2026-08-28T16:31:07-04:00","2026-08-28T16:31:07-04:00","https://stripe.com/jobs/search?gh_jid=8165137"
"364","7392697","1","Product Manager, Link - Consumer","SF, SEA, NYUS","Consumer Network - Eng","US","Manager","8+ years","Internship","Remote","Product","2026-01-30T16:55:11-05:00","2026-08-18T17:38:40-04:00","https://stripe.com/jobs/search?gh_jid=7392697"
"365","7981330","1","Product Manager, Link - Local Payment Methods","USA","Bank Connections - Eng","US","Manager","8+ years","Internship","Unspecified","Product","2026-06-11T20:23:48-04:00","2026-08-18T17:38:44-04:00","https://stripe.com/jobs/search?gh_jid=7981330"
"366","7176530","1","Product Manager, Payments","SF, NY, SEAUS","Payments Experiences - PM","US","Manager","12+ years","Internship","Remote","Product","2025-08-25T13:00:49-04:00","2026-08-18T17:38:39-04:00","https://stripe.com/jobs/search?gh_jid=7176530"
"367","8007692","1","Product Manager, Professional Services","Dublin, London","Professional Services","Ireland Locations","Manager","7+ years","Internship","Unspecified","Product","2026-08-20T04:29:45-04:00","2026-08-20T04:34:41-04:00","https://stripe.com/jobs/search?gh_jid=8007692"
"368","7913698","1","Product Manager, Sail Core","Toronto, New York, US","MerchantXP - PM","Canada Locations","Manager","7+ years","Internship","Remote","Product","2026-05-11T22:05:58-04:00","2026-08-25T10:50:20-04:00","https://stripe.com/jobs/search?gh_jid=7913698"
"369","7901987","1","Product Manager, Startup Products","NYC, Chicago, Seattle, San Francisco","Startup Product","US","Manager","6+ years","Internship","Unspecified","Product","2026-05-07T17:37:16-04:00","2026-08-18T17:38:42-04:00","https://stripe.com/jobs/search?gh_jid=7901987"
"370","8122188","1","Product Manager, Strategic Apps","Seattle","Partner Products","US","Manager","8+ years","Internship","Unspecified","Product","2026-08-14T15:07:08-04:00","2026-08-20T11:56:38-04:00","https://stripe.com/jobs/search?gh_jid=8122188"
"371","8143563","1","Product Manager, Support Experience","Dublin, Ireland","Support Eng & PM","Ireland Locations","Manager","12+ years","Internship","Hybrid","Product","2026-08-21T09:35:21-04:00","2026-08-21T13:42:57-04:00","https://stripe.com/jobs/search?gh_jid=8143563"
"372","7773461","1","Product Marketing, Data Products","US / Canada","Marketing - PMM","US","Unspecified","10+ years","Internship","Unspecified","Marketing","2026-04-01T14:22:17-04:00","2026-08-18T17:38:42-04:00","https://stripe.com/jobs/search?gh_jid=7773461"
"373","8090203","1","Product Marketing Lead, Billing","US / Canada","Marketing - PMM","US","Lead","15+ years","Internship","Unspecified","Marketing","2026-07-31T12:19:23-04:00","2026-08-18T17:38:47-04:00","https://stripe.com/jobs/search?gh_jid=8090203"
"374","6348471","1","Product Marketing Manager","San Francisco, New York, Seattle, ChicagoToronto","Marketing - PMM","US","Manager","7+ years","Internship","Remote","Marketing","2024-10-23T16:34:11-04:00","2026-08-18T17:38:38-04:00","https://stripe.com/jobs/search?gh_jid=6348471"
"375","8152994","1","Product Marketing Manager, Bridge/Stablecoins","NYC, San Francisco, Seattle","Marketing - PMM","US","Manager","5+ years","Unspecified","Unspecified","Marketing","2026-08-24T09:24:53-04:00","2026-08-24T09:24:53-04:00","https://stripe.com/jobs/search?gh_jid=8152994"
"376","8014761","1","Product Marketing Manager, Market Intelligence","SF, Seattle, NYC, Chicago, Torontoin the US","Marketing - PMM","US","Manager","7+ years","Internship","Remote","Marketing","2026-06-23T11:47:51-04:00","2026-08-18T17:38:45-04:00","https://stripe.com/jobs/search?gh_jid=8014761"
"377","7832098","1","Product Marketing Manager, Portfolio Pricing","United States","Marketing - PMM","US","Manager","8+ years","Internship","Unspecified","Marketing","2026-04-20T11:45:46-04:00","2026-08-18T17:38:38-04:00","https://stripe.com/jobs/search?gh_jid=7832098"
"378","8097731","1","Product Marketing Manager, Startup Segment","San Francisco, Seattle, NYC, Chicagoin the US, Toronto","Marketing - PMM","US","Manager","7+ years","Internship","Remote","Marketing","2026-07-30T17:24:27-04:00","2026-08-18T17:38:48-04:00","https://stripe.com/jobs/search?gh_jid=8097731"
"379","8163532","1","Product Operations Manager","NYC, SF, Seattle, US","GTM Product StratOps","US","Manager","3+ years","Internship","Unspecified","Operations","2026-08-28T13:30:30-04:00","2026-08-31T11:57:10-04:00","https://stripe.com/jobs/search?gh_jid=8163532"
"380","7994063","1","Product Sales Enablement Business Partner","US-San Francisco","Global Sales Enablement","US","Unspecified","5+ years","Internship","Unspecified","Sales","2026-06-24T15:42:49-04:00","2026-08-18T17:38:44-04:00","https://stripe.com/jobs/search?gh_jid=7994063"
"381","8081423","1","Product Strategy & Operations APAC","Singapore","Payments, Risk, and Support Admin","Singapore Locations","Unspecified","7+ years","Internship","Unspecified","Operations","2026-07-27T05:53:22-04:00","2026-08-28T06:41:56-04:00","https://stripe.com/jobs/search?gh_jid=8081423"
"382","7678670","1","Product Support, Bridge","New York, Seattle, San Francisco","Bridge - S&O","US","Unspecified","5+ years","Internship","Unspecified","Support","2026-03-04T13:23:15-05:00","2026-08-18T17:38:41-04:00","https://stripe.com/jobs/search?gh_jid=7678670"
"383","7975698","1","Product Support Operations Associate, Weekend Shift","Bengaluru","SDC - Product Support","India Locations","Associate","Unspecified","Internship","On-site","Operations","2026-06-04T01:11:31-04:00","2026-08-18T17:37:25-04:00","https://stripe.com/jobs/search?gh_jid=7975698"
"384","8081754","1","Program Manager, Card Network Office (Card Networks)","US-SF, US-NYC, US-Seattle, US","Payins - Eng","US","Manager","5+ years","Internship","Remote","Program Management","2026-07-27T12:31:09-04:00","2026-08-28T03:58:42-04:00","https://stripe.com/jobs/search?gh_jid=8081754"
"385","7967356","1","Program Manager, Commercial Solutions","Mexico City","Global Business Services","Mexico Locations","Manager","7+ years","Internship","Unspecified","Program Management","2026-06-08T12:05:32-04:00","2026-08-18T17:37:25-04:00","https://stripe.com/jobs/search?gh_jid=7967356"
"386","8097838","1","Program Manager, Customer Success Efficiency and Scale","US-ATL, US-CHI","Customer Success Management","US","Manager","5+ years","Internship","Unspecified","Program Management","2026-08-14T16:19:27-04:00","2026-08-24T13:02:54-04:00","https://stripe.com/jobs/search?gh_jid=8097838"
"387","8147961","1","Program Manager, GTM Planning","Chicago","Sales Operations (SS&O)","US","Manager","7+ years","Internship","Remote","Program Management","2026-08-31T14:10:26-04:00","2026-08-31T14:10:26-04:00","https://stripe.com/jobs/search?gh_jid=8147961"
"388","8042309","1","Program Manager, GTM Strategic Programs","USChicago","Sales Operations (SS&O)","US","Manager","7+ years","Internship","Remote","Program Management","2026-08-11T10:57:35-04:00","2026-08-20T18:32:59-04:00","https://stripe.com/jobs/search?gh_jid=8042309"
"389","8127890","1","Program Manager, Performance and Talent Planning","US","Talent & Careers","US","Manager","10+ years","Internship","Remote","Program Management","2026-08-17T16:37:29-04:00","2026-08-18T17:38:49-04:00","https://stripe.com/jobs/search?gh_jid=8127890"
"390","8158082","1","Program Manager, Risk Operations GTM Enablement","United States","Risk Operations Enablement","US","Manager","6+ years","Internship","Remote","Program Management","2026-08-25T21:01:51-04:00","2026-08-25T21:01:51-04:00","https://stripe.com/jobs/search?gh_jid=8158082"
"391","7214197","1","Program Manager, Risk Ops Enablement","US","Risk Operations Enablement","US","Manager","6+ years","Internship","Remote","Program Management","2025-09-04T16:21:24-04:00","2026-08-18T17:38:39-04:00","https://stripe.com/jobs/search?gh_jid=7214197"
"392","8078131","1","Program Manager, Security GRC","","Office of the CISO & Partnership","US","Manager","6+ years","Internship","Remote","Program Management","2026-07-22T09:07:47-04:00","2026-08-18T17:38:47-04:00","https://stripe.com/jobs/search?gh_jid=8078131"
"393","8077547","1","Project Manager, Total Rewards","CHI, ATL, US-REM","Benefits","US","Manager","7+ years","Internship","Unspecified","Program Management","2026-07-22T11:56:05-04:00","2026-08-18T17:38:47-04:00","https://stripe.com/jobs/search?gh_jid=8077547"
"394","8047395","1","Project Manager, Treasury Finance","NYC","Treasury Finance","US","Manager","6+ years","Internship","Unspecified","Program Management","2026-07-07T13:30:05-04:00","2026-08-18T17:38:46-04:00","https://stripe.com/jobs/search?gh_jid=8047395"
"395","8035557","1","React Native Engineer, Merchant Experience Mobile","Barcelona","MerchantXP - Eng","Spain Locations","Unspecified","5+ years","Internship","Remote","Engineering","2026-06-30T07:09:48-04:00","2026-08-18T17:57:25-04:00","https://stripe.com/jobs/search?gh_jid=8035557"
"396","8142077","1","Recruiting Project Manager","CHI, ATL","Recruiting Enablement","US","Manager","Unspecified","Internship","Unspecified","Program Management","2026-08-31T14:47:56-04:00","2026-08-31T20:10:06-04:00","https://stripe.com/jobs/search?gh_jid=8142077"
"397","8059929","1","Recruiting Scheduler (Fixed Term Contract)","CHI","Recruiting Enablement","US","Unspecified","1+ years","Contract","On-site","HR","2026-07-15T12:44:12-04:00","2026-08-18T17:38:46-04:00","https://stripe.com/jobs/search?gh_jid=8059929"
"398","8125586","1","Regional Security Manager, Americas","San Francisco, Seattle, NYC, Chicago","Corporate Security","US","Manager","8+ years","Contract","Remote","Risk & Security","2026-08-14T17:10:01-04:00","2026-08-20T12:39:00-04:00","https://stripe.com/jobs/search?gh_jid=8125586"
"399","7650177","1","Regulatory Reporting Program Manager, Stablecoin","SEA, SF, NYC, CHI","Finance Operations","US","Manager","4+ years","Internship","Unspecified","Program Management","2026-02-26T17:29:30-05:00","2026-08-18T17:38:41-04:00","https://stripe.com/jobs/search?gh_jid=7650177"
"400","7594866","1","Risk Advisory Strategist, Card Network Compliance","Chicago, SEA, SF, NYC, US","Risk Supportability Strategy","US","Unspecified","5+ years","Internship","Remote","Operations","2026-03-04T14:25:29-05:00","2026-08-18T17:38:41-04:00","https://stripe.com/jobs/search?gh_jid=7594866"
"401","7230921","1","Risk Operations Analyst","","Partner Risk Operations","US","Unspecified","5+ years","Contract","Remote","Operations","2025-09-10T15:53:58-04:00","2026-08-20T18:27:19-04:00","https://stripe.com/jobs/search?gh_jid=7230921"
"402","7974209","1","Risk Operations Analyst, Financial Crimes","United States","Financial Crimes Operations","US","Unspecified","4+ years","Contract","Unspecified","Operations","2026-06-23T12:48:05-04:00","2026-08-28T13:30:45-04:00","https://stripe.com/jobs/search?gh_jid=7974209"
"403","7974211","1","Risk Operations Analyst, Financial Crimes","Dublin, Ireland","Financial Crimes Operations","Ireland Locations","Unspecified","8+ years","Contract","Unspecified","Operations","2026-08-04T11:42:50-04:00","2026-08-18T17:57:24-04:00","https://stripe.com/jobs/search?gh_jid=7974211"
"404","7964759","1","Risk Operations Analyst - SSO","Singapore","User Policy Operations","Singapore Locations","Unspecified","5+ years","Internship","Unspecified","Operations","2026-06-01T11:13:32-04:00","2026-08-18T17:37:25-04:00","https://stripe.com/jobs/search?gh_jid=7964759"
"405","5423044","1","Risk Operations Associate","Bengaluru","SDC - User Policy Operations","India Locations","Associate","2+ years","Internship","On-site","Operations","2023-10-20T09:51:04-04:00","2026-08-18T17:37:11-04:00","https://stripe.com/jobs/search?gh_jid=5423044"
"406","8158090","1","Risk Operations Associate, Partner Risk Operations (CDMX)","Mexico City","SDC - Partner Risk Operations","Mexico Locations","Associate","5+ years","Internship","On-site","Operations","2026-08-26T12:02:30-04:00","2026-08-26T12:02:30-04:00","https://stripe.com/jobs/search?gh_jid=8158090"
"407","8115908","1","Risk Operations Associate, User Policy Operations","Mexico CIty","SDC - User Policy Operations","Mexico Locations","Associate","Unspecified","Internship","On-site","Operations","2026-08-11T18:40:46-04:00","2026-08-18T17:37:34-04:00","https://stripe.com/jobs/search?gh_jid=8115908"
"408","8069629","1","Risk Operations Manager, Verifications","Mexico City","SDC - Partner Risk Operations","Mexico Locations","Manager","5+ years","Internship","Remote","Operations","2026-07-23T16:37:23-04:00","2026-08-18T17:37:31-04:00","https://stripe.com/jobs/search?gh_jid=8069629"
"409","8078333","1","Risk Partnerships Manager, Stablecoin","US-San Francisco; US-NYC; US-Seattle; US; US-Chicago; US-Atlanta","Financial Services Partnerships","US","Manager","8+ years","Internship","Remote","Risk & Security","2026-07-28T14:30:34-04:00","2026-08-18T17:38:47-04:00","https://stripe.com/jobs/search?gh_jid=8078333"
"410","8118891","1","Risk Strategist","Singapore","Risk & Reward","Singapore Locations","Unspecified","5+ years","Internship","Unspecified","Operations","2026-08-13T03:23:47-04:00","2026-08-18T17:37:34-04:00","https://stripe.com/jobs/search?gh_jid=8118891"
"411","7697973","1","Risk Strategist, Onboarding & Compliance","Chicago, USToronto","Risk Onboarding Strategy","US","Unspecified","5+ years","Internship","Remote","Operations","2026-03-19T11:36:45-04:00","2026-08-18T17:38:41-04:00","https://stripe.com/jobs/search?gh_jid=7697973"
"412","7862938","1","Sales Compensation Design Lead","Dublin","Sales Comp","Ireland Locations","Lead","Unspecified","Internship","Unspecified","Sales","2026-04-29T15:26:26-04:00","2026-08-18T17:57:24-04:00","https://stripe.com/jobs/search?gh_jid=7862938"
"413","7953987","1","Sales Development Change Management Specialist","CHI and DUB","Global Sales Enablement","US","Unspecified","10+ years","Internship","Remote","Sales","2026-05-29T10:30:24-04:00","2026-08-18T17:38:43-04:00","https://stripe.com/jobs/search?gh_jid=7953987"
"414","6570253","1","Sales Development Representative","Chicago, Illinois","AMER Sales Development Reps","US","Unspecified","Unspecified","Unspecified","On-site","Sales","2025-02-03T21:54:10-05:00","2026-08-18T17:38:38-04:00","https://stripe.com/jobs/search?gh_jid=6570253"
"415","8074892","1","Sales Development Representative, AUNZ","Sydney","APAC Sales Development Reps","Australia Locations","Unspecified","Unspecified","Internship","On-site","Sales","2026-07-20T20:09:56-04:00","2026-08-18T17:37:31-04:00","https://stripe.com/jobs/search?gh_jid=8074892"
"416","8139535","1","Sales Development Representative (French Fluency)","Dublin","EMEA Sales Development Reps","Ireland Locations","Unspecified","Unspecified","Contract","Unspecified","Sales","2026-08-27T04:59:24-04:00","2026-08-27T04:59:24-04:00","https://stripe.com/jobs/search?gh_jid=8139535"
"417","6570259","1","Sales Development Representative (German fluency)","Dublin","EMEA Sales Development Reps","Ireland Locations","Unspecified","Unspecified","Contract","Unspecified","Sales","2025-01-27T06:14:42-05:00","2026-08-24T04:07:54-04:00","https://stripe.com/jobs/search?gh_jid=6570259"
"418","8083685","1","Sales Development Representative (Hebrew Fluency)","Dublin","EMEA Sales Development Reps","Ireland Locations","Unspecified","Unspecified","Contract","Unspecified","Sales","2026-07-24T11:45:13-04:00","2026-08-18T17:57:25-04:00","https://stripe.com/jobs/search?gh_jid=8083685"
"419","8148731","1","Sales Development Representative, Japan","Tokyo","APAC Sales Development Reps","Japan Locations","Unspecified","Unspecified","Internship","On-site","Sales","2026-08-24T00:38:53-04:00","2026-08-24T00:38:53-04:00","https://stripe.com/jobs/search?gh_jid=8148731"
"420","8123400","1","Sales Development Representative (Mandarin-speaking)","Singapore","APAC Sales Development Reps","Singapore Locations","Unspecified","Unspecified","Internship","On-site","Sales","2026-08-14T09:40:23-04:00","2026-08-26T07:25:21-04:00","https://stripe.com/jobs/search?gh_jid=8123400"
"421","7368924","1","Sales Manager, Account Executives - Startups (Grower)","New York","GEO Sales HQ (NA)","US","Manager","8+ years","Internship","Unspecified","Sales","2025-11-03T13:53:06-05:00","2026-08-18T17:38:40-04:00","https://stripe.com/jobs/search?gh_jid=7368924"
"422","8125729","1","Sales Manager, Funded Startups","Berlin","Account Executives (EMEA)","Germany Locations","Manager","10+ years","Internship","Unspecified","Sales","2026-08-17T16:26:56-04:00","2026-08-18T17:57:26-04:00","https://stripe.com/jobs/search?gh_jid=8125729"
"423","8070701","1","Sales Manager, Product - Issuing & Treasury","NYC, SF","Product Sales - MaaS","US","Manager","10+ years","Internship","Unspecified","Sales","2026-07-29T12:39:56-04:00","2026-08-18T17:38:47-04:00","https://stripe.com/jobs/search?gh_jid=8070701"
"424","8112959","1","Sales Manager, SMB (Hunter)","Chicago","GEO Sales HQ (NA)","US","Manager","8+ years","Internship","Unspecified","Sales","2026-08-14T17:03:00-04:00","2026-08-18T17:38:48-04:00","https://stripe.com/jobs/search?gh_jid=8112959"
"425","8106775","1","Sales Strategy & Operations Business Partner","Sydney","Global Business Services","Australia Locations","Unspecified","10+ years","Internship","Unspecified","Sales","2026-08-11T12:02:42-04:00","2026-08-18T17:37:34-04:00","https://stripe.com/jobs/search?gh_jid=8106775"
"426","8089882","1","Sales Strategy & Operations Business Partner","(San Francisco, Chicago, NYC)","Sales Operations (SS&O)","US","Unspecified","7+ years","Internship","Unspecified","Sales","2026-07-30T10:01:13-04:00","2026-08-18T17:38:47-04:00","https://stripe.com/jobs/search?gh_jid=8089882"
"427","8017084","1","Sanctions, Operations Associate(CDMX)","Mexico City","SDC - Financial Crimes","Mexico Locations","Associate","2+ years","Internship","Unspecified","Operations","2026-06-18T16:31:14-04:00","2026-08-18T17:37:28-04:00","https://stripe.com/jobs/search?gh_jid=8017084"
"428","8060152","1","Science Lead, Intercept","New York City, San Francisco, US","Colds Program - G&A","US","Lead","3+ years","Internship","Remote","Data","2026-07-16T07:05:31-04:00","2026-08-18T17:38:46-04:00","https://stripe.com/jobs/search?gh_jid=8060152"
"429","8056309","1","SDC Manager, GTM Accelerate","Mexico City","SDC - Accelerate","Mexico Locations","Manager","5+ years","Internship","Unspecified","Uncategorized","2026-08-06T06:13:26-04:00","2026-08-18T17:37:30-04:00","https://stripe.com/jobs/search?gh_jid=8056309"
"430","7325566","1","SDC Operations Manager, Financial Crimes (AML)","Bengaluru","SDC - Financial Crimes","India Locations","Manager","8+ years","Internship","Remote","Operations","2025-10-30T02:17:02-04:00","2026-08-18T17:37:16-04:00","https://stripe.com/jobs/search?gh_jid=7325566"
"431","7776179","1","Security Engineer, Bridge","SF, New York, Seattle, Dublin, Luxembourg","Bridge - R&D","US","Unspecified","8+ years","Internship","Unspecified","Engineering","2026-04-02T15:12:42-04:00","2026-08-24T15:06:35-04:00","https://stripe.com/jobs/search?gh_jid=7776179"
"432","8073092","1","Security Engineer, Privy","NYC-Privy","Privy - R&D","US","Unspecified","Unspecified","Internship","Unspecified","Engineering","2026-07-30T16:41:25-04:00","2026-08-18T17:38:47-04:00","https://stripe.com/jobs/search?gh_jid=8073092"
"433","8142302","1","Security Incident Response Engineer","US","Security Analytics","US","Unspecified","3+ years","Internship","Remote","Engineering","2026-08-19T16:33:11-04:00","2026-08-25T16:17:54-04:00","https://stripe.com/jobs/search?gh_jid=8142302"
"434","8131129","1","Senior Brand Designer, Experiential","US","Brand Studio","US","Senior","6+ years","Contract","Hybrid","Marketing","2026-08-21T12:36:42-04:00","2026-08-21T12:36:42-04:00","https://stripe.com/jobs/search?gh_jid=8131129"
"435","7868256","1","Senior Customer Success Manager","New York, NY; Seattle, WA; San Francisco, CA; Chicago, IL; Atlanta, GA","Customer Success Management","US","Senior","6+ years","Internship","Unspecified","Customer Success","2026-04-29T20:49:15-04:00","2026-08-31T17:03:13-04:00","https://stripe.com/jobs/search?gh_jid=7868256"
"436","7793636","1","Senior Designer, Brand Advertising","US","Brand Studio","US","Senior","5+ years","Contract","Unspecified","Marketing","2026-04-08T17:25:34-04:00","2026-08-18T17:38:42-04:00","https://stripe.com/jobs/search?gh_jid=7793636"
"437","8026511","1","Senior Software Engineer","South San Francisco, CA","Global Operations","US-PERM","Senior","3+ years","Internship","Unspecified","Engineering","2026-06-24T12:49:40-04:00","2026-08-18T17:38:45-04:00","https://stripe.com/jobs/search?gh_jid=8026511"
"438","8128499","1","Senior Staff Product Designer, Data & AI","US / Canada","Product Design","US","Senior","10+ years","Internship","Unspecified","Product","2026-08-14T14:57:51-04:00","2026-08-19T13:53:08-04:00","https://stripe.com/jobs/search?gh_jid=8128499"
"439","8031782","1","Senior Staff Product Designer, Risk","US","Product Design","US","Senior","12+ years","Internship","Remote","Product","2026-07-08T12:24:52-04:00","2026-08-19T13:52:44-04:00","https://stripe.com/jobs/search?gh_jid=8031782"
"440","8120501","1","Senior Workday Analyst, Payroll","TOR","People Systems & Solutions","Canada Locations","Senior","5+ years","Internship","Unspecified","Uncategorized","2026-08-20T16:56:15-04:00","2026-08-20T16:56:15-04:00","https://stripe.com/jobs/search?gh_jid=8120501"
"441","8099206","1","Services Consultant - Scaled Professional Services (AUNZ)","Sydney","Accelerate","Australia Locations","Unspecified","2+ years","Contract","Unspecified","Uncategorized","2026-08-04T06:48:38-04:00","2026-08-18T17:37:33-04:00","https://stripe.com/jobs/search?gh_jid=8099206"
"442","8099216","1","Services Consultant - Scaled Professional Services (SEA/GCN)","Singapore","Accelerate","Singapore Locations","Unspecified","2+ years","Contract","Unspecified","Uncategorized","2026-08-04T06:46:50-04:00","2026-08-18T17:37:33-04:00","https://stripe.com/jobs/search?gh_jid=8099216"
"443","7373865","1","Short-form Video & Social, Community Comms","SF, NYC","Communications","US","Unspecified","3+ years","Internship","Unspecified","Marketing","2025-11-11T00:49:26-05:00","2026-08-21T13:19:16-04:00","https://stripe.com/jobs/search?gh_jid=7373865"
"444","7962437","1","Social Media, Customer Support Associate","Bengaluru","SDC - Product Support","India Locations","Associate","Unspecified","Internship","On-site","Marketing","2026-07-15T01:11:09-04:00","2026-08-18T17:37:25-04:00","https://stripe.com/jobs/search?gh_jid=7962437"
"445","7867328","1","Social Media, Customer Support Associate (Includes Weekend Rotations)","Mexico","SDC - Product Support","Mexico Locations","Associate","Unspecified","Internship","On-site","Marketing","2026-05-22T14:18:20-04:00","2026-08-18T17:37:22-04:00","https://stripe.com/jobs/search?gh_jid=7867328"
"446","8137972","1","Software Engineer","Chicago, IL","Global Operations","US-PERM","Unspecified","4+ years","Internship","Remote","Engineering","2026-08-17T17:52:22-04:00","2026-08-18T17:38:49-04:00","https://stripe.com/jobs/search?gh_jid=8137972"
"447","8069941","1","Software Engineer, Authorization Infrastructure","N/A","Data Privacy","US","Unspecified","2+ years","Internship","Unspecified","Engineering","2026-07-20T16:59:05-04:00","2026-08-18T17:38:46-04:00","https://stripe.com/jobs/search?gh_jid=8069941"
"448","8130578","1","Software Engineer, Backend Engineer- Credit Coverage","New York, NY","Global Operations","US-PERM","Unspecified","2+ years","Internship","Remote","Engineering","2026-08-14T13:38:23-04:00","2026-08-18T17:38:49-04:00","https://stripe.com/jobs/search?gh_jid=8130578"
"449","7277110","1","Software Engineer, Bridge","San Francisco, NY, Seattle","Bridge - R&D","US","Unspecified","5+ years","Internship","Remote","Engineering","2025-11-20T15:28:04-05:00","2026-08-18T17:38:39-04:00","https://stripe.com/jobs/search?gh_jid=7277110"
"450","8078337","1","Software Engineer, Connect Tax Reporting","Bucharest, Romania","Connect - Eng","RO-Bucharest","Unspecified","Unspecified","Internship","Remote","Engineering","2026-07-29T14:08:02-04:00","2026-08-18T17:57:25-04:00","https://stripe.com/jobs/search?gh_jid=8078337"
"451","7975725","1","Software Engineer, Core Infrastructure","Sydney, Australia","Core Compute","AU-Sydney","Unspecified","5+ years","Internship","Remote","Engineering","2026-06-12T00:52:30-04:00","2026-08-31T22:09:06-04:00","https://stripe.com/jobs/search?gh_jid=7975725"
"452","7230670","1","Software Engineer, Data Orchestration","N/A","Core Infra Admin","India Locations","Unspecified","8+ years","Internship","Remote","Engineering","2025-11-07T01:01:58-05:00","2026-08-18T17:37:16-04:00","https://stripe.com/jobs/search?gh_jid=7230670"
"453","8031833","1","Software Engineer, Intern","Bengaluru","General University","IN-Bengaluru","Intern","1+ years","Internship","Unspecified","Engineering","2026-07-10T01:33:52-04:00","2026-08-31T12:09:59-04:00","https://stripe.com/jobs/search?gh_jid=8031833"
"454","8130867","1","Software Engineer, Intern","London","General University","GB-London","Intern","1+ years","Internship","Unspecified","Engineering","2026-08-31T18:30:38-04:00","2026-08-31T18:30:38-04:00","https://stripe.com/jobs/search?gh_jid=8130867"
"455","8130807","1","Software Engineer, Intern","Bucharest","General University","RO-Bucharest","Intern","1+ years","Internship","Unspecified","Engineering","2026-08-31T18:56:01-04:00","2026-08-31T18:56:01-04:00","https://stripe.com/jobs/search?gh_jid=8130807"
"456","7543868","1","Software Engineer, Internal Systems","Bengaluru, India","Finance Systems","India Locations","Intern","8+ years","Contract","Remote","Engineering","2026-01-27T22:58:55-05:00","2026-08-18T17:37:18-04:00","https://stripe.com/jobs/search?gh_jid=7543868"
"457","8128745","1","Software Engineer, Intern (Summer or Winter)","San Francisco, Seattle, New York City","General University","US","Intern","1+ years","Internship","Unspecified","Engineering","2026-08-31T18:20:45-04:00","2026-08-31T22:38:22-04:00","https://stripe.com/jobs/search?gh_jid=8128745"
"458","8130805","1","Software Engineer, Intern (Summer or Winter)","Toronto","General University","CA-Toronto","Intern","1+ years","Internship","Unspecified","Engineering","2026-08-31T19:21:48-04:00","2026-08-31T19:21:48-04:00","https://stripe.com/jobs/search?gh_jid=8130805"
"459","8097801","1","Software Engineer, Intern (Summer or Winter)","Dublin","General University","IE-Dublin","Intern","1+ years","Internship","Unspecified","Engineering","2026-08-17T09:46:14-04:00","2026-08-31T19:25:23-04:00","https://stripe.com/jobs/search?gh_jid=8097801"
"460","8084476","1","Software Engineer, Machine Learning Infrastructure","Toronto, Canada","Data Foundations","Canada Locations","Unspecified","2+ years","Internship","Remote","Engineering","2026-07-24T19:34:58-04:00","2026-08-18T17:59:42-04:00","https://stripe.com/jobs/search?gh_jid=8084476"
"461","7208537","1","Software Engineer, Money Movement","London","Treasury for Platforms - Eng","United Kingdom Locations","Unspecified","12+ years","Internship","Remote","Engineering","2025-10-22T10:26:18-04:00","2026-08-18T17:57:23-04:00","https://stripe.com/jobs/search?gh_jid=7208537"
"462","8157838","1","Software Engineer, New Grad","Toronto","General University","CA-Toronto","Unspecified","Unspecified","Internship","Unspecified","Engineering","2026-08-31T19:16:04-04:00","2026-08-31T19:16:14-04:00","https://stripe.com/jobs/search?gh_jid=8157838"
"463","8130881","1","Software Engineer, New Grad","Dublin","General University","IE-Dublin","Unspecified","Unspecified","Internship","Unspecified","Engineering","2026-08-31T19:07:03-04:00","2026-08-31T19:07:03-04:00","https://stripe.com/jobs/search?gh_jid=8130881"
"464","8130922","1","Software Engineer, New Grad","Bucharest","General University","RO-Bucharest","Unspecified","Unspecified","Internship","Unspecified","Engineering","2026-08-31T19:03:34-04:00","2026-08-31T19:03:34-04:00","https://stripe.com/jobs/search?gh_jid=8130922"
"465","8128744","1","Software Engineer, New Grad","San Francisco, Seattle, New York","General University","US","Unspecified","Unspecified","Internship","Unspecified","Engineering","2026-08-31T18:22:27-04:00","2026-08-31T22:38:55-04:00","https://stripe.com/jobs/search?gh_jid=8128744"
"466","8130930","1","Software Engineer, New Grad","London","General University","GB-London","Unspecified","Unspecified","Internship","Unspecified","Engineering","2026-08-31T18:32:53-04:00","2026-08-31T18:32:53-04:00","https://stripe.com/jobs/search?gh_jid=8130930"
"467","8130927","1","Software Engineer, New Grad - Frontend","Barcelona","General University","ES-Barcelona","Unspecified","Unspecified","Internship","Unspecified","Engineering","2026-08-31T18:35:45-04:00","2026-08-31T18:35:45-04:00","https://stripe.com/jobs/search?gh_jid=8130927"
"468","7529787","1","Software Engineer, Payments","Singapore","Payins - Eng","Singapore Locations","Unspecified","5+ years","Internship","Unspecified","Engineering","2026-01-28T08:55:16-05:00","2026-08-18T17:37:18-04:00","https://stripe.com/jobs/search?gh_jid=7529787"
"469","6717520","1","Software Engineer, Payments, Risk, & Premium Merchant Experiences","Dublin, Ireland","Risk Onboarding and Trusted Users","Ireland Locations","Unspecified","12+ years","Internship","Unspecified","Engineering","2025-04-24T08:56:32-04:00","2026-08-31T08:08:38-04:00","https://stripe.com/jobs/search?gh_jid=6717520"
"470","7761694","1","Software Engineer, Product Security Data Platforms","Seattle","Security Infrastructure","US","Unspecified","8+ years","Internship","Remote","Engineering","2026-03-31T18:20:49-04:00","2026-08-18T17:38:42-04:00","https://stripe.com/jobs/search?gh_jid=7761694"
"471","8039800","1","Software Engineer, Product Security Data Platforms","Seattle","Security Infrastructure","US","Unspecified","2+ years","Internship","Remote","Engineering","2026-06-30T18:11:48-04:00","2026-08-18T17:38:45-04:00","https://stripe.com/jobs/search?gh_jid=8039800"
"472","7396679","1","Software Engineer, Secrets Infrastructure","na","Security Infrastructure","US","Unspecified","5+ years","Internship","Remote","Engineering","2025-11-14T02:04:52-05:00","2026-08-18T17:38:39-04:00","https://stripe.com/jobs/search?gh_jid=7396679"
"473","8107302","1","Software Engineer, Sending","South San Francisco, California","Global Operations","US-PERM","Unspecified","2+ years","Internship","Remote","Engineering","2026-08-04T18:47:05-04:00","2026-08-18T17:38:48-04:00","https://stripe.com/jobs/search?gh_jid=8107302"
"474","7507904","1","Software Engineer - Smart Contract, Bridge","San Francisco or New York","Bridge - R&D","US","Unspecified","5+ years","Contract","Remote","Engineering","2025-12-31T14:29:41-05:00","2026-08-18T17:38:40-04:00","https://stripe.com/jobs/search?gh_jid=7507904"
"475","8076626","1","Software Engineer, Stripe Tax","Dublin, Ireland","Tax Products","Ireland Locations","Unspecified","2+ years","Internship","Unspecified","Engineering","2026-07-23T10:35:40-04:00","2026-08-18T17:57:25-04:00","https://stripe.com/jobs/search?gh_jid=8076626"
"476","8089353","1","Software Engineer, Vulnerability Management","US","Security Analytics","US","Unspecified","2+ years","Internship","Remote","Engineering","2026-08-04T20:01:19-04:00","2026-08-18T17:38:47-04:00","https://stripe.com/jobs/search?gh_jid=8089353"
"477","8153331","1","Software Quality Assurance Engineer","Taipei,Taiwan","Terminal - Eng","Taiwan Locations","Unspecified","4+ years","Internship","Unspecified","Engineering","2026-08-25T03:28:16-04:00","2026-08-25T03:28:16-04:00","https://stripe.com/jobs/search?gh_jid=8153331"
"478","8113401","1","Solutions Architect, Enterprise","Israel","Solutions Architecture (EMEA)","Israel Locations","Unspecified","7+ years","Internship","Unspecified","Solutions Architecture","2026-08-11T11:04:55-04:00","2026-08-20T11:47:18-04:00","https://stripe.com/jobs/search?gh_jid=8113401"
"479","8092652","1","Solutions Architect, Enterprise (French Speaking)","N/A","Solutions Architecture (AMER)","Canada Locations","Unspecified","7+ years","Internship","Unspecified","Solutions Architecture","2026-07-31T09:49:25-04:00","2026-08-20T11:44:21-04:00","https://stripe.com/jobs/search?gh_jid=8092652"
"480","8144202","1","Solutions Architect, Enterprise (German fluency)","LOCATION","Solutions Architecture (EMEA)","Germany Locations","Unspecified","7+ years","Internship","Unspecified","Solutions Architecture","2026-08-24T11:19:46-04:00","2026-08-24T11:19:46-04:00","https://stripe.com/jobs/search?gh_jid=8144202"
"481","8144185","1","Solutions Architect, Enterprise (Presales)","San Francisco, CA, Chicago, IL, New York, NY","Solutions Architecture (AMER)","US","Unspecified","7+ years","Internship","Unspecified","Sales","2026-08-24T15:03:35-04:00","2026-08-24T15:04:44-04:00","https://stripe.com/jobs/search?gh_jid=8144185"
"482","7882492","1","Solutions Architect, Enterprise, UK","London, UK","Solutions Architecture","United Kingdom Locations","Unspecified","4+ years","Internship","Unspecified","Solutions Architecture","2026-05-12T08:51:22-04:00","2026-08-27T10:40:32-04:00","https://stripe.com/jobs/search?gh_jid=7882492"
"483","8144223","1","Solutions Architect (Greater China)","Singapore","Solutions Architecture (APAC)","Singapore Locations","Unspecified","7+ years","Internship","Unspecified","Solutions Architecture","2026-08-21T01:13:27-04:00","2026-08-21T01:13:27-04:00","https://stripe.com/jobs/search?gh_jid=8144223"
"484","7784353","1","Solutions Architect, (Italian fluency)","Milan","Solutions Architecture","Italy Locations","Unspecified","4+ years","Internship","Unspecified","Solutions Architecture","2026-04-15T11:42:29-04:00","2026-08-18T17:57:23-04:00","https://stripe.com/jobs/search?gh_jid=7784353"
"485","8152145","1","Solutions Architect, Platforms (Presales)","NYC or","Solutions Architecture (AMER)","US","Unspecified","5+ years","Internship","Remote","Sales","2026-08-23T15:36:21-04:00","2026-08-23T15:36:21-04:00","https://stripe.com/jobs/search?gh_jid=8152145"
"486","8140583","1","Solutions Architect, Platforms, UK & Ireland","London","Solutions Architecture (EMEA)","United Kingdom Locations","Unspecified","10+ years","Internship","Unspecified","Solutions Architecture","2026-08-20T09:23:35-04:00","2026-08-20T11:51:00-04:00","https://stripe.com/jobs/search?gh_jid=8140583"
"487","8144212","1","Solutions Architect, SMB (Presales)","Chicago or NYC","Solutions Architecture (AMER)","US","Unspecified","3+ years","Internship","Unspecified","Sales","2026-08-23T15:35:09-04:00","2026-08-23T15:36:47-04:00","https://stripe.com/jobs/search?gh_jid=8144212"
"488","8168151","1","Solutions Consultant, Enterprise (Presales)","San Francisco, CA, Chicago, IL, New York, NY","Solutions Architecture (AMER)","US","Unspecified","7+ years","Internship","Unspecified","Sales","2026-08-31T17:14:06-04:00","2026-08-31T17:14:06-04:00","https://stripe.com/jobs/search?gh_jid=8168151"
"489","7975567","1","Solutions Engineer, Privy","LOCATION","Privy - S&O","US","Unspecified","5+ years","Internship","Unspecified","Engineering","2026-06-05T20:44:15-04:00","2026-08-18T17:38:44-04:00","https://stripe.com/jobs/search?gh_jid=7975567"
"490","7370967","1","Specialist Solution Architect, Money Management","NYC, SF, Chi","Specialized Solutions Architecture","US","Unspecified","7+ years","Internship","Remote","Solutions Architecture","2026-07-09T13:25:51-04:00","2026-08-20T11:37:27-04:00","https://stripe.com/jobs/search?gh_jid=7370967"
"491","7728618","1","Specialist Solutions Architect, Billing","","Solutions Architecture","US","Unspecified","10+ years","Internship","Remote","Solutions Architecture","2026-07-09T15:42:53-04:00","2026-08-18T17:38:41-04:00","https://stripe.com/jobs/search?gh_jid=7728618"
"492","7120766","1","Specialist Solutions Architect, Crypto & Stablecoins","US-NY","Solutions Architecture","US","Unspecified","7+ years","Internship","Unspecified","Solutions Architecture","2025-07-31T13:21:47-04:00","2026-08-20T14:36:18-04:00","https://stripe.com/jobs/search?gh_jid=7120766"
"493","8144262","1","Specialist Solutions Architect, Data","SF, NY","Specialized Solutions Architecture","US","Unspecified","7+ years","Internship","Remote","Solutions Architecture","2026-08-26T20:33:39-04:00","2026-08-26T20:33:39-04:00","https://stripe.com/jobs/search?gh_jid=8144262"
"494","8119967","1","Specialist Solutions Architect, Payments","London, Dublin","Specialized Solutions Architecture","United Kingdom Locations","Unspecified","7+ years","Internship","Unspecified","Solutions Architecture","2026-08-20T06:42:18-04:00","2026-08-20T11:49:19-04:00","https://stripe.com/jobs/search?gh_jid=8119967"
"495","8119970","1","Specialist Solutions Architect, Payments (Mandarin Speaking)","Singapore","Specialized Solutions Architecture","Singapore Locations","Unspecified","7+ years","Internship","Remote","Solutions Architecture","2026-08-25T20:49:07-04:00","2026-08-28T20:45:21-04:00","https://stripe.com/jobs/search?gh_jid=8119970"
"496","7365914","1","Specialist Solutions Architect, Radar (Fraud/Risk)","NY or SF","Specialized Solutions Architecture","US","Unspecified","7+ years","Internship","Unspecified","Risk & Security","2025-11-02T20:48:42-05:00","2026-08-20T11:36:59-04:00","https://stripe.com/jobs/search?gh_jid=7365914"
"497","8090244","1","Specialist Solutions Architect, Tax","Chicago, Atlanta","Solutions Architecture","US","Unspecified","7+ years","Internship","Remote","Finance","2026-07-30T09:53:19-04:00","2026-08-18T17:38:48-04:00","https://stripe.com/jobs/search?gh_jid=8090244"
"498","8089815","1","Staff Backend Engineer - CI Services","Dublin","Developer Infrastructure","Ireland Locations","Staff","10+ years","Internship","Remote","Engineering","2026-08-05T07:54:25-04:00","2026-08-21T10:43:52-04:00","https://stripe.com/jobs/search?gh_jid=8089815"
"499","8035723","1","Staff Backend Engineer, Datalake Platform","Dublin","Core Compute","Ireland Locations","Staff","10+ years","Contract","Remote","Engineering","2026-06-30T12:52:52-04:00","2026-08-21T10:43:20-04:00","https://stripe.com/jobs/search?gh_jid=8035723"
"500","8130377","1","Staff Backend Engineer - UI Platform","Barcelona","MerchantXP - Eng","Spain Locations","Staff","10+ years","Internship","Remote","Engineering","2026-08-21T03:53:55-04:00","2026-08-21T10:41:51-04:00","https://stripe.com/jobs/search?gh_jid=8130377"
"501","7921649","1","Staff Data Analyst","US","Data Science","US","Staff","10+ years","Internship","Unspecified","Data","2026-05-13T12:35:42-04:00","2026-08-27T15:51:54-04:00","https://stripe.com/jobs/search?gh_jid=7921649"
"502","8044839","1","Staff Data Scientist, Security","n/a","Data Science","US","Staff","10+ years","Internship","Unspecified","Data","2026-07-06T12:45:52-04:00","2026-08-18T17:38:46-04:00","https://stripe.com/jobs/search?gh_jid=8044839"
"503","8070949","1","Staff Engineer, Core Infrastructure","Bengaluru, India","Global Networking","India Locations","Staff","12+ years","Internship","Remote","Engineering","2026-07-30T00:27:59-04:00","2026-08-18T17:37:31-04:00","https://stripe.com/jobs/search?gh_jid=8070949"
"504","8090473","1","Staff Engineer, Revenue & Finance Automation","Bengaluru","Accounting Products","India Locations","Staff","12+ years","Internship","Remote","Engineering","2026-08-03T02:58:49-04:00","2026-08-18T17:37:33-04:00","https://stripe.com/jobs/search?gh_jid=8090473"
"505","7217778","1","Staff Engineer, Seller Systems","Bengaluru","Seller Systems","India Locations","Staff","10+ years","Contract","Hybrid","Engineering","2025-09-04T03:06:07-04:00","2026-08-28T11:26:11-04:00","https://stripe.com/jobs/search?gh_jid=7217778"
"506","8113221","1","Staff Fullstack Engineer, User Auth Experience","Canada","OAP - Eng","Canada Locations","Staff","8+ years","Full-time","Unspecified","Engineering","2026-08-06T17:14:57-04:00","2026-08-18T17:59:42-04:00","https://stripe.com/jobs/search?gh_jid=8113221"
"507","8148653","1","Staff Machine Learning Engineer, Financial Connections","New York","Bank Connections - Eng","US","Staff","10+ years","Internship","Unspecified","Engineering","2026-08-24T21:06:11-04:00","2026-08-31T14:18:36-04:00","https://stripe.com/jobs/search?gh_jid=8148653"
"508","7202630","1","Staff Product Designer, Link","NYC","Product Design","US","Staff","8+ years","Internship","Unspecified","Product","2025-09-26T11:40:08-04:00","2026-08-19T13:53:54-04:00","https://stripe.com/jobs/search?gh_jid=7202630"
"509","8008405","1","Staff Product Designer, Risk","Ireland / United Kingdom","Product Design","United Kingdom Locations","Staff","10+ years","Internship","Unspecified","Product","2026-06-30T04:40:33-04:00","2026-08-18T17:57:24-04:00","https://stripe.com/jobs/search?gh_jid=8008405"
"510","7655023","1","Staff Product Manager, AI","San Francisco, Seattle, New York, Chicago","PayIntel - PM","US","Staff","10+ years","Internship","Unspecified","Product","2026-02-25T13:30:23-05:00","2026-08-18T17:38:39-04:00","https://stripe.com/jobs/search?gh_jid=7655023"
"511","7983725","1","Staff Product Manager, Billing","SF, NY, SEAUS","Billing Products","US","Staff","10+ years","Internship","Remote","Product","2026-08-21T13:39:57-04:00","2026-08-21T13:39:57-04:00","https://stripe.com/jobs/search?gh_jid=7983725"
"512","8065034","1","Staff Product Manager, Connect","N/A","Connect - PM","US","Staff","7+ years","Internship","Unspecified","Product","2026-07-20T10:48:43-04:00","2026-08-18T17:38:46-04:00","https://stripe.com/jobs/search?gh_jid=8065034"
"513","7913702","1","Staff Product Manager, Dashboard","San Francisco, Seattle, NYC, Chicago, Atlanta, US","MerchantXP - PM","US","Staff","10+ years","Internship","Remote","Product","2026-05-11T22:03:18-04:00","2026-08-19T14:44:08-04:00","https://stripe.com/jobs/search?gh_jid=7913702"
"514","7812856","1","Staff Product Manager, Enterprise","San Francisco, Seattle, New York, Chicago, Atlanta","Enterprise Engine","US","Staff","12+ years","Internship","Remote","Product","2026-04-21T20:01:23-04:00","2026-08-21T11:26:43-04:00","https://stripe.com/jobs/search?gh_jid=7812856"
"515","7570242","1","Staff Product Manager, Global Expansion","Bengaluru","APAC - PM","India Locations","Staff","12+ years","Internship","Unspecified","Product","2026-02-20T00:36:37-05:00","2026-08-18T17:37:19-04:00","https://stripe.com/jobs/search?gh_jid=7570242"
"516","8043083","1","Staff Product Manager, Issuing","London","Issuing - PM","United Kingdom Locations","Staff","8+ years","Internship","Unspecified","Product","2026-07-10T11:42:29-04:00","2026-08-18T17:57:25-04:00","https://stripe.com/jobs/search?gh_jid=8043083"
"517","7737526","1","Staff Product Manager, Local Payment Methods Growth","Dublin","Payments Globalization - PM","Ireland Locations","Staff","8+ years","Internship","Unspecified","Product","2026-08-19T15:50:48-04:00","2026-08-19T15:50:48-04:00","https://stripe.com/jobs/search?gh_jid=7737526"
"518","8142649","1","Staff Product Manager, Local Payment Methods Growth","London","Payments Globalization - PM","Ireland Locations","Staff","8+ years","Internship","Unspecified","Product","2026-08-19T15:50:49-04:00","2026-08-19T15:50:49-04:00","https://stripe.com/jobs/search?gh_jid=8142649"
"519","7517535","1","Staff Product Manager, ML Foundations and GenAI","Seattle, San Francisco, New York, US","ML Foundations","US","Staff","7+ years","Internship","Remote","Product","2026-01-21T13:00:49-05:00","2026-08-18T17:38:40-04:00","https://stripe.com/jobs/search?gh_jid=7517535"
"520","7819059","1","Staff Product Manager, Payments","SF, SEA, NYC","PayIntel - PM","US","Staff","10+ years","Internship","Remote","Product","2026-04-15T14:12:39-04:00","2026-08-18T17:38:39-04:00","https://stripe.com/jobs/search?gh_jid=7819059"
"521","8124304","1","Staff Product Manager, Stripe Tax","Dublin, Ireland","Revenue and Finance Automation","ES-Barcelona","Staff","Unspecified","Internship","Unspecified","Product","2026-08-12T03:14:52-04:00","2026-08-18T17:57:25-04:00","https://stripe.com/jobs/search?gh_jid=8124304"
"522","7920219","1","Staff Product Manager, Support Experience","San Francisco, California, United States","Support Eng & PM","US","Staff","12+ years","Internship","Unspecified","Product","2026-05-20T10:55:38-04:00","2026-08-18T17:38:43-04:00","https://stripe.com/jobs/search?gh_jid=7920219"
"523","8127894","1","Staff Program Manager, Event Design","US","Brand Studio","US","Staff","10+ years","Internship","Hybrid","Program Management","2026-08-25T11:58:25-04:00","2026-08-25T11:58:25-04:00","https://stripe.com/jobs/search?gh_jid=8127894"
"524","8055701","1","Staff Software Engineer, API Platform","San Francisco, Seattle","Service Platform","US","Staff","12+ years","Internship","Remote","Engineering","2026-07-10T17:00:09-04:00","2026-08-18T17:38:46-04:00","https://stripe.com/jobs/search?gh_jid=8055701"
"525","8112037","1","Staff Software Engineer, Business Data","Seattle","Data Foundations","US","Staff","10+ years","Internship","Remote","Engineering","2026-08-06T10:27:42-04:00","2026-08-18T17:38:45-04:00","https://stripe.com/jobs/search?gh_jid=8112037"
"526","8076151","1","Staff Software Engineer, Dashboard","San Francisco","MerchantXP - Eng","US","Staff","10+ years","Internship","Remote","Engineering","2026-08-12T20:27:36-04:00","2026-08-18T17:38:47-04:00","https://stripe.com/jobs/search?gh_jid=8076151"
"527","8112042","1","Staff Software Engineer, Data Quality and Governance","Seattle","Data Foundations","US","Staff","10+ years","Internship","Remote","Engineering","2026-08-06T10:27:43-04:00","2026-08-18T17:38:45-04:00","https://stripe.com/jobs/search?gh_jid=8112042"
"528","8038771","1","Staff Software Engineer, Deployment Platform","Seattle","Core Compute","US","Staff","10+ years","Contract","Remote","Engineering","2026-07-13T16:49:55-04:00","2026-08-18T17:38:45-04:00","https://stripe.com/jobs/search?gh_jid=8038771"
"529","8120494","1","Staff Software Engineer, Financial Crimes","Toronto","Risk Engineering","Canada Locations","Staff","10+ years","Internship","Remote","Engineering","2026-08-11T15:17:09-04:00","2026-08-28T12:28:53-04:00","https://stripe.com/jobs/search?gh_jid=8120494"
"530","7369269","1","Staff Software Engineer, Issuing","NYC, SEA, San Francisco","Connect - Eng","US","Staff","10+ years","Internship","Remote","Engineering","2025-12-11T18:47:53-05:00","2026-08-18T17:38:40-04:00","https://stripe.com/jobs/search?gh_jid=7369269"
"531","8082847","1","Staff Software Engineer, Link","N/A","Consumer Network - Eng","US","Staff","8+ years","Internship","Remote","Engineering","2026-08-14T23:19:43-04:00","2026-08-29T10:54:23-04:00","https://stripe.com/jobs/search?gh_jid=8082847"
"532","7939868","1","Staff Software Engineer, Machine Learning Platform","San Francisco, Seattle","ML Foundations","US","Staff","10+ years","Internship","Remote","Engineering","2026-06-02T10:50:40-04:00","2026-08-18T17:38:43-04:00","https://stripe.com/jobs/search?gh_jid=7939868"
"533","7712852","1","Staff Software Engineer, Machine Learning Platform","Toronto","ML Foundations","Canada Locations","Staff","10+ years","Internship","Remote","Engineering","2026-03-12T15:33:15-04:00","2026-08-18T17:59:41-04:00","https://stripe.com/jobs/search?gh_jid=7712852"
"534","7986004","1","Staff Software Engineer, Payments Intelligence","Seattle, New York, San Francisco","PayIntel - Eng","US","Staff","10+ years","Internship","Remote","Engineering","2026-08-04T10:01:16-04:00","2026-08-18T17:38:44-04:00","https://stripe.com/jobs/search?gh_jid=7986004"
"535","7925073","1","Staff Software Engineer - Premium Merchant Experiences","Dublin","Support Products - Eng","Ireland Locations","Staff","10+ years","Internship","Unspecified","Engineering","2026-05-14T09:59:40-04:00","2026-08-31T12:15:20-04:00","https://stripe.com/jobs/search?gh_jid=7925073"
"536","8112043","1","Staff Software Engineer, Product Risk","Toronto","Data Foundations","US","Staff","10+ years","Internship","Remote","Engineering","2026-08-06T10:27:44-04:00","2026-08-18T17:38:45-04:00","https://stripe.com/jobs/search?gh_jid=8112043"
"537","8090141","1","Staff Software Engineer, Service Infrastructure","AMER","Service Platform","US","Staff","12+ years","Internship","Remote","Engineering","2026-07-27T19:58:50-04:00","2026-08-18T17:38:46-04:00","https://stripe.com/jobs/search?gh_jid=8090141"
"538","7746721","1","Staff Software Engineer, Stripe Dashboard","Seattle","MerchantXP - Eng","US","Staff","10+ years","Internship","Remote","Engineering","2026-03-24T18:48:01-04:00","2026-08-18T17:38:42-04:00","https://stripe.com/jobs/search?gh_jid=7746721"
"539","8129954","1","Strategic Account Executive, Platforms","London","Account Executives (EMEA)","United Kingdom Locations","Unspecified","10+ years","Internship","Unspecified","Sales","2026-08-18T06:47:04-04:00","2026-08-18T17:57:26-04:00","https://stripe.com/jobs/search?gh_jid=8129954"
"540","8155580","1","Strategic Business Performance, Central Strategy & Operations","US-Chicago, USUS-Seattle, US-San Francisco","Central Strategy & Operations","US","Unspecified","12+ years","Internship","Remote","Operations","2026-08-27T15:53:49-04:00","2026-08-31T13:07:34-04:00","https://stripe.com/jobs/search?gh_jid=8155580"
"541","7577505","1","Strategic Finance Partner","San Francisco","Corporate F&S","US","Unspecified","7+ years","Internship","Unspecified","Finance","2026-01-30T01:32:07-05:00","2026-08-18T17:38:41-04:00","https://stripe.com/jobs/search?gh_jid=7577505"
"542","7977676","1","Strategic Programs Lead, New Markets","Singapore","Risk Operations Enablement","Singapore Locations","Lead","8+ years","Internship","Unspecified","Uncategorized","2026-06-02T21:05:36-04:00","2026-08-18T17:37:26-04:00","https://stripe.com/jobs/search?gh_jid=7977676"
"543","8044391","1","Strategy and Operations Lead, Deal Pricing","New York City, Washington DC","Deal Pricing","US","Lead","8+ years","Contract","Remote","Finance","2026-07-20T22:43:18-04:00","2026-08-28T14:06:58-04:00","https://stripe.com/jobs/search?gh_jid=8044391"
"544","8053933","1","Strategy & Ops, Enterprise","San Francisco","GEO Sales HQ (EMEA)","US","Unspecified","7+ years","Internship","Unspecified","Operations","2026-07-31T13:36:13-04:00","2026-08-18T17:38:46-04:00","https://stripe.com/jobs/search?gh_jid=8053933"
"545","8007639","1","Strategy & Transformation Advisor (Growth & Monetization specialization)","London","Professional Services","United Kingdom Locations","Unspecified","10+ years","Internship","Remote","Operations","2026-08-13T05:41:43-04:00","2026-08-18T17:57:24-04:00","https://stripe.com/jobs/search?gh_jid=8007639"
"546","8162819","1","Support Operations, Privy","NYC","Privy - S&O","US","Unspecified","3+ years","Internship","Unspecified","Operations","2026-08-27T17:21:49-04:00","2026-08-27T18:56:33-04:00","https://stripe.com/jobs/search?gh_jid=8162819"
"547","7905025","1","Tax Technology Lead","San Francisco, Seattle, New York","Tax","US","Lead","12+ years","Internship","Unspecified","Finance","2026-06-12T16:26:47-04:00","2026-08-18T17:38:43-04:00","https://stripe.com/jobs/search?gh_jid=7905025"
"548","8044158","1","Technical Account Manager","Sydney","Technical Account Management, Support & Services - APAC","Australia Locations","Manager","3+ years","Internship","Unspecified","Sales","2026-07-13T04:55:49-04:00","2026-08-18T17:37:29-04:00","https://stripe.com/jobs/search?gh_jid=8044158"
"549","8023524","1","Technical Account Manager","Mexico City","Technical Account Management, Support & Services - AMER","Mexico Locations","Manager","5+ years","Internship","Unspecified","Sales","2026-06-23T19:38:52-04:00","2026-08-18T17:37:28-04:00","https://stripe.com/jobs/search?gh_jid=8023524"
"550","7918088","1","Technical Account Manager, AI User Segment","San Francisco, CA","Technical Account Management, Support & Services - AMER","US","Manager","10+ years","Internship","On-site","Sales","2026-05-21T17:08:56-04:00","2026-08-27T12:07:52-04:00","https://stripe.com/jobs/search?gh_jid=7918088"
"551","8142304","1","Technical Account Manager, Billing","San Francisco","Technical Account Management, Support & Services - AMER","US","Manager","10+ years","Internship","Hybrid","Sales","2026-08-24T11:15:03-04:00","2026-08-24T11:15:03-04:00","https://stripe.com/jobs/search?gh_jid=8142304"
"552","7955056","1","Technical Account Manager - GCN","Singapore","Technical Account Management, Support & Services - APAC","Singapore Locations","Manager","3+ years","Internship","Unspecified","Sales","2026-07-13T04:58:42-04:00","2026-08-26T12:03:10-04:00","https://stripe.com/jobs/search?gh_jid=7955056"
"553","7589978","1","Technical Connectivity Specialist","Chicago","Product Support","US","Unspecified","5+ years","Internship","Unspecified","Solutions Architecture","2026-02-10T09:39:56-05:00","2026-08-18T17:38:41-04:00","https://stripe.com/jobs/search?gh_jid=7589978"
"554","7976987","1","Technical Partner Manager","US-Atlanta; US-Chicago; US; CA-Toronto; CA","Money Management TechOps - Eng","US","Manager","6+ years","Internship","Remote","Solutions Architecture","2026-07-02T09:18:12-04:00","2026-08-28T03:58:16-04:00","https://stripe.com/jobs/search?gh_jid=7976987"
"555","8050340","1","Technical Program Manager, Bridge","N/A","Bridge - R&D","US","Manager","6+ years","Internship","Unspecified","Program Management","2026-07-08T00:41:26-04:00","2026-08-18T17:38:46-04:00","https://stripe.com/jobs/search?gh_jid=8050340"
"556","8114397","1","Technical Program Manager, Growth","TorontoCanada","MerchantXP - Eng","Canada Locations","Manager","5+ years","Internship","Remote","Program Management","2026-08-07T13:12:13-04:00","2026-08-31T09:28:34-04:00","https://stripe.com/jobs/search?gh_jid=8114397"
"557","7778643","1","Technical Program Manager,  Growth","in the US, Chicago, Atlanta","MerchantXP - Eng","US","Manager","5+ years","Internship","Remote","Program Management","2026-04-03T13:44:32-04:00","2026-08-31T13:31:17-04:00","https://stripe.com/jobs/search?gh_jid=7778643"
"558","8126047","1","Technical Program Manager, Infrastructure","South San Francisco, CA","Global Operations","US-PERM","Manager","5+ years","Internship","Remote","Engineering","2026-08-12T13:14:52-04:00","2026-08-18T17:38:48-04:00","https://stripe.com/jobs/search?gh_jid=8126047"
"559","8014533","1","Technical Program Manager, Link","San Francisco, New York City","Consumer Network - Eng","US","Manager","10+ years","Internship","Unspecified","Program Management","2026-07-01T13:48:08-04:00","2026-08-18T17:38:45-04:00","https://stripe.com/jobs/search?gh_jid=8014533"
"560","8007738","1","Technical Program Manager, Manager","Dublin","Risk Tech Program Management & Other","Ireland Locations","Manager","5+ years","Internship","Remote","Program Management","2026-07-21T08:57:54-04:00","2026-08-18T17:57:24-04:00","https://stripe.com/jobs/search?gh_jid=8007738"
"561","8042055","1","Technical Program Manager, Money-as-a-Service","in the US","MMS Product - Eng","US","Manager","6+ years","Internship","Remote","Program Management","2026-07-07T10:34:56-04:00","2026-08-18T17:38:46-04:00","https://stripe.com/jobs/search?gh_jid=8042055"
"562","7685855","1","Technical Program Manager, Risk","US","Risk Tech Program Management & Other","US","Manager","7+ years","Internship","Remote","Program Management","2026-03-10T00:54:16-04:00","2026-08-18T17:38:41-04:00","https://stripe.com/jobs/search?gh_jid=7685855"
"563","7678655","1","Technical Program Manager, Risk","Bangalore","Risk Tech Program Management & Other","India Locations","Manager","5+ years","Internship","Unspecified","Program Management","2026-03-11T08:24:18-04:00","2026-08-18T17:37:20-04:00","https://stripe.com/jobs/search?gh_jid=7678655"
"564","8142856","1","Technical Recruiter (Fixed Term Contract)","Singapore","Recruiting","Singapore Locations","Unspecified","6+ years","Internship","Unspecified","HR","2026-08-26T06:04:46-04:00","2026-08-31T01:21:55-04:00","https://stripe.com/jobs/search?gh_jid=8142856"
"565","8154525","1","Technical Recruiter (Fixed Term Contract)","SF, SEA, NYC, CHI, ATL","Recruiting","US","Unspecified","6+ years","Internship","Unspecified","HR","2026-08-24T18:20:43-04:00","2026-08-24T18:20:43-04:00","https://stripe.com/jobs/search?gh_jid=8154525"
"566","7377101","1","Technical Solutions Engineer","Seattle, WAUS","Technical Support","US","Unspecified","4+ years","Internship","Remote","Engineering","2025-11-24T14:44:45-05:00","2026-08-18T17:38:40-04:00","https://stripe.com/jobs/search?gh_jid=7377101"
"567","8079858","1","Technical Solutions Engineering Manager","San Francisco or Seattle","Technical Support","US","Manager","Unspecified","Internship","Unspecified","Engineering","2026-07-29T10:01:53-04:00","2026-08-18T17:38:47-04:00","https://stripe.com/jobs/search?gh_jid=8079858"
"568","7860377","1","Technical Support Engineer, Metronome","Dublin, Ireland","Metronome - R&D","United Kingdom Locations","Unspecified","2+ years","Internship","Unspecified","Engineering","2026-07-15T19:53:04-04:00","2026-08-18T17:57:23-04:00","https://stripe.com/jobs/search?gh_jid=7860377"
"569","7733725","1","Technical Support Engineer, Metronome","San Francisco, CA","Metronome - R&D","US","Unspecified","2+ years","Internship","Unspecified","Engineering","2026-07-15T19:48:46-04:00","2026-08-18T17:38:41-04:00","https://stripe.com/jobs/search?gh_jid=7733725"
"570","7718947","1","Tech Operations Associate, New Grad (Mexico)","Mexico City, Mexico","SDC - Tech Ops","MX-Mexico City","Associate","Unspecified","Full-time","On-site","Operations","2026-04-17T18:56:24-04:00","2026-08-18T17:37:20-04:00","https://stripe.com/jobs/search?gh_jid=7718947"
"571","8045862","1","Tech Ops Team Lead","Bengaluru","SDC - Central Operations Enablement","India Locations","Lead","9+ years","Internship","Unspecified","Operations","2026-07-16T02:30:03-04:00","2026-08-18T17:37:30-04:00","https://stripe.com/jobs/search?gh_jid=8045862"
"572","8072213","1","Tech & Product Strategic Sourcing Specialist","SF, NYC, SEA","Procurement","US","Unspecified","8+ years","Contract","Unspecified","Uncategorized","2026-07-20T12:43:47-04:00","2026-08-18T17:38:47-04:00","https://stripe.com/jobs/search?gh_jid=8072213"
"573","8076966","1","Thailand Compliance Officer & Money Laundering Reporting Officer","Bangkok","FinCRO","Thailand Locations","Unspecified","10+ years","Internship","Unspecified","Risk & Security","2026-07-27T03:18:45-04:00","2026-08-18T17:37:32-04:00","https://stripe.com/jobs/search?gh_jid=8076966"
"574","8079132","1","Treasury Finance AI and Quantitative Analytics, Americas","NYC","Treasury Finance","US","Unspecified","8+ years","Internship","Unspecified","Data","2026-07-24T16:45:39-04:00","2026-08-18T17:38:47-04:00","https://stripe.com/jobs/search?gh_jid=8079132"
"575","8096121","1","UK Public Sector Lead","London","GTM Industries","United Kingdom Locations","Lead","Unspecified","Contract","Unspecified","Uncategorized","2026-08-13T09:08:45-04:00","2026-08-18T17:57:25-04:00","https://stripe.com/jobs/search?gh_jid=8096121"
"576","8128011","1","University Recruiter","Dublin, London","University Recruiting","Ireland Locations","Unspecified","5+ years","Full-time","Unspecified","HR","2026-08-19T04:50:30-04:00","2026-08-21T14:26:23-04:00","https://stripe.com/jobs/search?gh_jid=8128011"
"577","8094669","1","University Recruiting Manager","Singapore, Dublin","University Recruiting","Singapore Locations","Manager","Unspecified","Internship","Unspecified","HR","2026-07-30T09:06:17-04:00","2026-08-18T17:37:33-04:00","https://stripe.com/jobs/search?gh_jid=8094669"
"578","8070044","1","U.S. Federal Government Relations Director","DC, Maryland, Virginia","Public Policy","US","Director","10+ years","Internship","Remote","Legal","2026-07-24T13:22:49-04:00","2026-08-18T17:38:47-04:00","https://stripe.com/jobs/search?gh_jid=8070044"
"579","7738241","1","Verifications Operations Associate","Bengaluru","SDC - Partner Risk Operations","India Locations","Associate","Unspecified","Internship","On-site","Operations","2026-03-24T10:00:27-04:00","2026-08-25T09:33:42-04:00","https://stripe.com/jobs/search?gh_jid=7738241"
"580","8092411","1","Workplace Experience Manager","New York City","Workplace Services","US","Manager","7+ years","Contract","On-site","HR","2026-07-28T15:15:54-04:00","2026-08-31T17:23:06-04:00","https://stripe.com/jobs/search?gh_jid=8092411"
"581","8120185","1","Workplace Operations Manager - Dublin","Dublin","Workplace Services","Ireland Locations","Manager","8+ years","Contract","On-site","Operations","2026-08-13T04:22:56-04:00","2026-08-18T17:57:26-04:00","https://stripe.com/jobs/search?gh_jid=8120185"
"582","8016510","1","Workplace Strategy & Operations Manager","San Francisco","Workplace Services","US","Manager","5+ years","Internship","Unspecified","Operations","2026-06-18T16:39:02-04:00","2026-08-18T17:38:45-04:00","https://stripe.com/jobs/search?gh_jid=8016510"
"583","7695702","2","Account Executive, FedCiv","","Field Sales","Washington, DC","Unspecified","5+ years","Contract","Hybrid","Sales","2026-03-09T16:05:19-04:00","2026-08-25T19:38:33-04:00","https://boards.greenhouse.io/cloudflare/jobs/7695702?gh_jid=7695702"
"584","8097321","2","AI Security Research & Red Team Engineer","","Security","Austin, TX","Unspecified","4+ years","Internship","Hybrid","Engineering","2026-08-10T11:02:09-04:00","2026-08-25T19:38:33-04:00","https://boards.greenhouse.io/cloudflare/jobs/8097321?gh_jid=8097321"
"585","8144669","2","Associate General Counsel, Privacy Compliance","","Legal, Policy, Trust & Safety","London, United Kingdom","Associate","10+ years","Contract","Hybrid","Risk & Security","2026-08-21T13:54:32-04:00","2026-08-25T19:38:33-04:00","https://boards.greenhouse.io/cloudflare/jobs/8144669?gh_jid=8144669"
"586","8152697","2","Associate Solutions Engineer - Beijing","","Solution Engineering","Beijing, China","Associate","2+ years","Internship","Hybrid","Engineering","2026-08-25T23:38:15-04:00","2026-08-25T23:38:15-04:00","https://boards.greenhouse.io/cloudflare/jobs/8152697?gh_jid=8152697"
"587","8084358","2","Business Development Manager","","BDR","Austin, TX","Manager","2+ years","Internship","Hybrid","Sales","2026-07-28T16:27:56-04:00","2026-08-25T19:38:33-04:00","https://boards.greenhouse.io/cloudflare/jobs/8084358?gh_jid=8084358"
"588","6696709","2","Business Development Representative - Arabic Speaking","","BDR","Dubai, United Arab Emirates","Unspecified","2+ years","Internship","Hybrid","Sales","2025-03-10T10:50:45-04:00","2026-08-25T19:38:33-04:00","https://boards.greenhouse.io/cloudflare/jobs/6696709?gh_jid=6696709"
"589","8143311","2","Business Development Representative, ASEAN (Vietnamese speaking)","","BDR","Singapore","Unspecified","1+ years","Internship","Hybrid","Sales","2026-08-27T03:06:42-04:00","2026-08-27T03:06:42-04:00","https://boards.greenhouse.io/cloudflare/jobs/8143311?gh_jid=8143311"
"590","7167659","2","Business Development Representative - Bahasa Indonesia Speaking","","BDR","Singapore","Unspecified","1+ years","Internship","Hybrid","Sales","2025-08-17T21:32:53-04:00","2026-08-25T19:38:33-04:00","https://boards.greenhouse.io/cloudflare/jobs/7167659?gh_jid=7167659"
"591","6557318","2","Business Development Representative (BDR)","","BDR","Austin, TX","Unspecified","1+ years","Internship","Hybrid","Sales","2025-01-23T21:18:43-05:00","2026-08-25T19:38:33-04:00","https://boards.greenhouse.io/cloudflare/jobs/6557318?gh_jid=6557318"
"592","7991345","2","Business Development Representative (BDR), LATAM Spanish Speaking","","BDR","Austin, TX","Unspecified","Unspecified","Internship","Hybrid","Sales","2026-06-11T11:57:11-04:00","2026-08-25T19:38:33-04:00","https://boards.greenhouse.io/cloudflare/jobs/7991345?gh_jid=7991345"
"593","8143252","2","Business Development Representative (Cantonese Speaking)","","BDR","Beijing, China","Unspecified","1+ years","Internship","Hybrid","Sales","2026-08-20T20:33:55-04:00","2026-08-25T19:38:33-04:00","https://boards.greenhouse.io/cloudflare/jobs/8143252?gh_jid=8143252"
"594","7657028","2","Business Development Representative - Danish, Norwegian or Swedish Speaking","","BDR","Lisbon, Portugal","Unspecified","1+ years","Internship","Hybrid","Sales","2026-02-26T04:13:08-05:00","2026-08-25T19:38:33-04:00","https://boards.greenhouse.io/cloudflare/jobs/7657028?gh_jid=7657028"
"595","7883803","2","Business Development Representative - Dutch Speaking","","BDR","Amsterdam, Netherlands","Unspecified","1+ years","Internship","Hybrid","Sales","2026-05-06T09:00:11-04:00","2026-08-31T07:28:01-04:00","https://boards.greenhouse.io/cloudflare/jobs/7883803?gh_jid=7883803"
"596","7504487","2","Business Development Representative - German Speaking","","BDR","Lisbon, Portugal","Unspecified","1+ years","Internship","Hybrid","Sales","2025-12-30T09:55:12-05:00","2026-08-25T19:38:33-04:00","https://boards.greenhouse.io/cloudflare/jobs/7504487?gh_jid=7504487"
"597","7772239","2","Business Development Representative - Turkish Speaking","","BDR","Dubai, United Arab Emirates","Unspecified","2+ years","Internship","Hybrid","Sales","2026-04-01T08:46:07-04:00","2026-08-25T19:38:33-04:00","https://boards.greenhouse.io/cloudflare/jobs/7772239?gh_jid=7772239"
"598","8076815","2","Chief of Staff to Chief Strategy Officer","","Strategy","Austin, TX","Staff","10+ years","Internship","Hybrid","Operations","2026-07-28T10:16:27-04:00","2026-08-25T19:38:33-04:00","https://boards.greenhouse.io/cloudflare/jobs/8076815?gh_jid=8076815"
"599","7684830","2","Client Executive, SLED","","Sales","Los Angeles, CA","Unspecified","12+ years","Contract","Hybrid","Uncategorized","2026-03-17T17:22:30-04:00","2026-08-25T19:38:33-04:00","https://boards.greenhouse.io/cloudflare/jobs/7684830?gh_jid=7684830"
"600","7478874","2","Commercial Account Executive (German speaking)","","Mid Market","Remote Switzerland","Unspecified","5+ years","Contract","Hybrid","Sales","2025-12-18T07:11:05-05:00","2026-08-25T19:38:33-04:00","https://boards.greenhouse.io/cloudflare/jobs/7478874?gh_jid=7478874"
"601","8045313","2","Commercial Account Executive, Saudi Arabia","","Mid Market","Dubai, United Arab Emirates","Unspecified","6+ years","Contract","Hybrid","Sales","2026-07-21T05:16:24-04:00","2026-08-25T19:38:33-04:00","https://boards.greenhouse.io/cloudflare/jobs/8045313?gh_jid=8045313"
"602","7588061","2","Country Director, India","India","Field Sales","Remote India","Director","Unspecified","Internship","Remote","Uncategorized","2026-05-27T15:57:57-04:00","2026-08-25T19:38:33-04:00","https://boards.greenhouse.io/cloudflare/jobs/7588061?gh_jid=7588061"
"603","8120031","2","CTO Operations Lead","","Product","Austin, TX","Lead","Unspecified","Internship","Hybrid","Operations","2026-08-10T18:02:21-04:00","2026-08-25T19:38:33-04:00","https://boards.greenhouse.io/cloudflare/jobs/8120031?gh_jid=8120031"
"604","8140641","2","Customer Engineer, ASEAN Specialist","","Customer Success Engineering","Singapore","Unspecified","3+ years","Internship","Hybrid","Engineering","2026-08-24T20:39:45-04:00","2026-08-25T19:38:33-04:00","https://boards.greenhouse.io/cloudflare/jobs/8140641?gh_jid=8140641"
"605","8158614","2","Customer Engineer, Digital Native Bsuiness, Singapore","","Solution Engineering","Singapore","Unspecified","7+ years","Internship","Hybrid","Engineering","2026-08-31T23:21:04-04:00","2026-09-01T01:21:21-04:00","https://boards.greenhouse.io/cloudflare/jobs/8158614?gh_jid=8158614"
"606","8158617","2","Customer Engineer, Digital Native Business, Indonesia","","Solution Engineering","Singapore","Unspecified","7+ years","Internship","Hybrid","Engineering","2026-08-31T23:37:04-04:00","2026-09-01T01:23:29-04:00","https://boards.greenhouse.io/cloudflare/jobs/8158617?gh_jid=8158617"
"607","7955378","2","Customer Engineer, India (Based in Mumbai)","India","Solution Engineering","Remote India","Unspecified","Unspecified","Internship","Remote","Engineering","2026-06-03T21:52:37-04:00","2026-08-25T19:38:33-04:00","https://boards.greenhouse.io/cloudflare/jobs/7955378?gh_jid=7955378"
"608","8140643","2","Customer Engineer, Korean Specialist","","Customer Success Engineering","Seoul, South Korea","Unspecified","3+ years","Internship","Hybrid","Engineering","2026-08-24T20:39:41-04:00","2026-08-26T20:41:54-04:00","https://boards.greenhouse.io/cloudflare/jobs/8140643?gh_jid=8140643"
"609","8027774","2","Customer Engineer (Pre-Sales), Korea (Based in Seoul)","","Solution Engineering","Seoul, South Korea","Unspecified","Unspecified","Internship","Hybrid","Engineering","2026-06-29T01:52:41-04:00","2026-08-25T19:38:33-04:00","https://boards.greenhouse.io/cloudflare/jobs/8027774?gh_jid=8027774"
"610","7988072","2","Customer Experience Manager","","Customer Renewals","Austin, TX","Manager","3+ years","Contract","Hybrid","Uncategorized","2026-06-08T12:29:51-04:00","2026-08-25T19:38:33-04:00","https://boards.greenhouse.io/cloudflare/jobs/7988072?gh_jid=7988072"
"611","8063946","2","Customer Experience Manager - French Speaking","","Customer Renewals","Lisbon, Portugal","Manager","3+ years","Contract","Hybrid","Uncategorized","2026-07-17T07:21:10-04:00","2026-08-25T19:38:33-04:00","https://boards.greenhouse.io/cloudflare/jobs/8063946?gh_jid=8063946"
"612","7241874","2","Customer Experience Manager - Russian Speaking","","Customer Renewals","Lisbon, Portugal","Manager","3+ years","Contract","Hybrid","Uncategorized","2025-09-10T03:30:34-04:00","2026-08-25T19:38:33-04:00","https://boards.greenhouse.io/cloudflare/jobs/7241874?gh_jid=7241874"
"613","7535803","2","Data Center DCIM Program Leader - Infrastructure Operations","","Infrastructure","Atlanta, GA","Lead","7+ years","Contract","Hybrid","Engineering","2026-01-15T19:10:36-05:00","2026-08-28T12:21:43-04:00","https://boards.greenhouse.io/cloudflare/jobs/7535803?gh_jid=7535803"
"614","7736431","2","Data Center Infrastructure Management (DCIM) Administrator - Infrastructure Operations","","Infrastructure","Atlanta, GA","Unspecified","4+ years","Contract","Hybrid","Engineering","2026-03-20T20:11:10-04:00","2026-08-28T12:27:59-04:00","https://boards.greenhouse.io/cloudflare/jobs/7736431?gh_jid=7736431"
"615","8163023","2","DCSC Automation Specialist","","Infrastructure","Atlanta, GA","Unspecified","Unspecified","Internship","Hybrid","Uncategorized","2026-08-28T06:14:26-04:00","2026-08-28T12:41:06-04:00","https://boards.greenhouse.io/cloudflare/jobs/8163023?gh_jid=8163023"
"616","7544182","2","Deal Desk Manager, EMEA","","Accounting and Finance","Lisbon, Portugal","Manager","8+ years","Contract","Hybrid","Uncategorized","2026-01-28T07:30:43-05:00","2026-08-25T19:38:33-04:00","https://boards.greenhouse.io/cloudflare/jobs/7544182?gh_jid=7544182"
"617","8049608","2","Digital Communications Director","","Communications","Austin, TX","Director","10+ years","Internship","Hybrid","Marketing","2026-07-14T12:30:29-04:00","2026-08-25T19:38:33-04:00","https://boards.greenhouse.io/cloudflare/jobs/8049608?gh_jid=8049608"
"618","8056660","2","Director, Developer GTM Finance","","Accounting and Finance","Austin, TX","Director","10+ years","Contract","Hybrid","Engineering","2026-07-13T16:11:48-04:00","2026-08-25T19:38:33-04:00","https://boards.greenhouse.io/cloudflare/jobs/8056660?gh_jid=8056660"
"619","8051547","2","Director, Enterprise Sales (AI & Digital Natives)","","Field Sales","San Francisco, CA","Director","10+ years","Internship","Hybrid","Sales","2026-07-08T13:24:08-04:00","2026-08-25T19:38:33-04:00","https://boards.greenhouse.io/cloudflare/jobs/8051547?gh_jid=8051547"
"620","7374496","2","Director, Enterprise Sales, Japan","","Field Sales","Tokyo, Japan","Director","Unspecified","Contract","Hybrid","Sales","2025-11-26T01:20:43-05:00","2026-08-25T19:38:33-04:00","https://boards.greenhouse.io/cloudflare/jobs/7374496?gh_jid=7374496"
"621","8157726","2","Director, Global Design & Construction","","People & Places","Austin, TX","Director","12+ years","Contract","Hybrid","Design","2026-08-26T17:20:04-04:00","2026-08-26T17:20:04-04:00","https://boards.greenhouse.io/cloudflare/jobs/8157726?gh_jid=8157726"
"622","7964809","2","Director of Developer Events","","Emerging Technology and Incubation","Austin, TX","Director","15+ years","Contract","On-site","Engineering","2026-06-04T18:57:00-04:00","2026-08-25T19:38:33-04:00","https://boards.greenhouse.io/cloudflare/jobs/7964809?gh_jid=7964809"
"623","8152765","2","Director of Product Management, Fintech","","Product","Austin, TX","Director","Unspecified","Contract","Hybrid","Uncategorized","2026-08-28T11:21:47-04:00","2026-08-31T04:34:03-04:00","https://boards.greenhouse.io/cloudflare/jobs/8152765?gh_jid=8152765"
"624","8036150","2","Director, Strategic Finance & Investor Relations","","Accounting and Finance","New York, NY","Director","10+ years","Internship","Hybrid","Finance","2026-06-30T09:21:56-04:00","2026-08-25T19:38:33-04:00","https://boards.greenhouse.io/cloudflare/jobs/8036150?gh_jid=8036150"
"625","8068479","2","EIAM Business Enablement & Operations Intern (Fall 2026)","","Security","Austin, TX","Intern","Unspecified","Internship","On-site","Operations","2026-07-17T18:39:28-04:00","2026-08-25T19:38:33-04:00","https://boards.greenhouse.io/cloudflare/jobs/8068479?gh_jid=8068479"
"626","8099000","2","Engineering Manager, Browser Run","","Emerging Technology and Incubation","Lisbon, Portugal","Manager","2+ years","Internship","Hybrid","Engineering","2026-08-07T09:58:37-04:00","2026-08-25T19:38:33-04:00","https://boards.greenhouse.io/cloudflare/jobs/8099000?gh_jid=8099000"
"627","8083701","2","Engineering Manager, Cloudflare Network Interconnect","","Infrastructure","Austin, TX","Manager","3+ years","Internship","Hybrid","Engineering","2026-07-29T16:28:56-04:00","2026-08-25T19:38:33-04:00","https://boards.greenhouse.io/cloudflare/jobs/8083701?gh_jid=8083701"
"628","7647474","2","Engineering Manager, Linux Team","","Infrastructure","Austin, TX","Manager","5+ years","Internship","Hybrid","Engineering","2026-02-27T12:05:20-05:00","2026-08-28T12:35:10-04:00","https://boards.greenhouse.io/cloudflare/jobs/7647474?gh_jid=7647474"
"629","8143649","2","Engineering Manager, Radar & Insights","","Emerging Technology and Incubation","Lisbon, Portugal","Manager","Unspecified","Internship","Hybrid","Engineering","2026-08-27T10:18:34-04:00","2026-08-27T10:18:34-04:00","https://boards.greenhouse.io/cloudflare/jobs/8143649?gh_jid=8143649"
"630","7653558","2","Engineering Manager - Workers Runtime, Edge Team","","Emerging Technology and Incubation","Austin, TX","Manager","4+ years","Internship","On-site","Engineering","2026-03-05T05:21:40-05:00","2026-08-31T04:35:44-04:00","https://boards.greenhouse.io/cloudflare/jobs/7653558?gh_jid=7653558"
"631","8158609","2","Enterprise Customer Engineer, Singapore","","Solution Engineering","Singapore","Unspecified","7+ years","Internship","Hybrid","Engineering","2026-08-31T23:24:42-04:00","2026-08-31T23:24:42-04:00","https://boards.greenhouse.io/cloudflare/jobs/8158609?gh_jid=8158609"
"632","8158620","2","Enterprise Customer Engineer, Vietnam","","Solution Engineering","Singapore","Unspecified","7+ years","Internship","Hybrid","Engineering","2026-08-31T23:42:19-04:00","2026-08-31T23:42:19-04:00","https://boards.greenhouse.io/cloudflare/jobs/8158620?gh_jid=8158620"
"633","7572075","2","Forward Deployed Engineer (FDE)","","Professional Services","Atlanta, GA","Unspecified","10+ years","Internship","Hybrid","Engineering","2026-02-05T15:08:53-05:00","2026-08-25T19:38:33-04:00","https://boards.greenhouse.io/cloudflare/jobs/7572075?gh_jid=7572075"
"634","7778816","2","Forward Deployed Engineer, Hebrew speaker","","Developer Relations","Amsterdam, Netherlands","Unspecified","7+ years","Internship","Hybrid","Engineering","2026-04-10T14:58:54-04:00","2026-08-25T19:38:33-04:00","https://boards.greenhouse.io/cloudflare/jobs/7778816?gh_jid=7778816"
"635","8043287","2","Forward Deployed Engineer, Professional Services","","Professional Services","Lisbon, Portugal","Unspecified","Unspecified","Internship","Hybrid","Engineering","2026-08-11T05:44:43-04:00","2026-08-25T19:38:33-04:00","https://boards.greenhouse.io/cloudflare/jobs/8043287?gh_jid=8043287"
"636","8043339","2","Forward Deployed Engineer, Professional Services","","Professional Services","London, United Kingdom","Unspecified","Unspecified","Internship","Remote","Engineering","2026-08-26T10:18:44-04:00","2026-08-26T10:18:44-04:00","https://boards.greenhouse.io/cloudflare/jobs/8043339?gh_jid=8043339"
"637","8014902","2","Full Stack Engineer - Internal Audit","","Accounting and Finance","Remote India","Intern","5+ years","Internship","Hybrid","Engineering","2026-06-21T08:37:17-04:00","2026-08-25T19:38:33-04:00","https://boards.greenhouse.io/cloudflare/jobs/8014902?gh_jid=8014902"
"638","7816547","2","Global Physical Security Intelligence Specialist","","Security","New York, NY","Unspecified","Unspecified","Internship","On-site","Risk & Security","2026-04-21T15:18:53-04:00","2026-08-25T19:38:33-04:00","https://boards.greenhouse.io/cloudflare/jobs/7816547?gh_jid=7816547"
"639","8045914","2","GRC Engineer","","Security","Austin, TX","Unspecified","5+ years","Internship","Hybrid","Engineering","2026-07-08T08:58:31-04:00","2026-08-25T19:38:33-04:00","https://boards.greenhouse.io/cloudflare/jobs/8045914?gh_jid=8045914"
"640","7428796","2","Head of GTM, AI Inference","","Developer Relations","New York, NY","Head","Unspecified","Internship","Hybrid","Uncategorized","2025-11-28T09:54:35-05:00","2026-08-25T19:38:33-04:00","https://boards.greenhouse.io/cloudflare/jobs/7428796?gh_jid=7428796"
"641","8000779","2","HR M&A Director","","People & Places","Austin, TX","Director","Unspecified","Internship","Hybrid","HR","2026-06-12T14:31:27-04:00","2026-08-27T16:56:05-04:00","https://boards.greenhouse.io/cloudflare/jobs/8000779?gh_jid=8000779"
"642","8025650","2","Incident Response Analyst - React","","Security","Remote India","Unspecified","5+ years","Internship","On-site","Uncategorized","2026-06-24T08:29:13-04:00","2026-08-25T19:38:33-04:00","https://boards.greenhouse.io/cloudflare/jobs/8025650?gh_jid=8025650"
"643","8064055","2","Insider Threat Engineer","","Security","Austin, TX","Unspecified","5+ years","Internship","Hybrid","Engineering","2026-07-15T06:50:31-04:00","2026-08-25T19:38:33-04:00","https://boards.greenhouse.io/cloudflare/jobs/8064055?gh_jid=8064055"
"644","8046137","2","Intelligence Production Lead",";","Security","Washington, DC","Lead","5+ years","Internship","Hybrid","Uncategorized","2026-07-16T06:18:27-04:00","2026-08-25T19:38:33-04:00","https://boards.greenhouse.io/cloudflare/jobs/8046137?gh_jid=8046137"
"645","8138788","2","Lead Vulnerability Management Engineer","","Security","Austin, TX","Lead","5+ years","Internship","Hybrid","Engineering","2026-08-19T14:19:28-04:00","2026-08-25T19:38:33-04:00","https://boards.greenhouse.io/cloudflare/jobs/8138788?gh_jid=8138788"
"646","7972472","2","Litigation Counsel","","Legal, Policy, Trust & Safety","London, United Kingdom","Unspecified","4+ years","Contract","Hybrid","Legal","2026-06-02T09:19:59-04:00","2026-08-25T19:38:33-04:00","https://boards.greenhouse.io/cloudflare/jobs/7972472?gh_jid=7972472"
"647","7552575","2","Major Account Executive, France","","Field Sales","Paris, France","Unspecified","10+ years","Contract","Hybrid","Sales","2026-01-26T08:38:30-05:00","2026-08-25T19:38:33-04:00","https://boards.greenhouse.io/cloudflare/jobs/7552575?gh_jid=7552575"
"648","7756883","2","Manager, BDR - SAARC","","BDR","Remote India","Manager","Unspecified","Internship","Remote","Uncategorized","2026-03-30T19:57:27-04:00","2026-08-26T18:37:28-04:00","https://boards.greenhouse.io/cloudflare/jobs/7756883?gh_jid=7756883"
"649","8160386","2","Manager, Customer Experience and Renewals","","Sales","New York, NY","Manager","5+ years","Internship","Hybrid","Uncategorized","2026-08-27T14:30:53-04:00","2026-08-27T14:30:53-04:00","https://boards.greenhouse.io/cloudflare/jobs/8160386?gh_jid=8160386"
"650","8140704","2","Manager, Presales Customer Engineering","","Solution Engineering","Sydney, Australia","Manager","5+ years","Internship","Hybrid","Engineering","2026-08-24T22:01:50-04:00","2026-08-25T19:38:33-04:00","https://boards.greenhouse.io/cloudflare/jobs/8140704?gh_jid=8140704"
"651","7838607","2","Marketing Campaigns & Account-Based Marketing (ABM) Intern (Fall 2026)","","University","London, United Kingdom","Intern","Unspecified","Full-time","On-site","Marketing","2026-04-24T08:44:16-04:00","2026-08-25T19:38:33-04:00","https://boards.greenhouse.io/cloudflare/jobs/7838607?gh_jid=7838607"
"652","8030678","2","Marketing Strategy and Operations Lead","","Marketing","Austin, TX","Lead","10+ years","Internship","Hybrid","Marketing","2026-07-02T16:12:52-04:00","2026-08-25T19:38:33-04:00","https://boards.greenhouse.io/cloudflare/jobs/8030678?gh_jid=8030678"
"653","6540163","2","Named Account Executive","","Field Sales","Mexico City, MX","Unspecified","6+ years","Contract","Hybrid","Sales","2025-01-15T16:09:18-05:00","2026-08-25T19:38:33-04:00","https://boards.greenhouse.io/cloudflare/jobs/6540163?gh_jid=6540163"
"654","7868936","2","Named Account Executive, FSI (Hong Kong)","","Field Sales","Singapore","Unspecified","5+ years","Contract","Hybrid","Sales","2026-05-21T12:51:46-04:00","2026-08-25T19:38:33-04:00","https://boards.greenhouse.io/cloudflare/jobs/7868936?gh_jid=7868936"
"655","8155946","2","Named Account Executive, Public Sector & Enterprise","","Field Sales","Singapore","Chief","10+ years","Contract","Hybrid","Sales","2026-08-25T08:55:45-04:00","2026-08-25T19:38:33-04:00","https://boards.greenhouse.io/cloudflare/jobs/8155946?gh_jid=8155946"
"656","7783835","2","Named Account Executive, Thailand","","Field Sales","Singapore","Unspecified","Unspecified","Contract","Hybrid","Sales","2026-06-05T06:19:01-04:00","2026-08-25T19:38:33-04:00","https://boards.greenhouse.io/cloudflare/jobs/7783835?gh_jid=7783835"
"657","8153294","2","National Sales Director, Major and Federal Accounts","","Field Sales","Toronto, ON","Director","10+ years","Internship","Remote","Sales","2026-08-27T10:44:57-04:00","2026-08-27T10:44:57-04:00","https://boards.greenhouse.io/cloudflare/jobs/8153294?gh_jid=8153294"
"658","8099671","2","Network Deployment Engineer","","Infrastructure","Atlanta, GA","Unspecified","2+ years","Contract","Hybrid","Engineering","2026-08-07T12:47:38-04:00","2026-08-25T19:47:13-04:00","https://boards.greenhouse.io/cloudflare/jobs/8099671?gh_jid=8099671"
"659","8088046","2","Network Deployment Engineer - APJC","","Infrastructure","Singapore","Unspecified","5+ years","Contract","Hybrid","Engineering","2026-07-29T22:13:44-04:00","2026-08-31T00:56:49-04:00","https://boards.greenhouse.io/cloudflare/jobs/8088046?gh_jid=8088046"
"660","8147174","2","Network Hardware Engineer","","Infrastructure","Austin, TX","Unspecified","Unspecified","Internship","Hybrid","Engineering","2026-08-26T11:05:27-04:00","2026-08-26T11:05:27-04:00","https://boards.greenhouse.io/cloudflare/jobs/8147174?gh_jid=8147174"
"661","8081027","2","Network Security Engineer","","Customer Support","Singapore","Unspecified","4+ years","Internship","Hybrid","Engineering","2026-07-24T00:53:54-04:00","2026-08-25T19:38:33-04:00","https://boards.greenhouse.io/cloudflare/jobs/8081027?gh_jid=8081027"
"662","8128846","2","Oracle Operations Manager","","Information Technology","Austin, TX","Manager","5+ years","Internship","Hybrid","Operations","2026-08-17T11:10:44-04:00","2026-08-25T19:38:33-04:00","https://boards.greenhouse.io/cloudflare/jobs/8128846?gh_jid=8128846"
"663","8157770","2","Oracle Procurement Lead","","Information Technology","Austin, TX","Lead","10+ years","Contract","Hybrid","Uncategorized","2026-08-26T10:50:59-04:00","2026-08-26T10:50:59-04:00","https://boards.greenhouse.io/cloudflare/jobs/8157770?gh_jid=8157770"
"664","8049820","2","Partner Solutions Architect- Service Providers  Location New York, Atlanta, Charlotte, New Jersey and FL","","Solution Engineering","Atlanta, GA","Unspecified","15+ years","Internship","Remote","Solutions Architecture","2026-07-13T13:26:16-04:00","2026-08-25T19:38:33-04:00","https://boards.greenhouse.io/cloudflare/jobs/8049820?gh_jid=8049820"
"665","8161038","2","People Operations Specialist, Singapore (6 Month Contract)","","People & Places","Singapore","Unspecified","Unspecified","Contract","Hybrid","Operations","2026-08-27T03:27:51-04:00","2026-08-27T03:27:51-04:00","https://boards.greenhouse.io/cloudflare/jobs/8161038?gh_jid=8161038"
"666","8112140","2","Post-Award Governance Specialist","","Sales Ops","Austin, TX","Unspecified","Unspecified","Contract","Hybrid","Uncategorized","2026-08-07T11:30:40-04:00","2026-08-25T19:38:33-04:00","https://boards.greenhouse.io/cloudflare/jobs/8112140?gh_jid=8112140"
"667","8076565","2","Presales Customer Engineer, Enterprise (based in Melbourne)","","Solution Engineering","Remote Australia","Unspecified","7+ years","Internship","Hybrid","Engineering","2026-07-21T10:48:32-04:00","2026-08-25T19:38:33-04:00","https://boards.greenhouse.io/cloudflare/jobs/8076565?gh_jid=8076565"
"668","8076538","2","Presales Customer Engineer, Enterprise (Sydney)","","Solution Engineering","Sydney, Australia","Unspecified","7+ years","Internship","Hybrid","Engineering","2026-07-21T10:48:34-04:00","2026-08-25T19:38:33-04:00","https://boards.greenhouse.io/cloudflare/jobs/8076538?gh_jid=8076538"
"669","8087911","2","Presales Customer Engineer (Sydney)","","Solution Engineering","Sydney, Australia","Unspecified","7+ years","Internship","Hybrid","Engineering","2026-07-27T20:51:26-04:00","2026-08-25T19:38:33-04:00","https://boards.greenhouse.io/cloudflare/jobs/8087911?gh_jid=8087911"
"670","7958083","2","Principal Account Executive, SLED West (R1 Institutions and Higher Ed)","","Field Sales","San Francisco, CA","Principal","3+ years","Contract","Remote","Sales","2026-06-16T12:20:53-04:00","2026-08-25T19:38:33-04:00","https://boards.greenhouse.io/cloudflare/jobs/7958083?gh_jid=7958083"
"671","8109939","2","Principal Content Engineer",";","Developer Relations","Austin, TX","Principal","12+ years","Internship","Hybrid","Engineering","2026-08-06T08:06:09-04:00","2026-08-25T19:38:33-04:00","https://boards.greenhouse.io/cloudflare/jobs/8109939?gh_jid=8109939"
"672","8023395","2","Principal Engineer - Cloudforce One","","Security","Austin, TX","Principal","15+ years","Internship","Hybrid","Engineering","2026-06-29T14:58:13-04:00","2026-08-25T19:38:33-04:00","https://boards.greenhouse.io/cloudflare/jobs/8023395?gh_jid=8023395"
"673","8054669","2","Principal Engineer - GTM Data Platform","","Developer Relations","Austin, TX","Principal","10+ years","Contract","Hybrid","Engineering","2026-07-22T14:48:23-04:00","2026-08-25T19:38:33-04:00","https://boards.greenhouse.io/cloudflare/jobs/8054669?gh_jid=8054669"
"674","8003273","2","Principal Finance Partner, Revenue & Strategic Modeling","","Accounting and Finance","Austin, TX","Principal","10+ years","Internship","Hybrid","Finance","2026-06-15T11:25:11-04:00","2026-08-25T19:52:03-04:00","https://boards.greenhouse.io/cloudflare/jobs/8003273?gh_jid=8003273"
"675","8106415","2","Principal, GTM Strategic Initiatives Program Manager","","CRO Office","Austin, TX","Principal","8+ years","Internship","Hybrid","Program Management","2026-08-06T11:07:39-04:00","2026-08-25T19:38:33-04:00","https://boards.greenhouse.io/cloudflare/jobs/8106415?gh_jid=8106415"
"676","8136547","2","Principal Integrated Marketing Program Manager","","Marketing","Austin, TX","Principal","8+ years","Internship","Hybrid","Program Management","2026-08-19T16:16:31-04:00","2026-08-25T19:38:33-04:00","https://boards.greenhouse.io/cloudflare/jobs/8136547?gh_jid=8136547"
"677","7573757","2","Principal Partner Account Manager - Service Provider, APAC (Based in Singapore)","","Partnerships","Singapore","Principal","10+ years","Internship","Hybrid","Sales","2026-01-29T21:54:57-05:00","2026-08-25T19:38:33-04:00","https://boards.greenhouse.io/cloudflare/jobs/7573757?gh_jid=7573757"
"678","8024889","2","Principal Partner Solutions Engineer, SAARC (Based in Bangalore)","or","Solution Engineering","Remote India","Principal","8+ years","Internship","Remote","Engineering","2026-06-25T18:09:10-04:00","2026-08-25T19:38:33-04:00","https://boards.greenhouse.io/cloudflare/jobs/8024889?gh_jid=8024889"
"679","7567848","2","Principal People Team Business Partner - R&D","","People & Places","Austin, TX","Principal","12+ years","Internship","Hybrid","Operations","2026-01-28T11:56:25-05:00","2026-08-27T17:02:51-04:00","https://boards.greenhouse.io/cloudflare/jobs/7567848?gh_jid=7567848"
"680","7956845","2","Principal Presales Customer Engineer (based in Canberra)","","Solution Engineering","Remote Australia","Principal","Unspecified","Internship","Remote","Engineering","2026-08-24T22:01:48-04:00","2026-08-25T21:47:58-04:00","https://boards.greenhouse.io/cloudflare/jobs/7956845?gh_jid=7956845"
"681","8050386","2","Principal Professional Services Engineer","","Professional Services","Singapore","Principal","15+ years","Internship","Hybrid","Engineering","2026-07-08T23:12:28-04:00","2026-08-26T22:17:50-04:00","https://boards.greenhouse.io/cloudflare/jobs/8050386?gh_jid=8050386"
"682","8102350","2","Principal Software Engineer, Data","Austin, TX, United States","Engineering","Austin, TX","Principal","8+ years","Internship","Unspecified","Engineering","2026-08-06T17:07:54-04:00","2026-08-25T19:38:33-04:00","https://boards.greenhouse.io/cloudflare/jobs/8102350?gh_jid=8102350"
"683","8038898","2","Principal Software Engineer: Distributed Systems (Config, Test, & Deployment)","","Infrastructure","Austin, TX","Principal","10+ years","Internship","Hybrid","Engineering","2026-07-01T13:25:51-04:00","2026-08-25T19:38:33-04:00","https://boards.greenhouse.io/cloudflare/jobs/8038898?gh_jid=8038898"
"684","8055320","2","Principal Software Engineer, Workers Deploy & Config","","Emerging Technology and Incubation","Austin, TX","Principal","Unspecified","Internship","On-site","Engineering","2026-07-13T12:44:53-04:00","2026-08-25T19:38:33-04:00","https://boards.greenhouse.io/cloudflare/jobs/8055320?gh_jid=8055320"
"685","8131824","2","Principal Solutions Architect, Public Sector Federal","","Solution Engineering","Washington, DC","Principal","15+ years","Internship","Hybrid","Solutions Architecture","2026-08-18T18:57:38-04:00","2026-08-25T19:38:33-04:00","https://boards.greenhouse.io/cloudflare/jobs/8131824?gh_jid=8131824"
"686","8116208","2","Principal Systems Engineer, DevTools","","Engineering","Atlanta, GA","Principal","Unspecified","Internship","Hybrid","Engineering","2026-08-12T10:57:15-04:00","2026-08-25T20:29:32-04:00","https://boards.greenhouse.io/cloudflare/jobs/8116208?gh_jid=8116208"
"687","8156124","2","Product Manager, Cloudflare Network Interconnect","","Product","Austin, TX","Manager","4+ years","Internship","Hybrid","Product","2026-08-27T05:01:13-04:00","2026-08-27T05:01:13-04:00","https://boards.greenhouse.io/cloudflare/jobs/8156124?gh_jid=8156124"
"688","8156040","2","Product Manager, Spectrum","","Product","Austin, TX","Manager","4+ years","Internship","Hybrid","Product","2026-08-27T05:00:49-04:00","2026-08-27T05:00:49-04:00","https://boards.greenhouse.io/cloudflare/jobs/8156040?gh_jid=8156040"
"689","8102768","2","Product Security Engineer","","Security","Austin, TX","Unspecified","5+ years","Internship","Hybrid","Engineering","2026-08-04T08:46:53-04:00","2026-08-27T07:40:18-04:00","https://boards.greenhouse.io/cloudflare/jobs/8102768?gh_jid=8102768"
"690","8079544","2","Professional Services Consultant","","Professional Services","Austin, TX","Unspecified","5+ years","Internship","Hybrid","Uncategorized","2026-07-28T09:24:27-04:00","2026-08-25T19:38:33-04:00","https://boards.greenhouse.io/cloudflare/jobs/8079544?gh_jid=8079544"
"691","8050384","2","Professional Services Project Manager","","Professional Services","Singapore","Manager","8+ years","Internship","Hybrid","Program Management","2026-07-08T23:13:22-04:00","2026-08-25T19:38:33-04:00","https://boards.greenhouse.io/cloudflare/jobs/8050384?gh_jid=8050384"
"692","8099018","2","Recruiting Coordinator (Contract)","","People & Places","Austin, TX","Chief","Unspecified","Internship","Hybrid","HR","2026-07-31T11:10:03-04:00","2026-08-31T18:19:57-04:00","https://boards.greenhouse.io/cloudflare/jobs/8099018?gh_jid=8099018"
"693","8089379","2","Research Engineer Intern (Fall 2026)","","Technology Research","Austin, TX","Intern","Unspecified","Internship","On-site","Engineering","2026-07-28T12:43:59-04:00","2026-08-25T19:38:33-04:00","https://boards.greenhouse.io/cloudflare/jobs/8089379?gh_jid=8089379"
"694","8089407","2","Research Engineer Intern (Fall 2026)","","Technology Research","London, United Kingdom","Intern","Unspecified","Internship","On-site","Engineering","2026-07-29T13:13:54-04:00","2026-08-25T19:38:33-04:00","https://boards.greenhouse.io/cloudflare/jobs/8089407?gh_jid=8089407"
"695","8089400","2","Research Engineer Intern (Fall 2026)","","Technology Research","Lisbon, Portugal","Intern","Unspecified","Internship","On-site","Engineering","2026-07-28T11:57:17-04:00","2026-08-25T19:38:33-04:00","https://boards.greenhouse.io/cloudflare/jobs/8089400?gh_jid=8089400"
"696","8139140","2","Response Engineer - CMDC","","Security","Austin, TX","Unspecified","2+ years","Full-time","Hybrid","Engineering","2026-08-31T21:46:57-04:00","2026-08-31T21:46:57-04:00","https://boards.greenhouse.io/cloudflare/jobs/8139140?gh_jid=8139140"
"697","8143309","2","Sales Development Representative","","BDR","Sydney, Australia","Unspecified","2+ years","Internship","Hybrid","Sales","2026-08-20T19:42:27-04:00","2026-08-25T19:38:33-04:00","https://boards.greenhouse.io/cloudflare/jobs/8143309?gh_jid=8143309"
"698","7983529","2","Sales Director, Majors (TOLA)","","Sales","Austin, TX","Director","10+ years","Contract","Hybrid","Sales","2026-06-08T16:12:36-04:00","2026-08-25T19:38:33-04:00","https://boards.greenhouse.io/cloudflare/jobs/7983529?gh_jid=7983529"
"699","8129494","2","Sales Manager, Digital Native (ASEAN)","","Mid Market","Singapore","Manager","Unspecified","Contract","Hybrid","Sales","2026-08-18T21:27:41-04:00","2026-08-25T19:38:33-04:00","https://boards.greenhouse.io/cloudflare/jobs/8129494?gh_jid=8129494"
"700","8124227","2","Security Engineer (IAM)","","Security","Remote India","Unspecified","5+ years","Internship","On-site","Engineering","2026-08-13T01:31:13-04:00","2026-08-25T19:38:33-04:00","https://boards.greenhouse.io/cloudflare/jobs/8124227?gh_jid=8124227"
"701","8097869","2","Senior Account Executive, Chile","","Field Sales","Chile","Senior","6+ years","Contract","Hybrid","Sales","2026-08-10T17:06:01-04:00","2026-08-25T19:38:33-04:00","https://boards.greenhouse.io/cloudflare/jobs/8097869?gh_jid=8097869"
"702","8097852","2","Senior Account Executive, Colombia","","Field Sales","Colombia","Senior","6+ years","Contract","Hybrid","Sales","2026-08-10T16:19:11-04:00","2026-08-25T19:38:33-04:00","https://boards.greenhouse.io/cloudflare/jobs/8097852?gh_jid=8097852"
"703","7867139","2","Senior Account Executive, Startups (Bay Area)","","Mid Market","San Francisco, CA","Senior","5+ years","Contract","Hybrid","Sales","2026-05-01T15:10:37-04:00","2026-08-25T19:38:33-04:00","https://boards.greenhouse.io/cloudflare/jobs/7867139?gh_jid=7867139"
"704","7681220","2","Senior Account Executive, Startups (NY Metro)","","Mid Market","New York, NY","Senior","5+ years","Contract","Hybrid","Sales","2026-03-05T11:32:04-05:00","2026-08-27T14:02:44-04:00","https://boards.greenhouse.io/cloudflare/jobs/7681220?gh_jid=7681220"
"705","8015719","2","Senior Account Executive, Startups (San Francisco)","","Mid Market","San Francisco, CA","Senior","5+ years","Contract","Hybrid","Sales","2026-06-18T11:44:39-04:00","2026-08-25T19:38:33-04:00","https://boards.greenhouse.io/cloudflare/jobs/8015719?gh_jid=8015719"
"706","8130735","2","Senior Account Executive, Startups (SoCal)","","Mid Market","Los Angeles, CA","Senior","5+ years","Contract","Remote","Sales","2026-08-17T11:11:06-04:00","2026-08-25T19:38:33-04:00","https://boards.greenhouse.io/cloudflare/jobs/8130735?gh_jid=8130735"
"707","7641930","2","Senior Atlassian System Admin","","Information Technology","Lisbon, Portugal","Senior","7+ years","Internship","Hybrid","Uncategorized","2026-03-02T13:17:44-05:00","2026-08-25T19:38:33-04:00","https://boards.greenhouse.io/cloudflare/jobs/7641930?gh_jid=7641930"
"708","7534033","2","Senior Cloudflare One GTM Specialist","","Product Specialist","Dubai, United Arab Emirates","Senior","7+ years","Internship","Remote","Uncategorized","2026-01-16T05:34:06-05:00","2026-08-25T19:38:33-04:00","https://boards.greenhouse.io/cloudflare/jobs/7534033?gh_jid=7534033"
"709","8059775","2","Senior Customer Engagement Strategy Manager","","Strategy","San Francisco, CA","Senior","8+ years","Internship","Hybrid","Operations","2026-07-14T09:53:39-04:00","2026-08-25T19:38:33-04:00","https://boards.greenhouse.io/cloudflare/jobs/8059775?gh_jid=8059775"
"710","8075795","2","Senior Customer Engineer-  (AI & Start-Ups). Los Angeles","","Solution Engineering","Los Angeles, CA","Senior","Unspecified","Internship","Remote","Engineering","2026-07-21T12:56:07-04:00","2026-08-25T19:38:33-04:00","https://boards.greenhouse.io/cloudflare/jobs/8075795?gh_jid=8075795"
"711","7521551","2","Senior Customer Engineer-  (AI & Start-Ups). San Francisco only.","","Solution Engineering","San Francisco, CA","Senior","Unspecified","Internship","Hybrid","Engineering","2026-01-12T13:45:28-05:00","2026-08-25T19:38:33-04:00","https://boards.greenhouse.io/cloudflare/jobs/7521551?gh_jid=7521551"
"712","7778747","2","Senior Customer Engineer - Calgary","","Solution Engineering","Calgary, AB","Senior","Unspecified","Internship","Remote","Engineering","2026-04-07T11:41:22-04:00","2026-08-25T19:38:33-04:00","https://boards.greenhouse.io/cloudflare/jobs/7778747?gh_jid=7778747"
"713","8054072","2","Senior Customer Engineer- Cloudflare Developer Platform (Start-Ups) Miami","","Solution Engineering","Miami, FL","Senior","Unspecified","Internship","Remote","Engineering","2026-07-10T11:52:36-04:00","2026-08-25T19:38:33-04:00","https://boards.greenhouse.io/cloudflare/jobs/8054072?gh_jid=8054072"
"714","8126829","2","Senior Customer Engineer, Commercial","","Solution Engineering","San Francisco, CA","Senior","Unspecified","Internship","Hybrid","Engineering","2026-08-13T16:06:37-04:00","2026-08-25T19:38:33-04:00","https://boards.greenhouse.io/cloudflare/jobs/8126829?gh_jid=8126829"
"715","8077614","2","Senior Customer Engineer, Digital Native Enterprise - Bay Area","","Solution Engineering","San Francisco, CA","Senior","Unspecified","Contract","Hybrid","Engineering","2026-07-21T17:58:07-04:00","2026-08-25T19:38:33-04:00","https://boards.greenhouse.io/cloudflare/jobs/8077614?gh_jid=8077614"
"716","8080187","2","Senior Customer Engineer, Digital Native Enterprise - New York","","Solution Engineering","New York, NY","Senior","Unspecified","Contract","Hybrid","Engineering","2026-07-23T13:39:04-04:00","2026-08-25T19:38:33-04:00","https://boards.greenhouse.io/cloudflare/jobs/8080187?gh_jid=8080187"
"717","8147148","2","Senior Customer Engineer, East China","","Solution Engineering","Beijing, China","Senior","Unspecified","Internship","Remote","Engineering","2026-08-23T10:33:30-04:00","2026-08-29T01:03:03-04:00","https://boards.greenhouse.io/cloudflare/jobs/8147148?gh_jid=8147148"
"718","8122071","2","Senior Customer Engineer, Fed - Toronto, CA","","Solution Engineering","Ottawa, ON","Senior","Unspecified","Internship","Remote","Engineering","2026-08-12T11:31:01-04:00","2026-08-25T19:38:33-04:00","https://boards.greenhouse.io/cloudflare/jobs/8122071?gh_jid=8122071"
"719","8097947","2","Senior Customer Engineer, Hong Kong (Pre-sales)","","Solution Engineering","Beijing, China","Senior","Unspecified","Internship","Hybrid","Engineering","2026-08-03T10:53:07-04:00","2026-08-25T19:38:33-04:00","https://boards.greenhouse.io/cloudflare/jobs/8097947?gh_jid=8097947"
"720","8147213","2","Senior Customer Engineer, iGaming","","Solution Engineering","Singapore","Senior","Unspecified","Internship","Hybrid","Engineering","2026-08-23T10:39:14-04:00","2026-08-25T19:38:33-04:00","https://boards.greenhouse.io/cloudflare/jobs/8147213?gh_jid=8147213"
"721","8070722","2","Senior Customer Engineering Manager, Majors - Texas","","Solution Engineering","Austin, TX","Senior","5+ years","Internship","Remote","Engineering","2026-07-30T10:28:05-04:00","2026-08-25T19:38:33-04:00","https://boards.greenhouse.io/cloudflare/jobs/8070722?gh_jid=8070722"
"722","8078323","2","Senior Customer Engineer, Majors - Detroit, MI","","Solution Engineering","Detroit, MI","Senior","Unspecified","Internship","Remote","Engineering","2026-07-23T16:03:12-04:00","2026-08-25T19:38:33-04:00","https://boards.greenhouse.io/cloudflare/jobs/8078323?gh_jid=8078323"
"723","7980647","2","Senior Customer Engineer, Majors - NYC","","Solution Engineering","New York, NY","Senior","Unspecified","Internship","Remote","Engineering","2026-06-04T15:05:49-04:00","2026-08-25T19:38:33-04:00","https://boards.greenhouse.io/cloudflare/jobs/7980647?gh_jid=7980647"
"724","7864156","2","Senior Customer Engineer, Majors, Raleigh, NC","","Solution Engineering","Raleigh, NC","Senior","Unspecified","Internship","Remote","Engineering","2026-05-01T10:24:59-04:00","2026-08-25T19:38:41-04:00","https://boards.greenhouse.io/cloudflare/jobs/7864156?gh_jid=7864156"
"725","7551589","2","Senior Customer Engineer, Majors, San Francisco","","Solution Engineering","San Francisco, CA","Senior","Unspecified","Internship","Hybrid","Engineering","2026-01-21T14:43:03-05:00","2026-08-25T19:38:33-04:00","https://boards.greenhouse.io/cloudflare/jobs/7551589?gh_jid=7551589"
"726","8121983","2","Senior Customer Engineer, Majors - Toronto, CA","","Solution Engineering","Toronto, ON","Senior","Unspecified","Internship","Remote","Engineering","2026-08-12T11:27:54-04:00","2026-08-25T19:38:33-04:00","https://boards.greenhouse.io/cloudflare/jobs/8121983?gh_jid=8121983"
"727","8082834","2","Senior Customer Engineer, Named - Charlotte, NC","","Solution Engineering","Charlotte, NC","Senior","Unspecified","Internship","Remote","Engineering","2026-07-24T10:27:10-04:00","2026-08-25T19:38:33-04:00","https://boards.greenhouse.io/cloudflare/jobs/8082834?gh_jid=8082834"
"728","7954702","2","Senior Customer Engineer, Named - Cincinnati, OH","","Solution Engineering","Cincinatti, OH","Senior","Unspecified","Internship","Remote","Engineering","2026-05-26T10:44:48-04:00","2026-08-25T19:38:33-04:00","https://boards.greenhouse.io/cloudflare/jobs/7954702?gh_jid=7954702"
"729","8121827","2","Senior Customer Engineer, Named - Minnesota","","Solution Engineering","Minneapolis, MN","Senior","Unspecified","Internship","Remote","Engineering","2026-08-11T15:50:53-04:00","2026-08-25T19:38:33-04:00","https://boards.greenhouse.io/cloudflare/jobs/8121827?gh_jid=8121827"
"730","7518699","2","Senior Customer Engineer, Named - NYC","","Solution Engineering","New York, NY","Senior","Unspecified","Internship","Remote","Engineering","2026-01-09T10:04:50-05:00","2026-08-25T19:38:33-04:00","https://boards.greenhouse.io/cloudflare/jobs/7518699?gh_jid=7518699"
"731","8087769","2","Senior Customer Engineer - Nashville","","Solution Engineering","Nashville, TN","Senior","Unspecified","Internship","Remote","Engineering","2026-08-03T10:54:21-04:00","2026-08-25T19:38:33-04:00","https://boards.greenhouse.io/cloudflare/jobs/8087769?gh_jid=8087769"
"732","8075765","2","Senior Customer Engineer - San Francisco","","Solution Engineering","San Francisco, CA","Senior","Unspecified","Internship","Hybrid","Engineering","2026-07-21T17:53:11-04:00","2026-08-25T19:38:33-04:00","https://boards.greenhouse.io/cloudflare/jobs/8075765?gh_jid=8075765"
"733","8115936","2","Senior Customer Engineer, Shenzhen","","Solution Engineering","Beijing, China","Senior","Unspecified","Internship","Remote","Engineering","2026-08-07T23:19:21-04:00","2026-08-25T19:38:33-04:00","https://boards.greenhouse.io/cloudflare/jobs/8115936?gh_jid=8115936"
"734","8131819","2","Senior Customer Engineer, SLED","","Solution Engineering","San Francisco, CA","Senior","5+ years","Internship","Hybrid","Engineering","2026-08-18T16:40:48-04:00","2026-08-25T19:38:33-04:00","https://boards.greenhouse.io/cloudflare/jobs/8131819?gh_jid=8131819"
"735","8142219","2","Senior Customer Engineer, SLED West (California or Arizona)","","Solution Engineering","San Francisco, CA","Senior","Unspecified","Internship","Hybrid","Engineering","2026-08-19T17:15:23-04:00","2026-08-25T19:38:33-04:00","https://boards.greenhouse.io/cloudflare/jobs/8142219?gh_jid=8142219"
"736","8082781","2","Senior Customer Engineer, Territory - North East","","Solution Engineering","New York, NY","Senior","Unspecified","Internship","Hybrid","Engineering","2026-07-27T09:07:32-04:00","2026-08-25T19:38:33-04:00","https://boards.greenhouse.io/cloudflare/jobs/8082781?gh_jid=8082781"
"737","8132642","2","Senior Customer Engineer, Territory - Philadelphia, PA","","Solution Engineering","Philadelphia, PA","Senior","Unspecified","Internship","Remote","Engineering","2026-08-17T16:14:18-04:00","2026-08-28T11:58:19-04:00","https://boards.greenhouse.io/cloudflare/jobs/8132642?gh_jid=8132642"
"738","8093023","2","Senior Customer Engineer - Vancouver, BC","","Solution Engineering","Vancouver, BC","Senior","Unspecified","Internship","Remote","Engineering","2026-07-29T09:43:46-04:00","2026-08-25T19:38:33-04:00","https://boards.greenhouse.io/cloudflare/jobs/8093023?gh_jid=8093023"
"739","8087772","2","Senior Customer Engineer - Washington DC","","Solution Engineering","Washington, DC","Senior","Unspecified","Internship","Hybrid","Engineering","2026-08-03T10:55:13-04:00","2026-08-25T19:38:33-04:00","https://boards.greenhouse.io/cloudflare/jobs/8087772?gh_jid=8087772"
"740","8127210","2","Senior Customer Experience Manager","","Customer Renewals","Singapore","Senior","3+ years","Contract","Hybrid","Uncategorized","2026-08-16T21:29:27-04:00","2026-08-25T19:38:33-04:00","https://boards.greenhouse.io/cloudflare/jobs/8127210?gh_jid=8127210"
"741","6629769","2","Senior Customer Experience Manager - German Speaking","","Customer Renewals","Lisbon, Portugal","Senior","3+ years","Contract","Hybrid","Uncategorized","2025-02-20T03:24:34-05:00","2026-08-25T19:38:33-04:00","https://boards.greenhouse.io/cloudflare/jobs/6629769?gh_jid=6629769"
"742","8007032","2","Senior Data Engineer","","Business Intelligence","Remote India","Senior","5+ years","Internship","On-site","Engineering","2026-06-19T01:40:45-04:00","2026-08-25T19:38:33-04:00","https://boards.greenhouse.io/cloudflare/jobs/8007032?gh_jid=8007032"
"743","8055118","2","Senior Data Engineer","","Business Intelligence","Austin, TX","Senior","5+ years","Internship","On-site","Engineering","2026-07-14T10:54:05-04:00","2026-08-26T17:58:17-04:00","https://boards.greenhouse.io/cloudflare/jobs/8055118?gh_jid=8055118"
"744","7655695","2","Senior Data Scientist","","Business Intelligence","Austin, TX","Senior","5+ years","Internship","Hybrid","Data","2026-03-02T11:30:50-05:00","2026-08-25T19:38:33-04:00","https://boards.greenhouse.io/cloudflare/jobs/7655695?gh_jid=7655695"
"745","6998777","2","Senior Design Engineer","","Emerging Technology and Incubation","Austin, TX","Senior","5+ years","Internship","Hybrid","Engineering","2025-06-20T12:34:51-04:00","2026-08-25T19:38:33-04:00","https://boards.greenhouse.io/cloudflare/jobs/6998777?gh_jid=6998777"
"746","8075719","2","Senior Director, Executive Communications","","Communications","San Francisco, CA","Senior","10+ years","Internship","Hybrid","Marketing","2026-07-21T14:16:35-04:00","2026-08-25T19:38:33-04:00","https://boards.greenhouse.io/cloudflare/jobs/8075719?gh_jid=8075719"
"747","8152825","2","Senior Director of Engineering, Billing Platform","","Engineering","Austin, TX","Senior","15+ years","Contract","Hybrid","Engineering","2026-08-24T08:50:53-04:00","2026-08-31T04:32:45-04:00","https://boards.greenhouse.io/cloudflare/jobs/8152825?gh_jid=8152825"
"748","8161890","2","Senior Director, R&D HR Business Partnering","","People & Places","Austin, TX","Senior","15+ years","Internship","Hybrid","Operations","2026-08-27T12:08:54-04:00","2026-08-27T12:09:18-04:00","https://boards.greenhouse.io/cloudflare/jobs/8161890?gh_jid=8161890"
"749","8066716","2","Senior Distributed Systems Engineer","","Engineering","Austin, TX","Senior","5+ years","Internship","On-site","Engineering","2026-07-20T19:01:50-04:00","2026-08-25T19:38:33-04:00","https://boards.greenhouse.io/cloudflare/jobs/8066716?gh_jid=8066716"
"750","7990300","2","Senior Employee Relations Partner","","People & Places","Atlanta, GA","Senior","8+ years","Internship","Hybrid","HR","2026-06-09T10:00:10-04:00","2026-08-27T17:05:08-04:00","https://boards.greenhouse.io/cloudflare/jobs/7990300?gh_jid=7990300"
"751","8143511","2","Senior Engineering Manager","","Engineering","Austin, TX","Senior","Unspecified","Internship","Hybrid","Engineering","2026-08-28T12:08:07-04:00","2026-08-28T12:08:07-04:00","https://boards.greenhouse.io/cloudflare/jobs/8143511?gh_jid=8143511"
"752","8020472","2","Senior Engineering Manager - Cloudforce One","","Security","Austin, TX","Senior","8+ years","Internship","Hybrid","Engineering","2026-06-30T10:03:46-04:00","2026-08-25T19:38:33-04:00","https://boards.greenhouse.io/cloudflare/jobs/8020472?gh_jid=8020472"
"753","7841019","2","Senior Engineering Manager - Workers KV","","Emerging Technology and Incubation","Austin, TX","Senior","4+ years","Internship","Hybrid","Engineering","2026-04-23T04:47:32-04:00","2026-08-31T04:35:08-04:00","https://boards.greenhouse.io/cloudflare/jobs/7841019?gh_jid=7841019"
"754","8023448","2","Senior Ethics and Compliance Manager","","Legal, Policy, Trust & Safety","London, United Kingdom","Senior","8+ years","Internship","Hybrid","Risk & Security","2026-08-12T04:38:45-04:00","2026-08-25T19:38:33-04:00","https://boards.greenhouse.io/cloudflare/jobs/8023448?gh_jid=8023448"
"755","8110209","2","Senior Forward Deployed Engineer","","Developer Relations","Remote Sweden","Senior","7+ years","Internship","Hybrid","Engineering","2026-08-05T17:51:40-04:00","2026-08-25T19:38:33-04:00","https://boards.greenhouse.io/cloudflare/jobs/8110209?gh_jid=8110209"
"756","8082556","2","Senior Forward Deployed Engineer","","Developer Relations","San Francisco, CA","Senior","7+ years","Internship","Hybrid","Engineering","2026-07-23T17:05:12-04:00","2026-08-25T19:38:33-04:00","https://boards.greenhouse.io/cloudflare/jobs/8082556?gh_jid=8082556"
"757","8050511","2","Senior Incident Response Analyst - REACT","","Security","Lisbon, Portugal","Senior","3+ years","Internship","Hybrid","Uncategorized","2026-07-16T04:25:45-04:00","2026-08-25T19:38:33-04:00","https://boards.greenhouse.io/cloudflare/jobs/8050511?gh_jid=8050511"
"758","8043974","2","Senior Machine Learning Engineer","","Emerging Technology and Incubation","Austin, TX","Senior","Unspecified","Internship","Hybrid","Engineering","2026-07-09T15:53:44-04:00","2026-08-27T17:14:49-04:00","https://boards.greenhouse.io/cloudflare/jobs/8043974?gh_jid=8043974"
"759","8042034","2","Senior Machine Learning Engineer","","Business Intelligence","Austin, TX","Senior","3+ years","Internship","Hybrid","Engineering","2026-07-02T09:49:51-04:00","2026-08-25T19:38:33-04:00","https://boards.greenhouse.io/cloudflare/jobs/8042034?gh_jid=8042034"
"760","8099002","2","Senior Majors Account Executive - Chicago","","Sales","Chicago, IL","Senior","10+ years","Internship","Remote","Sales","2026-07-31T18:01:52-04:00","2026-08-25T19:38:33-04:00","https://boards.greenhouse.io/cloudflare/jobs/8099002?gh_jid=8099002"
"761","8084082","2","Senior Majors Account Executive - Dallas","","Sales","Dallas, TX","Senior","10+ years","Internship","Hybrid","Sales","2026-07-27T11:51:34-04:00","2026-08-25T19:38:33-04:00","https://boards.greenhouse.io/cloudflare/jobs/8084082?gh_jid=8084082"
"762","7773428","2","Senior Majors Account Executive - Houston","","Sales","Houston, TX","Senior","10+ years","Internship","Hybrid","Sales","2026-04-02T10:39:14-04:00","2026-08-25T19:38:33-04:00","https://boards.greenhouse.io/cloudflare/jobs/7773428?gh_jid=7773428"
"763","8083770","2","Senior Majors Account Executive - Houston","","Sales","Houston, TX","Senior","10+ years","Internship","Hybrid","Sales","2026-07-27T11:48:24-04:00","2026-08-25T19:38:33-04:00","https://boards.greenhouse.io/cloudflare/jobs/8083770?gh_jid=8083770"
"764","8088881","2","Senior Majors Account Executive (IBM), New York","","Sales","New York, NY","Senior","10+ years","Internship","Hybrid","Sales","2026-07-27T12:09:06-04:00","2026-08-25T19:38:33-04:00","https://boards.greenhouse.io/cloudflare/jobs/8088881?gh_jid=8088881"
"765","7361295","2","Senior Majors Account Executive - San Francisco, Bay Area","","Sales","San Francisco, CA","Senior","10+ years","Internship","Hybrid","Sales","2025-10-30T11:41:15-04:00","2026-08-25T19:38:33-04:00","https://boards.greenhouse.io/cloudflare/jobs/7361295?gh_jid=7361295"
"766","8128468","2","Senior Majors Account Executive - St. Louis, MO","","Sales","St. Louis, MO","Senior","10+ years","Internship","Hybrid","Sales","2026-08-13T12:54:24-04:00","2026-08-25T19:38:33-04:00","https://boards.greenhouse.io/cloudflare/jobs/8128468?gh_jid=8128468"
"767","7474034","2","Senior Majors Account Executive, Toronto","","Field Sales","Canada","Senior","10+ years","Internship","Remote","Sales","2025-12-17T09:58:50-05:00","2026-08-25T19:38:33-04:00","https://boards.greenhouse.io/cloudflare/jobs/7474034?gh_jid=7474034"
"768","8020043","2","Senior Manager, Customer Engineering, India","India","Solution Engineering","Remote India","Senior","Unspecified","Internship","Remote","Engineering","2026-06-28T22:22:13-04:00","2026-08-25T19:38:33-04:00","https://boards.greenhouse.io/cloudflare/jobs/8020043?gh_jid=8020043"
"769","8113115","2","Senior Manager, Solutions Architecture, AI & Developer Platform","","Developer Relations","Austin, TX","Senior","7+ years","Internship","Hybrid","Engineering","2026-08-18T18:34:51-04:00","2026-08-25T19:38:33-04:00","https://boards.greenhouse.io/cloudflare/jobs/8113115?gh_jid=8113115"
"770","7439830","2","Senior Manager, Solutions Engineering Pre-Sales, Northern Europe","","Solution Engineering","Remote Sweden","Senior","Unspecified","Internship","Remote","Engineering","2026-02-26T10:36:42-05:00","2026-08-27T06:01:13-04:00","https://boards.greenhouse.io/cloudflare/jobs/7439830?gh_jid=7439830"
"771","8122101","2","Senior Marketing Systems and Automation Manager","","Marketing","Austin, TX","Senior","8+ years","Contract","Hybrid","Marketing","2026-08-14T11:55:45-04:00","2026-08-25T19:38:33-04:00","https://boards.greenhouse.io/cloudflare/jobs/8122101?gh_jid=8122101"
"772","8071416","2","Senior Named Account Executive","","Field Sales","Paris, France","Senior","8+ years","Contract","Hybrid","Sales","2026-07-22T06:52:15-04:00","2026-08-25T19:38:33-04:00","https://boards.greenhouse.io/cloudflare/jobs/8071416?gh_jid=8071416"
"773","8089141","2","Senior Named Account Executive (AI & Digital Natives)","","Field Sales","New York, NY","Senior","5+ years","Contract","Hybrid","Sales","2026-07-27T13:27:44-04:00","2026-08-25T19:38:33-04:00","https://boards.greenhouse.io/cloudflare/jobs/8089141?gh_jid=8089141"
"774","7866619","2","Senior Named Account Executive, Benelux","","Field Sales","Remote Netherlands","Senior","12+ years","Internship","Hybrid","Sales","2026-06-03T06:16:53-04:00","2026-08-25T19:38:33-04:00","https://boards.greenhouse.io/cloudflare/jobs/7866619?gh_jid=7866619"
"775","7405115","2","Senior Named Account Executive, Bengaluru","","Field Sales","Remote India","Senior","10+ years","Internship","Hybrid","Sales","2025-11-19T22:00:17-05:00","2026-08-25T19:38:33-04:00","https://boards.greenhouse.io/cloudflare/jobs/7405115?gh_jid=7405115"
"776","7799240","2","Senior Named Account Executive (Dallas or Houston)","","Field Sales","Dallas, TX","Senior","6+ years","Internship","Remote","Sales","2026-04-10T11:36:45-04:00","2026-08-25T19:38:33-04:00","https://boards.greenhouse.io/cloudflare/jobs/7799240?gh_jid=7799240"
"777","8044712","2","Senior Named Account Executive -Digital Native","","Sales","Paris, France","Senior","8+ years","Contract","Hybrid","Sales","2026-07-03T17:41:48-04:00","2026-08-25T19:38:33-04:00","https://boards.greenhouse.io/cloudflare/jobs/8044712?gh_jid=8044712"
"778","8081326","2","Senior Named Account Executive, Emerging Markets","","Field Sales","Dubai, United Arab Emirates","Senior","10+ years","Contract","Hybrid","Sales","2026-07-27T04:33:04-04:00","2026-08-25T19:38:33-04:00","https://boards.greenhouse.io/cloudflare/jobs/8081326?gh_jid=8081326"
"779","8019052","2","Senior Named Account Executive, Federal (COCOM/STRATCOM/TRANSCOM)","","Field Sales","AMER","Senior","7+ years","Contract","Remote","Sales","2026-06-23T12:15:11-04:00","2026-08-25T19:49:42-04:00","https://boards.greenhouse.io/cloudflare/jobs/8019052?gh_jid=8019052"
"780","8109416","2","Senior Named Account Executive, Federal Government (Ottawa)","","Field Sales","Ottawa, ON","Senior","6+ years","Contract","Remote","Sales","2026-08-07T15:44:46-04:00","2026-08-31T15:02:03-04:00","https://boards.greenhouse.io/cloudflare/jobs/8109416?gh_jid=8109416"
"781","8121029","2","Senior Named Account Executive (FedGov - Civilian Agencies), Canberra","","Sales","Remote Australia","Senior","Unspecified","Contract","Remote","Sales","2026-08-12T23:53:28-04:00","2026-08-25T19:38:33-04:00","https://boards.greenhouse.io/cloudflare/jobs/8121029?gh_jid=8121029"
"782","8122875","2","Senior Named Account Executive - High Tech (NY Metro)","","Field Sales","New York, NY","Senior","5+ years","Contract","Hybrid","Sales","2026-08-11T17:19:38-04:00","2026-08-25T19:38:33-04:00","https://boards.greenhouse.io/cloudflare/jobs/8122875?gh_jid=8122875"
"783","7991283","2","Senior Named Account Executive (Houston or Dallas)","","Field Sales","Dallas, TX","Senior","8+ years","Contract","Remote","Sales","2026-06-09T12:30:40-04:00","2026-08-25T19:38:33-04:00","https://boards.greenhouse.io/cloudflare/jobs/7991283?gh_jid=7991283"
"784","8067630","2","Senior Named Account Executive, Idaho","","Field Sales","AMER","Senior","8+ years","Contract","Remote","Sales","2026-07-17T15:18:51-04:00","2026-08-31T11:32:51-04:00","https://boards.greenhouse.io/cloudflare/jobs/8067630?gh_jid=8067630"
"785","7421718","2","Senior Named Account Executive, Japan","","Field Sales","Tokyo, Japan","Senior","8+ years","Contract","Hybrid","Sales","2025-12-28T00:46:13-05:00","2026-08-25T19:38:33-04:00","https://boards.greenhouse.io/cloudflare/jobs/7421718?gh_jid=7421718"
"786","8127204","2","Senior Named Account Executive (Majors), Adelaide","","Sales","Remote Australia","Senior","Unspecified","Internship","Remote","Sales","2026-08-13T23:33:48-04:00","2026-08-25T19:38:33-04:00","https://boards.greenhouse.io/cloudflare/jobs/8127204?gh_jid=8127204"
"787","8121020","2","Senior Named Account Executive (Majors), Melbourne","","Sales","Remote Australia","Senior","Unspecified","Internship","Hybrid","Sales","2026-08-12T23:58:09-04:00","2026-08-25T19:38:33-04:00","https://boards.greenhouse.io/cloudflare/jobs/8121020?gh_jid=8121020"
"788","8112200","2","Senior Named Account Executive, MD/VA/DC","","Field Sales","Washington, DC","Senior","6+ years","Internship","Remote","Sales","2026-08-06T15:31:27-04:00","2026-08-31T11:33:13-04:00","https://boards.greenhouse.io/cloudflare/jobs/8112200?gh_jid=8112200"
"789","8037985","2","Senior Named Account Executive, Melbourne",";","Sales","Remote Australia","Senior","Unspecified","Internship","Remote","Sales","2026-06-30T07:05:19-04:00","2026-08-25T19:38:33-04:00","https://boards.greenhouse.io/cloudflare/jobs/8037985?gh_jid=8037985"
"790","8082742","2","Senior Named Account Executive, Minneapolis","","Field Sales","Minneapolis, MN","Senior","8+ years","Contract","Remote","Sales","2026-07-24T11:18:56-04:00","2026-08-25T19:38:33-04:00","https://boards.greenhouse.io/cloudflare/jobs/8082742?gh_jid=8082742"
"791","8024272","2","Senior Named Account Executive, Montreal","","Field Sales","Canada","Senior","6+ years","Contract","Remote","Sales","2026-06-26T13:11:10-04:00","2026-08-25T19:38:33-04:00","https://boards.greenhouse.io/cloudflare/jobs/8024272?gh_jid=8024272"
"792","7992903","2","Senior Network Engineer","","Engineering","Austin, TX","Senior","Unspecified","Internship","Hybrid","Engineering","2026-06-11T10:29:45-04:00","2026-08-25T19:39:45-04:00","https://boards.greenhouse.io/cloudflare/jobs/7992903?gh_jid=7992903"
"793","7649981","2","Senior Network Reliability Engineer","","Infrastructure","Atlanta, GA","Senior","3+ years","Internship","Hybrid","Engineering","2026-06-09T11:08:21-04:00","2026-08-27T17:09:07-04:00","https://boards.greenhouse.io/cloudflare/jobs/7649981?gh_jid=7649981"
"794","7817755","2","Senior OIC and OPA Developer","","Information Technology","Remote India","Senior","10+ years","Internship","On-site","Engineering","2026-04-16T06:59:34-04:00","2026-08-25T19:38:33-04:00","https://boards.greenhouse.io/cloudflare/jobs/7817755?gh_jid=7817755"
"795","8143957","2","Senior Oracle Fusion Engineer","","Information Technology","Austin, TX","Senior","10+ years","Internship","Hybrid","Engineering","2026-08-21T19:38:38-04:00","2026-08-25T19:38:33-04:00","https://boards.greenhouse.io/cloudflare/jobs/8143957?gh_jid=8143957"
"796","7978887","2","Senior Oracle Procurement Specialist","","Information Technology","Remote India","Senior","8+ years","Contract","On-site","Uncategorized","2026-06-08T02:23:33-04:00","2026-08-25T19:38:33-04:00","https://boards.greenhouse.io/cloudflare/jobs/7978887?gh_jid=7978887"
"797","7817793","2","Senior Oracle SCM Specialist","","Information Technology","Remote India","Senior","10+ years","Internship","On-site","Uncategorized","2026-04-20T16:24:12-04:00","2026-08-25T19:38:33-04:00","https://boards.greenhouse.io/cloudflare/jobs/7817793?gh_jid=7817793"
"798","7981489","2","Senior Partner Account Manager, Japan (Based in Tokyo)","","CAM","Tokyo, Japan","Senior","8+ years","Internship","Hybrid","Sales","2026-06-09T21:44:28-04:00","2026-08-25T19:38:33-04:00","https://boards.greenhouse.io/cloudflare/jobs/7981489?gh_jid=7981489"
"799","8024849","2","Senior Principal, Sales Compensation Design & Strategy","","Sales Ops","Remote US","Senior","3+ years","Internship","Remote","Sales","2026-07-15T20:21:45-04:00","2026-08-27T16:33:05-04:00","https://boards.greenhouse.io/cloudflare/jobs/8024849?gh_jid=8024849"
"800","8153015","2","Senior Product Counsel","","Legal, Policy, Trust & Safety","Austin, TX","Senior","7+ years","Internship","Hybrid","Legal","2026-08-25T15:48:38-04:00","2026-08-25T19:38:33-04:00","https://boards.greenhouse.io/cloudflare/jobs/8153015?gh_jid=8153015"
"801","8007326","2","Senior Product Manager - Ad Fraud and Identity Solutions","","Product","Austin, TX","Senior","8+ years","Internship","Hybrid","Product","2026-06-16T11:31:25-04:00","2026-08-25T19:38:33-04:00","https://boards.greenhouse.io/cloudflare/jobs/8007326?gh_jid=8007326"
"802","8158527","2","Senior Product Manager, Enterprise","","Product","Austin, TX","Senior","6+ years","Internship","Hybrid","Product","2026-09-01T01:01:58-04:00","2026-09-01T01:01:58-04:00","https://boards.greenhouse.io/cloudflare/jobs/8158527?gh_jid=8158527"
"803","7589006","2","Senior Product Manager - Enterprise (API & SDK)","","Product","Atlanta, GA","Senior","6+ years","Internship","Hybrid","Product","2026-02-09T10:08:37-05:00","2026-08-25T20:17:39-04:00","https://boards.greenhouse.io/cloudflare/jobs/7589006?gh_jid=7589006"
"804","8064473","2","Senior Product Manager - FinTech","","Product","Austin, TX","Senior","Unspecified","Contract","On-site","Product","2026-07-15T15:59:05-04:00","2026-08-25T19:38:33-04:00","https://boards.greenhouse.io/cloudflare/jobs/8064473?gh_jid=8064473"
"805","8164269","2","Senior Product Manager, Payments","","Emerging Technology and Incubation","Austin, TX","Senior","30+ years","Internship","On-site","Product","2026-08-31T05:06:59-04:00","2026-08-31T05:06:59-04:00","https://boards.greenhouse.io/cloudflare/jobs/8164269?gh_jid=8164269"
"806","8079931","2","Senior Product Security Engineer","","Security","Austin, TX","Senior","Unspecified","Internship","Hybrid","Engineering","2026-07-22T15:39:52-04:00","2026-08-27T08:00:57-04:00","https://boards.greenhouse.io/cloudflare/jobs/8079931?gh_jid=8079931"
"807","8025521","2","Senior Professional Services Engineer","","Professional Services","Seoul, South Korea","Senior","15+ years","Internship","Hybrid","Engineering","2026-07-01T22:26:58-04:00","2026-08-25T19:38:33-04:00","https://boards.greenhouse.io/cloudflare/jobs/8025521?gh_jid=8025521"
"808","8121079","2","Senior Professional Services Engineer","","Professional Services","Singapore","Senior","5+ years","Internship","Hybrid","Engineering","2026-08-17T22:43:23-04:00","2026-08-25T19:38:33-04:00","https://boards.greenhouse.io/cloudflare/jobs/8121079?gh_jid=8121079"
"809","7522891","2","Senior Revenue Accountant","","Accounting and Finance","Austin, TX","Senior","4+ years","Contract","Hybrid","Uncategorized","2026-01-08T12:35:20-05:00","2026-08-25T19:38:33-04:00","https://boards.greenhouse.io/cloudflare/jobs/7522891?gh_jid=7522891"
"810","8046286","2","Senior Sales Director – Enterprise, Benelux","","Field Sales","Amsterdam, Netherlands","Senior","7+ years","Internship","Remote","Sales","2026-07-20T16:48:31-04:00","2026-08-25T19:38:33-04:00","https://boards.greenhouse.io/cloudflare/jobs/8046286?gh_jid=8046286"
"811","7767743","2","Senior Sales Manager, Digital Native, Japan (Based in Tokyo)","Tokyo, Japan","Mid Market","Tokyo, Japan","Senior","Unspecified","Contract","Unspecified","Sales","2026-04-05T20:40:10-04:00","2026-08-25T19:38:33-04:00","https://boards.greenhouse.io/cloudflare/jobs/7767743?gh_jid=7767743"
"812","8143690","2","Senior Sales Manager, Mid Market","France","Field Sales","Paris, France","Senior","5+ years","Internship","Remote","Sales","2026-08-31T06:09:40-04:00","2026-08-31T06:09:40-04:00","https://boards.greenhouse.io/cloudflare/jobs/8143690?gh_jid=8143690"
"813","7648618","2","Senior SASE Specialist, Enterprise (West)","","Product Specialist","Denver, CO","Senior","4+ years","Internship","Hybrid","Uncategorized","2026-03-02T10:02:17-05:00","2026-08-26T12:55:16-04:00","https://boards.greenhouse.io/cloudflare/jobs/7648618?gh_jid=7648618"
"814","8077641","2","Senior Security Compliance Specialist","","Security","Toronto, ON","Senior","5+ years","Internship","Remote","Risk & Security","2026-07-22T14:52:51-04:00","2026-08-28T12:37:28-04:00","https://boards.greenhouse.io/cloudflare/jobs/8077641?gh_jid=8077641"
"815","8080780","2","Senior Software Engineer, Cloudflare Queues","","Emerging Technology and Incubation","Austin, TX","Senior","4+ years","Internship","On-site","Engineering","2026-07-27T09:16:05-04:00","2026-08-25T19:38:33-04:00","https://boards.greenhouse.io/cloudflare/jobs/8080780?gh_jid=8080780"
"816","7896462","2","Senior Software Engineer, Distributed Databases","","Emerging Technology and Incubation","Austin, TX","Senior","Unspecified","Internship","On-site","Engineering","2026-05-13T17:08:56-04:00","2026-08-25T19:38:33-04:00","https://boards.greenhouse.io/cloudflare/jobs/7896462?gh_jid=7896462"
"817","5390243","2","Senior Software Engineer, Durable Objects (DO)","","Emerging Technology and Incubation","Amsterdam, Netherlands","Senior","5+ years","Internship","On-site","Engineering","2023-09-26T15:21:07-04:00","2026-08-26T12:58:23-04:00","https://boards.greenhouse.io/cloudflare/jobs/5390243?gh_jid=5390243"
"818","8105716","2","Senior Software Engineer - Fintech","","Engineering","London, United Kingdom","Senior","Unspecified","Internship","Hybrid","Engineering","2026-08-06T11:41:34-04:00","2026-08-31T09:17:31-04:00","https://boards.greenhouse.io/cloudflare/jobs/8105716?gh_jid=8105716"
"819","7446340","2","Senior Software Engineer, Network Performance & Reliability","","Engineering","Austin, TX","Senior","Unspecified","Internship","Hybrid","Engineering","2025-12-22T11:31:10-05:00","2026-08-25T19:38:33-04:00","https://boards.greenhouse.io/cloudflare/jobs/7446340?gh_jid=7446340"
"820","7541032","2","Senior Software Engineer - Network Platforms","","Engineering","Austin, TX","Senior","Unspecified","Internship","Hybrid","Engineering","2026-01-15T13:54:21-05:00","2026-08-26T11:49:09-04:00","https://boards.greenhouse.io/cloudflare/jobs/7541032?gh_jid=7541032"
"821","8035679","2","Senior Software Engineer, People Ops and AI Tools","Austin, TX, United States","Engineering","Austin, TX","Senior","Unspecified","Internship","Unspecified","Engineering","2026-06-29T11:27:18-04:00","2026-08-25T19:38:33-04:00","https://boards.greenhouse.io/cloudflare/jobs/8035679?gh_jid=8035679"
"822","8140310","2","Senior Software Engineer - Quicksilver - Distributed Key Value","","Engineering","Atlanta, GA","Senior","Unspecified","Internship","Hybrid","Engineering","2026-08-21T12:57:23-04:00","2026-08-25T20:25:52-04:00","https://boards.greenhouse.io/cloudflare/jobs/8140310?gh_jid=8140310"
"823","7276690","2","Senior Software Engineer, R2 Metadata","","Emerging Technology and Incubation","Austin, TX","Senior","Unspecified","Contract","Hybrid","Engineering","2025-09-30T16:06:56-04:00","2026-08-25T19:38:33-04:00","https://boards.greenhouse.io/cloudflare/jobs/7276690?gh_jid=7276690"
"824","7629805","2","Senior Software Engineer, Storage Infrastructure","","Emerging Technology and Incubation","Austin, TX","Senior","Unspecified","Internship","On-site","Engineering","2026-03-04T12:37:34-05:00","2026-08-25T19:38:33-04:00","https://boards.greenhouse.io/cloudflare/jobs/7629805?gh_jid=7629805"
"825","6578726","2","Senior Software Engineer, Workers Runtime","","Emerging Technology and Incubation","Austin, TX","Senior","2+ years","Internship","On-site","Engineering","2025-01-31T08:46:42-05:00","2026-08-25T19:38:33-04:00","https://boards.greenhouse.io/cloudflare/jobs/6578726?gh_jid=6578726"
"826","8124416","2","Senior Solutions Engineer, French Speaking Africa","","Solution Engineering","Dubai, United Arab Emirates","Senior","Unspecified","Internship","Hybrid","Engineering","2026-08-13T04:47:41-04:00","2026-08-25T19:38:33-04:00","https://boards.greenhouse.io/cloudflare/jobs/8124416?gh_jid=8124416"
"827","8071586","2","Senior Solutions Engineer - Madrid based","","Solution Engineering","Remote Spain","Senior","Unspecified","Internship","Hybrid","Engineering","2026-07-30T13:31:35-04:00","2026-08-25T19:38:33-04:00","https://boards.greenhouse.io/cloudflare/jobs/8071586?gh_jid=8071586"
"828","8131833","2","Senior Solutions Engineer, Public Sector Federal","","Solution Engineering","Washington, DC","Senior","4+ years","Internship","Hybrid","Engineering","2026-08-18T18:54:33-04:00","2026-08-25T19:38:33-04:00","https://boards.greenhouse.io/cloudflare/jobs/8131833?gh_jid=8131833"
"829","7967144","2","Senior Strategic Solutions Engineer","","Solution Engineering","Remote Switzerland","Senior","Unspecified","Internship","Remote","Engineering","2026-06-12T04:02:11-04:00","2026-08-25T19:38:33-04:00","https://boards.greenhouse.io/cloudflare/jobs/7967144?gh_jid=7967144"
"830","8087792","2","Senior Systems Engineer","","Engineering","Atlanta, GA","Senior","8+ years","Internship","Hybrid","Engineering","2026-07-31T10:18:32-04:00","2026-08-27T17:11:48-04:00","https://boards.greenhouse.io/cloudflare/jobs/8087792?gh_jid=8087792"
"831","8066589","2","Senior Systems Engineer","","Engineering","Remote India","Senior","8+ years","Internship","On-site","Engineering","2026-07-17T02:48:17-04:00","2026-08-25T19:38:33-04:00","https://boards.greenhouse.io/cloudflare/jobs/8066589?gh_jid=8066589"
"832","7560174","2","Senior Systems Engineer, AI Gateway","","Emerging Technology and Incubation","Austin, TX","Senior","5+ years","Internship","On-site","Engineering","2026-07-22T18:51:18-04:00","2026-08-25T19:38:33-04:00","https://boards.greenhouse.io/cloudflare/jobs/7560174?gh_jid=7560174"
"833","8030240","2","Senior Systems Engineer, Cloudflare Data Platform","","Emerging Technology and Incubation","Austin, TX","Senior","6+ years","Internship","On-site","Engineering","2026-06-30T13:50:32-04:00","2026-08-25T19:38:33-04:00","https://boards.greenhouse.io/cloudflare/jobs/8030240?gh_jid=8030240"
"834","8079117","2","Senior Systems Engineer, Cloudflare Tunnel","","Engineering","Austin, TX","Senior","5+ years","Internship","Hybrid","Engineering","2026-07-22T15:24:06-04:00","2026-08-25T19:38:33-04:00","https://boards.greenhouse.io/cloudflare/jobs/8079117?gh_jid=8079117"
"835","8082544","2","Senior Systems Engineer - Go-To-Market Data Team","","Developer Relations","Austin, TX","Senior","10+ years","Contract","Hybrid","Engineering","2026-08-06T17:58:01-04:00","2026-08-25T19:38:33-04:00","https://boards.greenhouse.io/cloudflare/jobs/8082544?gh_jid=8082544"
"836","8104955","2","Senior Systems Engineer, Identity & Access Management","","Engineering","Austin, TX","Senior","5+ years","Internship","Hybrid","Engineering","2026-08-06T17:08:27-04:00","2026-08-25T19:38:33-04:00","https://boards.greenhouse.io/cloudflare/jobs/8104955?gh_jid=8104955"
"837","7093840","2","Senior Systems Engineer, Pipelines","","Emerging Technology and Incubation","Austin, TX","Senior","6+ years","Internship","On-site","Engineering","2025-07-28T08:25:01-04:00","2026-08-25T19:38:33-04:00","https://boards.greenhouse.io/cloudflare/jobs/7093840?gh_jid=7093840"
"838","7764827","2","Senior Systems Engineer, Workers AI","","Emerging Technology and Incubation","Austin, TX","Senior","Unspecified","Internship","On-site","Engineering","2026-04-01T13:18:36-04:00","2026-08-27T17:13:04-04:00","https://boards.greenhouse.io/cloudflare/jobs/7764827?gh_jid=7764827"
"839","8110157","2","Senior Systems Engineer, Workers Runtime","","Emerging Technology and Incubation","Austin, TX","Senior","2+ years","Internship","On-site","Engineering","2026-08-12T16:34:31-04:00","2026-08-25T19:38:33-04:00","https://boards.greenhouse.io/cloudflare/jobs/8110157?gh_jid=8110157"
"840","8161940","2","Senior Systems Reliability Engineer (SRE), Edge","","Engineering","London, United Kingdom","Senior","3+ years","Internship","Hybrid","Engineering","2026-08-28T05:46:52-04:00","2026-08-28T10:18:52-04:00","https://boards.greenhouse.io/cloudflare/jobs/8161940?gh_jid=8161940"
"841","8107174","2","Senior Talent Acquisition Business Partner - French Speaking","","People & Places","London, United Kingdom","Senior","Unspecified","Internship","Hybrid","Operations","2026-08-07T07:13:09-04:00","2026-08-25T19:38:33-04:00","https://boards.greenhouse.io/cloudflare/jobs/8107174?gh_jid=8107174"
"842","8030327","2","Senior Technical Account Manager (Austin, Seattle, Denver)","","Customer Support","Austin, TX","Senior","8+ years","Internship","Hybrid","Sales","2026-06-30T11:45:11-04:00","2026-08-25T20:12:32-04:00","https://boards.greenhouse.io/cloudflare/jobs/8030327?gh_jid=8030327"
"843","8084240","2","Senior Territory Account Executive","","Field Sales","Remote Netherlands","Senior","8+ years","Contract","Hybrid","Sales","2026-07-28T05:19:26-04:00","2026-08-25T19:38:33-04:00","https://boards.greenhouse.io/cloudflare/jobs/8084240?gh_jid=8084240"
"844","7774534","2","Senior Territory Account Executive","","Field Sales","London, United Kingdom","Senior","5+ years","Contract","Hybrid","Sales","2026-04-21T08:25:20-04:00","2026-08-25T19:38:33-04:00","https://boards.greenhouse.io/cloudflare/jobs/7774534?gh_jid=7774534"
"845","7830335","2","Senior Territory Account Executive, Digital Native (Hong Kong)","","Mid Market","Singapore","Senior","7+ years","Contract","Hybrid","Sales","2026-04-21T23:04:18-04:00","2026-08-25T19:38:33-04:00","https://boards.greenhouse.io/cloudflare/jobs/7830335?gh_jid=7830335"
"846","8042843","2","Senior Territory Account Executive - iGaming (ASEAN)","","Mid Market","Singapore","Senior","5+ years","Contract","Hybrid","Sales","2026-07-05T23:43:20-04:00","2026-08-25T19:38:33-04:00","https://boards.greenhouse.io/cloudflare/jobs/8042843?gh_jid=8042843"
"847","8155990","2","Senior Territory Account Executive, Israel - Digital Natives","","Field Sales","London, United Kingdom","Senior","8+ years","Contract","Hybrid","Sales","2026-08-27T03:18:31-04:00","2026-08-27T03:18:31-04:00","https://boards.greenhouse.io/cloudflare/jobs/8155990?gh_jid=8155990"
"848","8027747","2","Senior Territory Account Executive, Korea","","Mid Market","Seoul, South Korea","Senior","8+ years","Contract","Hybrid","Sales","2026-06-25T22:49:18-04:00","2026-08-25T19:38:33-04:00","https://boards.greenhouse.io/cloudflare/jobs/8027747?gh_jid=8027747"
"849","8012884","2","Senior Territory Account Executive - North China","","Mid Market","Beijing, China","Senior","Unspecified","Contract","Hybrid","Sales","2026-06-18T12:16:24-04:00","2026-08-25T19:38:33-04:00","https://boards.greenhouse.io/cloudflare/jobs/8012884?gh_jid=8012884"
"850","7782141","2","Senior Territory Account Executive (NY)","","Mid Market","New York, NY","Senior","5+ years","Contract","Hybrid","Sales","2026-05-12T11:51:47-04:00","2026-08-25T19:38:33-04:00","https://boards.greenhouse.io/cloudflare/jobs/7782141?gh_jid=7782141"
"851","8109303","2","Senior Territory Account Executive- OH","","Mid Market","Cleveland, OH","Senior","3+ years","Contract","Hybrid","Sales","2026-08-05T16:06:40-04:00","2026-08-25T19:38:33-04:00","https://boards.greenhouse.io/cloudflare/jobs/8109303?gh_jid=8109303"
"852","7807860","2","Senior Territory Account Executive, Seattle","","Sales","Seattle, WA","Senior","3+ years","Contract","Hybrid","Sales","2026-04-21T13:34:44-04:00","2026-08-27T13:26:36-04:00","https://boards.greenhouse.io/cloudflare/jobs/7807860?gh_jid=7807860"
"853","8078674","2","Senior Territory Account Executive, Taiwan","","Mid Market","Singapore","Senior","7+ years","Contract","Hybrid","Sales","2026-08-21T05:40:49-04:00","2026-08-25T19:38:33-04:00","https://boards.greenhouse.io/cloudflare/jobs/8078674?gh_jid=8078674"
"854","8081315","2","Senior Territory Account Executive, Turkey","","Mid Market","Dubai, United Arab Emirates","Senior","6+ years","Contract","Hybrid","Sales","2026-07-29T06:04:14-04:00","2026-08-25T19:38:33-04:00","https://boards.greenhouse.io/cloudflare/jobs/8081315?gh_jid=8081315"
"855","7558153","2","Senior Threat Intelligence Engineer","","Security","Austin, TX","Senior","4+ years","Internship","Hybrid","Engineering","2026-01-22T16:26:23-05:00","2026-08-25T19:38:33-04:00","https://boards.greenhouse.io/cloudflare/jobs/7558153?gh_jid=7558153"
"856","8084212","2","Senior Video & Motion Producer","","Developer Relations","Austin, TX","Senior","8+ years","Internship","On-site","Uncategorized","2026-07-27T14:50:21-04:00","2026-08-25T19:38:33-04:00","https://boards.greenhouse.io/cloudflare/jobs/8084212?gh_jid=8084212"
"857","7831810","2","Software Engineer, AI Agents","","Engineering","Remote India","Unspecified","Unspecified","Internship","On-site","Engineering","2026-04-23T03:44:39-04:00","2026-08-25T19:38:33-04:00","https://boards.greenhouse.io/cloudflare/jobs/7831810?gh_jid=7831810"
"858","8088751","2","Software Engineer, Cloudflare Network Interconnect","","Infrastructure","Austin, TX","Unspecified","Unspecified","Internship","Hybrid","Engineering","2026-07-29T16:31:31-04:00","2026-08-25T19:38:33-04:00","https://boards.greenhouse.io/cloudflare/jobs/8088751?gh_jid=8088751"
"859","8158920","2","Software Engineer, FL","","Engineering","London, United Kingdom","Unspecified","Unspecified","Internship","Hybrid","Engineering","2026-08-27T12:46:33-04:00","2026-08-27T12:46:33-04:00","https://boards.greenhouse.io/cloudflare/jobs/8158920?gh_jid=8158920"
"860","8118855","2","Software Engineer Intern (Fall 2026)","","University","London, United Kingdom","Intern","Unspecified","Full-time","On-site","Engineering","2026-08-20T12:26:40-04:00","2026-08-25T19:38:33-04:00","https://boards.greenhouse.io/cloudflare/jobs/8118855?gh_jid=8118855"
"861","8118845","2","Software Engineer Intern (Fall 2026)","","University","Lisbon, Portugal","Intern","Unspecified","Full-time","On-site","Engineering","2026-08-10T22:49:28-04:00","2026-08-25T19:38:33-04:00","https://boards.greenhouse.io/cloudflare/jobs/8118845?gh_jid=8118845"
"862","8052785","2","Software Engineer Intern (Fall 2026) - Austin, TX","","University","Austin, TX","Intern","Unspecified","Full-time","On-site","Engineering","2026-07-14T22:36:40-04:00","2026-08-25T19:38:33-04:00","https://boards.greenhouse.io/cloudflare/jobs/8052785?gh_jid=8052785"
"863","8106815","2","Software Engineer, Network Firewall","","Engineering","Atlanta, GA","Unspecified","Unspecified","Internship","Hybrid","Engineering","2026-08-06T17:10:31-04:00","2026-08-25T19:38:33-04:00","https://boards.greenhouse.io/cloudflare/jobs/8106815?gh_jid=8106815"
"864","7446310","2","Software Engineer, Network Performance & Reliability (Argo)","","Engineering","Austin, TX","Unspecified","Unspecified","Internship","Hybrid","Engineering","2026-01-15T15:29:25-05:00","2026-08-25T19:38:33-04:00","https://boards.greenhouse.io/cloudflare/jobs/7446310?gh_jid=7446310"
"865","8168623","2","Software Engineer - Platforms & Productivity","","Engineering","Remote India","Unspecified","Unspecified","Internship","Hybrid","Engineering","2026-09-01T01:19:12-04:00","2026-09-01T01:19:12-04:00","https://boards.greenhouse.io/cloudflare/jobs/8168623?gh_jid=8168623"
"866","7887609","2","Software Engineer, Realtime","","Emerging Technology and Incubation","Austin, TX","Unspecified","Unspecified","Internship","Hybrid","Engineering","2026-05-06T11:40:37-04:00","2026-08-29T05:28:18-04:00","https://boards.greenhouse.io/cloudflare/jobs/7887609?gh_jid=7887609"
"867","8092731","2","Software Engineer, Registrar","","Engineering","Austin, TX","Unspecified","4+ years","Internship","Hybrid","Engineering","2026-07-30T21:38:32-04:00","2026-08-31T09:17:17-04:00","https://boards.greenhouse.io/cloudflare/jobs/8092731?gh_jid=8092731"
"868","8159348","2","Software Engineer, Rulesets","","Engineering","London, United Kingdom","Unspecified","Unspecified","Internship","Hybrid","Engineering","2026-08-27T12:44:48-04:00","2026-08-27T12:44:48-04:00","https://boards.greenhouse.io/cloudflare/jobs/8159348?gh_jid=8159348"
"869","7377424","2","Software Engineer, Workers Deploy & Config","","Emerging Technology and Incubation","Austin, TX","Unspecified","Unspecified","Internship","On-site","Engineering","2025-11-05T16:29:53-05:00","2026-08-25T19:38:33-04:00","https://boards.greenhouse.io/cloudflare/jobs/7377424?gh_jid=7377424"
"870","7978788","2","Solutions Engineer, Central & Eastern Europe - Hebrew Speaking","","Solution Engineering","Lisbon, Portugal","Unspecified","10+ years","Internship","Hybrid","Engineering","2026-06-04T04:43:37-04:00","2026-08-25T19:38:33-04:00","https://boards.greenhouse.io/cloudflare/jobs/7978788?gh_jid=7978788"
"871","8098311","2","Solutions Engineering Manager, Iberia & Italy","","Solution Engineering","Lisbon, Portugal","Manager","Unspecified","Internship","Hybrid","Engineering","2026-08-13T08:38:09-04:00","2026-08-25T19:38:33-04:00","https://boards.greenhouse.io/cloudflare/jobs/8098311?gh_jid=8098311"
"872","7053411","2","Staff/Principal Software Engineer - Security Platform","","Engineering","Atlanta, GA","Staff","8+ years","Internship","Remote","Engineering","2025-07-11T18:15:05-04:00","2026-08-27T17:10:47-04:00","https://boards.greenhouse.io/cloudflare/jobs/7053411?gh_jid=7053411"
"873","8098922","2","Statutory Manager","","Accounting and Finance","Lisbon, Portugal","Manager","10+ years","Internship","On-site","Uncategorized","2026-08-03T13:08:33-04:00","2026-08-25T19:38:33-04:00","https://boards.greenhouse.io/cloudflare/jobs/8098922?gh_jid=8098922"
"874","8016162","2","System Engineer, Cloudflare Hyperdrive","","Emerging Technology and Incubation","Austin, TX","Unspecified","4+ years","Internship","On-site","Engineering","2026-06-22T15:40:36-04:00","2026-08-25T19:38:33-04:00","https://boards.greenhouse.io/cloudflare/jobs/8016162?gh_jid=8016162"
"875","8125865","2","Systems Engineer","","Infrastructure","Remote India","Unspecified","5+ years","Internship","Hybrid","Engineering","2026-08-14T04:04:07-04:00","2026-08-25T19:38:33-04:00","https://boards.greenhouse.io/cloudflare/jobs/8125865?gh_jid=8125865"
"876","8022909","2","Systems Engineer (Data Intelligence & Analytics Team)","","Business Intelligence","Remote India","Unspecified","Unspecified","Internship","On-site","Engineering","2026-07-07T02:29:52-04:00","2026-08-25T19:38:33-04:00","https://boards.greenhouse.io/cloudflare/jobs/8022909?gh_jid=8022909"
"877","8050813","2","Systems Engineer, Data Intelligence & Analytics Team","","Business Intelligence","Austin, TX","Unspecified","Unspecified","Internship","On-site","Engineering","2026-07-09T11:17:49-04:00","2026-08-25T19:38:33-04:00","https://boards.greenhouse.io/cloudflare/jobs/8050813?gh_jid=8050813"
"878","8015230","2","Systems Engineer - Global Resource Management (Data Residency)","","Engineering","Austin, TX","Unspecified","3+ years","Internship","Hybrid","Engineering","2026-07-01T13:05:18-04:00","2026-08-25T19:38:33-04:00","https://boards.greenhouse.io/cloudflare/jobs/8015230?gh_jid=8015230"
"879","8142261","2","Systems Engineer, Network Automation","Lisbon, Portugal","Engineering","Lisbon, Portugal","Unspecified","3+ years","Internship","Remote","Engineering","2026-08-21T11:30:49-04:00","2026-08-25T19:38:33-04:00","https://boards.greenhouse.io/cloudflare/jobs/8142261?gh_jid=8142261"
"880","8089031","2","Systems Engineer, Product Platform Tools","Austin, TX, United States","Engineering","Austin, TX","Unspecified","5+ years","Internship","Remote","Engineering","2026-07-27T12:59:53-04:00","2026-08-25T19:38:33-04:00","https://boards.greenhouse.io/cloudflare/jobs/8089031?gh_jid=8089031"
"881","8155463","2","Systems Engineer, R2 Gateway","","Emerging Technology and Incubation","Austin, TX","Unspecified","Unspecified","Contract","On-site","Engineering","2026-08-25T13:32:55-04:00","2026-08-25T19:38:33-04:00","https://boards.greenhouse.io/cloudflare/jobs/8155463?gh_jid=8155463"
"882","8094826","2","Systems Engineer, Spectrum","","Engineering","Austin, TX","Unspecified","Unspecified","Internship","Hybrid","Engineering","2026-07-30T11:39:34-04:00","2026-08-28T13:14:15-04:00","https://boards.greenhouse.io/cloudflare/jobs/8094826?gh_jid=8094826"
"883","8130936","2","Systems Engineer, SSL/TLS Team","","Engineering","Austin, TX","Unspecified","3+ years","Internship","Hybrid","Engineering","2026-08-27T11:54:15-04:00","2026-08-27T11:54:15-04:00","https://boards.greenhouse.io/cloudflare/jobs/8130936?gh_jid=8130936"
"884","8064514","2","Tax Analyst","","Accounting and Finance","Austin, TX","Unspecified","2+ years","Internship","Hybrid","Finance","2026-07-14T14:39:27-04:00","2026-08-25T19:38:33-04:00","https://boards.greenhouse.io/cloudflare/jobs/8064514?gh_jid=8064514"
"885","8161030","2","Technical Accounting Analyst (Infrastructure)","","Accounting and Finance","Remote India","Unspecified","Unspecified","Internship","On-site","Engineering","2026-08-31T22:35:11-04:00","2026-08-31T22:35:11-04:00","https://boards.greenhouse.io/cloudflare/jobs/8161030?gh_jid=8161030"
"886","8029967","2","Technical Account Manager","","Customer Success","Washington, DC","Manager","8+ years","Contract","Hybrid","Sales","2026-06-30T05:19:43-04:00","2026-08-27T03:52:09-04:00","https://boards.greenhouse.io/cloudflare/jobs/8029967?gh_jid=8029967"
"887","8164649","2","Technical Support Engineer, Application Performance","","Customer Support","Austin, TX","Unspecified","3+ years","Full-time","Hybrid","Engineering","2026-08-31T11:00:00-04:00","2026-08-31T11:00:00-04:00","https://boards.greenhouse.io/cloudflare/jobs/8164649?gh_jid=8164649"
"888","8109271","2","Territory Account Executive","","Mid Market","Remote Mexico","Unspecified","3+ years","Contract","Hybrid","Sales","2026-08-10T11:37:43-04:00","2026-08-25T19:38:33-04:00","https://boards.greenhouse.io/cloudflare/jobs/8109271?gh_jid=8109271"
"889","8110442","2","Territory Account Executive (Based in Melbourne)","","Mid Market","Remote Australia","Unspecified","5+ years","Contract","Hybrid","Sales","2026-08-07T01:01:20-04:00","2026-08-25T19:38:33-04:00","https://boards.greenhouse.io/cloudflare/jobs/8110442?gh_jid=8110442"
"890","7804941","2","Territory Account Executive, Central Canada","","Mid Market","Canada","Unspecified","5+ years","Contract","Remote","Sales","2026-04-13T11:23:01-04:00","2026-08-25T19:38:33-04:00","https://boards.greenhouse.io/cloudflare/jobs/7804941?gh_jid=7804941"
"891","7972135","2","Territory Account Executive, Digital Native (Hong Kong)","","Mid Market","Singapore","Unspecified","5+ years","Contract","Hybrid","Sales","2026-06-07T00:20:21-04:00","2026-08-25T22:41:37-04:00","https://boards.greenhouse.io/cloudflare/jobs/7972135?gh_jid=7972135"
"892","7975812","2","Territory Account Executive, Digital Native (Indonesia)","","Mid Market","Singapore","Unspecified","Unspecified","Contract","Hybrid","Sales","2026-06-05T04:01:23-04:00","2026-08-25T19:38:33-04:00","https://boards.greenhouse.io/cloudflare/jobs/7975812?gh_jid=7975812"
"893","7735836","2","Territory Account Executive - Digital Native Start Ups","","Mid Market","London, United Kingdom","Unspecified","4+ years","Internship","Hybrid","Sales","2026-04-22T11:07:58-04:00","2026-08-26T04:47:40-04:00","https://boards.greenhouse.io/cloudflare/jobs/7735836?gh_jid=7735836"
"894","7309174","2","Threat Intelligence Software Engineer, Cloudforce One","","Security","Austin, TX","Unspecified","5+ years","Internship","Hybrid","Engineering","2025-10-09T11:20:57-04:00","2026-08-25T19:38:33-04:00","https://boards.greenhouse.io/cloudflare/jobs/7309174?gh_jid=7309174"
"895","8080851","2","Vice President, Internal Audit","","Accounting and Finance","Austin, TX","Intern","10+ years","Internship","Hybrid","Finance","2026-07-23T19:27:53-04:00","2026-08-25T19:38:33-04:00","https://boards.greenhouse.io/cloudflare/jobs/8080851?gh_jid=8080851"
"896","8114069","2","VoidZero Engineer","","Emerging Technology and Incubation","Lisbon, Portugal","Unspecified","Unspecified","Internship","Hybrid","Engineering","2026-08-10T20:22:37-04:00","2026-08-25T19:38:33-04:00","https://boards.greenhouse.io/cloudflare/jobs/8114069?gh_jid=8114069"
"897","7579269","2","Vulnerability Management Engineer","","Security","Austin, TX","Unspecified","3+ years","Internship","Hybrid","Engineering","2026-02-05T16:31:40-05:00","2026-08-27T07:41:20-04:00","https://boards.greenhouse.io/cloudflare/jobs/7579269?gh_jid=7579269"
"898","8503792002","3","Account Executive - Italy","Italy","EMEA - Commercial","Italy","Unspecified","Unspecified","Full-time","Remote","Sales","2026-04-17T05:58:03-04:00","2026-08-31T17:56:36-04:00","https://job-boards.greenhouse.io/gitlab/jobs/8503792002"
"899","8556658002","3","AI Engineer","Bangalore","Enterprise Applications","India","Unspecified","Unspecified","Full-time","Remote","Engineering","2026-05-22T09:16:29-04:00","2026-08-31T17:56:36-04:00","https://job-boards.greenhouse.io/gitlab/jobs/8556658002"
"900","8638232002","3","AI Transformation Owner, CRO","United States","Enablement","Not Specified","Unspecified","Unspecified","Full-time","Remote","Uncategorized","2026-07-22T13:38:40-04:00","2026-08-31T17:56:36-04:00","https://job-boards.greenhouse.io/gitlab/jobs/8638232002"
"901","8716179002","3","AI Transformation Owner, Product & Design","Canada;United Kingdom;United States","AI","Not Specified","Unspecified","Unspecified","Full-time","Remote","Design","2026-08-19T16:52:27-04:00","2026-08-31T17:56:36-04:00","https://job-boards.greenhouse.io/gitlab/jobs/8716179002"
"902","8631068002","3","Area Vice President - Financial Services","US","AMER - Enterprise","United States of America","VP","Unspecified","Full-time","Remote","Uncategorized","2026-07-15T09:49:32-04:00","2026-08-31T17:56:36-04:00","https://job-boards.greenhouse.io/gitlab/jobs/8631068002"
"903","8675543002","3","Associate Solutions Architect (French or German fluency)","Ireland","SA","Ireland","Associate","2+ years","Full-time","Remote","Solutions Architecture","2026-08-07T06:31:20-04:00","2026-08-31T17:56:36-04:00","https://job-boards.greenhouse.io/gitlab/jobs/8675543002"
"904","8687171002","3","Associate Solutions Architect (French or German fluency)","Spain","SA","Spain","Associate","2+ years","Full-time","Remote","Solutions Architecture","2026-08-07T06:31:17-04:00","2026-08-31T17:56:36-04:00","https://job-boards.greenhouse.io/gitlab/jobs/8687171002"
"905","8698314002","3","Backend Engineer, AI Engineering: Duo Chat","Canada;United States","AI Engineering","Canada","Unspecified","Unspecified","Full-time","Remote","Engineering","2026-08-20T17:35:39-04:00","2026-08-31T17:56:36-04:00","https://job-boards.greenhouse.io/gitlab/jobs/8698314002"
"906","8695515002","3","Backend Engineer, Geo Team","Bangalore, India","Platforms Engineering","India","Unspecified","Unspecified","Full-time","Remote","Engineering","2026-08-11T23:33:39-04:00","2026-08-31T17:56:36-04:00","https://job-boards.greenhouse.io/gitlab/jobs/8695515002"
"907","8620720002","3","Backend Engineer (Ruby), AI Engineering: Agent Observability","Canada","AI Engineering","Not Specified","Unspecified","Unspecified","Full-time","Remote","Engineering","2026-07-08T06:30:39-04:00","2026-08-31T17:56:36-04:00","https://job-boards.greenhouse.io/gitlab/jobs/8620720002"
"908","8532274002","3","Business Development Representative","EMEA;Germany;Ireland;Netherlands;United Kingdom","Sales Development","Not Specified","Unspecified","Unspecified","Full-time","Remote","Sales","2026-05-01T11:28:37-04:00","2026-08-31T17:56:36-04:00","https://job-boards.greenhouse.io/gitlab/jobs/8532274002"
"909","8532272002","3","Business Development Representative","North America","Sales Development","Not Specified","Unspecified","Unspecified","Full-time","Remote","Sales","2026-05-01T11:27:22-04:00","2026-08-31T17:56:36-04:00","https://job-boards.greenhouse.io/gitlab/jobs/8532272002"
"910","8691636002","3","Business Development Representative, German Speaking","Ireland;Germany;Netherlands;United Kingdom","Sales Development","Germany","Unspecified","Unspecified","Full-time","Remote","Sales","2026-08-10T10:38:30-04:00","2026-08-31T17:56:36-04:00","https://job-boards.greenhouse.io/gitlab/jobs/8691636002"
"911","8608546002","3","Business Development Representative - MENA","UAE","Sales Development","NA","Unspecified","Unspecified","Full-time","Remote","Sales","2026-06-25T13:12:41-04:00","2026-08-31T17:56:36-04:00","https://job-boards.greenhouse.io/gitlab/jobs/8608546002"
"912","8687381002","3","Business Development Representative - Nordics","Ireland;Germany;Netherlands;United Kingdom","Sales Development","Germany","Unspecified","Unspecified","Full-time","Remote","Sales","2026-08-07T12:54:52-04:00","2026-08-31T17:56:36-04:00","https://job-boards.greenhouse.io/gitlab/jobs/8687381002"
"913","8736457002","3","Business Development Representative (Sydney or Melbourne)","Australia","Sales Development","Australia","Unspecified","Unspecified","Full-time","Remote","Sales","2026-08-24T01:28:11-04:00","2026-08-31T17:56:36-04:00","https://job-boards.greenhouse.io/gitlab/jobs/8736457002"
"914","8700245002","3","Chief of Staff, CRO","United States","CRO Executive","Not Specified","Staff","8+ years","Full-time","Remote","Uncategorized","2026-08-24T17:41:11-04:00","2026-08-31T17:56:36-04:00","https://job-boards.greenhouse.io/gitlab/jobs/8700245002"
"915","8631153002","3","Commercial Account Executive - DACH","Germany","EMEA - Commercial","Germany","Unspecified","Unspecified","Full-time","Remote","Sales","2026-07-13T10:43:44-04:00","2026-08-31T17:56:36-04:00","https://job-boards.greenhouse.io/gitlab/jobs/8631153002"
"916","8638001002","3","Commercial Account Executive - MENA","KSA","EMEA - Commercial","Not Specified","Unspecified","Unspecified","Full-time","Remote","Sales","2026-07-22T05:45:46-04:00","2026-08-31T17:56:36-04:00","https://job-boards.greenhouse.io/gitlab/jobs/8638001002"
"917","8561622002","3","Commercial Account Executive - Mid-Market, Canada","Canada","AMER - Commercial","Canada","Unspecified","Unspecified","Full-time","Remote","Sales","2026-05-26T12:13:38-04:00","2026-08-31T17:56:36-04:00","https://job-boards.greenhouse.io/gitlab/jobs/8561622002"
"918","8592555002","3","Commercial Account Executive, Named - West","United States","AMER - Commercial","United States of America","Unspecified","Unspecified","Full-time","Remote","Sales","2026-08-03T13:02:31-04:00","2026-08-31T17:56:36-04:00","https://job-boards.greenhouse.io/gitlab/jobs/8592555002"
"919","8684071002","3","Commercial Account Executive, Northern Cone","Mexico;United States","AMER - Commercial","Mexico","Unspecified","Unspecified","Full-time","Remote","Sales","2026-08-11T19:50:54-04:00","2026-08-31T17:56:36-04:00","https://job-boards.greenhouse.io/gitlab/jobs/8684071002"
"920","8673657002","3","Commercial Account Executive, Southern Cone","Mexico","AMER - Commercial","Mexico","Unspecified","Unspecified","Full-time","Remote","Sales","2026-08-11T19:42:43-04:00","2026-08-31T17:56:36-04:00","https://job-boards.greenhouse.io/gitlab/jobs/8673657002"
"921","8742716002","3","Customer Success Architect","United States","Customer Success","United States of America","Unspecified","Unspecified","Full-time","Remote","Customer Success","2026-08-24T14:42:55-04:00","2026-08-31T17:56:36-04:00","https://job-boards.greenhouse.io/gitlab/jobs/8742716002"
"922","8646852002","3","Customer Success Architect, CEUR","Germany","Customer Success","EMEA","Unspecified","Unspecified","Full-time","Remote","Customer Success","2026-08-05T05:14:00-04:00","2026-08-31T17:56:36-04:00","https://job-boards.greenhouse.io/gitlab/jobs/8646852002"
"923","8561952002","3","Customer Success Architect, EMEA","Austria;France;Germany","Customer Success","Not Specified","Unspecified","Unspecified","Full-time","Remote","Customer Success","2026-05-28T04:40:59-04:00","2026-08-31T17:56:36-04:00","https://job-boards.greenhouse.io/gitlab/jobs/8561952002"
"924","8637426002","3","Customer Success Engineer, LATAM (Spanish, Portugese)","Brazil;Mexico;United States","Customer Success","Not Specified","Unspecified","Unspecified","Full-time","Remote","Engineering","2026-07-22T10:59:01-04:00","2026-08-31T17:56:36-04:00","https://job-boards.greenhouse.io/gitlab/jobs/8637426002"
"925","8533016002","3","Customer Success Manager","North America","Customer Success","NA","Manager","Unspecified","Full-time","Remote","Customer Success","2026-06-23T17:12:13-04:00","2026-08-31T17:56:36-04:00","https://job-boards.greenhouse.io/gitlab/jobs/8533016002"
"926","8548980002","3","Customer Success Manager - Australia","Australia","Customer Success","Australia","Manager","Unspecified","Full-time","Remote","Customer Success","2026-05-14T19:47:08-04:00","2026-08-31T17:56:36-04:00","https://job-boards.greenhouse.io/gitlab/jobs/8548980002"
"927","8648306002","3","Deal Desk Strategist, Philippines or India","India;Phillipines","Field Operations","Philippines","Unspecified","Unspecified","Full-time","Remote","Operations","2026-08-04T20:33:43-04:00","2026-08-31T17:56:36-04:00","https://job-boards.greenhouse.io/gitlab/jobs/8648306002"
"928","8626772002","3","Director, Engineering, Platform Operations & Productivity","Bangalore, India","Architecture Engineering","India","Director","Unspecified","Full-time","Remote","Engineering","2026-07-13T12:57:20-04:00","2026-08-31T17:56:36-04:00","https://job-boards.greenhouse.io/gitlab/jobs/8626772002"
"929","8696826002","3","Director of Engineering, Organizations & Cells","Bangalore, India","Architecture Engineering","India","Director","Unspecified","Full-time","Remote","Engineering","2026-08-13T14:57:47-04:00","2026-08-31T17:56:36-04:00","https://job-boards.greenhouse.io/gitlab/jobs/8696826002"
"930","8607104002","3","Director of Engineering, Security Factory","Israel;United Kingdom","Sec Engineering","Israel","Director","Unspecified","Full-time","Remote","Engineering","2026-07-01T17:36:51-04:00","2026-08-31T17:56:36-04:00","https://job-boards.greenhouse.io/gitlab/jobs/8607104002"
"931","8726744002","3","Director of Recruiting, Engineering & IT, Bangalore India","Bangalore, India","Talent Acquisition","Not Specified","Director","Unspecified","Full-time","Remote","Engineering","2026-08-28T11:28:25-04:00","2026-08-31T17:56:36-04:00","https://job-boards.greenhouse.io/gitlab/jobs/8726744002"
"932","8615811002","3","Director, Strategic Partnerships","US","Corporate Affairs","United States of America","Director","Unspecified","Full-time","Remote","Partnerships","2026-07-02T13:43:11-04:00","2026-08-31T17:56:36-04:00","https://job-boards.greenhouse.io/gitlab/jobs/8615811002"
"933","8629019002","3","Director, Support (Bengaluru)","Bangalore, India","Customer Support","India","Director","Unspecified","Full-time","Remote","Support","2026-07-16T10:48:02-04:00","2026-08-31T17:56:36-04:00","https://job-boards.greenhouse.io/gitlab/jobs/8629019002"
"934","8629005002","3","Director, Support (EMEA)","United Kingdom","Customer Support","EMEA","Director","Unspecified","Full-time","Remote","Support","2026-07-15T15:07:47-04:00","2026-08-31T17:56:36-04:00","https://job-boards.greenhouse.io/gitlab/jobs/8629005002"
"935","8684201002","3","Ecosystem Sales Manager","United States","Alliances and Channel","United States of America","Manager","Unspecified","Full-time","Remote","Sales","2026-08-14T10:30:20-04:00","2026-08-31T17:56:36-04:00","https://job-boards.greenhouse.io/gitlab/jobs/8684201002"
"936","8618771002","3","Ecosystem Sales Manager, Carahsoft (Washington DC)","","Alliances and Channel","United States of America","Manager","Unspecified","Full-time","Remote","Sales","2026-07-15T14:23:24-04:00","2026-08-31T17:56:36-04:00","https://job-boards.greenhouse.io/gitlab/jobs/8618771002"
"937","8640317002","3","Ecosystem Sales Manager: Scale","Ireland;France;Germany;Netherlands;United Kingdom","Alliances and Channel","EMEA","Manager","Unspecified","Full-time","Remote","Sales","2026-07-30T10:24:03-04:00","2026-08-31T17:56:36-04:00","https://job-boards.greenhouse.io/gitlab/jobs/8640317002"
"938","8635277002","3","Enablement Content Manager","United States","Enablement","United States of America","Manager","Unspecified","Full-time","Remote","Marketing","2026-07-20T17:31:22-04:00","2026-08-31T17:56:36-04:00","https://job-boards.greenhouse.io/gitlab/jobs/8635277002"
"939","8586667002","3","Engineering Manager, Build","United Kingdom","Platforms Engineering","Not Specified","Manager","Unspecified","Full-time","Remote","Engineering","2026-08-19T11:33:14-04:00","2026-08-31T17:56:36-04:00","https://job-boards.greenhouse.io/gitlab/jobs/8586667002"
"940","8615946002","3","Engineering Manager, Cell Infrastructure","Bangalore, India","Tenant Scale Engineering","India","Manager","Unspecified","Full-time","Remote","Engineering","2026-07-06T09:34:36-04:00","2026-08-31T17:56:36-04:00","https://job-boards.greenhouse.io/gitlab/jobs/8615946002"
"941","8725566002","3","Engineering Manager - Database Change Management","Bangalore, India","Data Engineering","India","Manager","Unspecified","Full-time","Remote","Engineering","2026-08-21T03:59:16-04:00","2026-08-31T17:56:36-04:00","https://job-boards.greenhouse.io/gitlab/jobs/8725566002"
"942","8592950002","3","Engineering Manager, Data Foundations","US","Data Engineering","United States of America","Manager","Unspecified","Full-time","Remote","Engineering","2026-06-17T18:22:46-04:00","2026-08-31T17:56:36-04:00","https://job-boards.greenhouse.io/gitlab/jobs/8592950002"
"943","8636648002","3","Engineering Manager, Dedicated Integrations","United Kingdom","Platforms Engineering","Not Specified","Manager","Unspecified","Full-time","Remote","Engineering","2026-08-10T05:08:25-04:00","2026-08-31T17:56:36-04:00","https://job-boards.greenhouse.io/gitlab/jobs/8636648002"
"944","8463917002","3","Engineering Manager, Gitlab Delivery: Upgrades","Bangalore, India","Platforms Engineering","Not Specified","Manager","Unspecified","Full-time","Remote","Engineering","2026-03-22T03:09:43-04:00","2026-08-31T17:56:36-04:00","https://job-boards.greenhouse.io/gitlab/jobs/8463917002"
"945","8592891002","3","Engineering Manager, Growth","Canada;US","Data Engineering","Canada","Manager","Unspecified","Full-time","Remote","Engineering","2026-06-17T18:15:14-04:00","2026-08-31T17:56:36-04:00","https://job-boards.greenhouse.io/gitlab/jobs/8592891002"
"946","8478405002","3","Engineering Manager, SSCS: Supply Chain","Bangalore, India","Sec Engineering","India","Manager","3+ years","Full-time","Remote","Engineering","2026-03-27T16:29:49-04:00","2026-08-31T17:56:36-04:00","https://job-boards.greenhouse.io/gitlab/jobs/8478405002"
"947","8586632002","3","Engineering Manager, Switchboard","United Kingdom","Platforms Engineering","United Kingdom","Manager","Unspecified","Full-time","Remote","Engineering","2026-07-13T07:33:45-04:00","2026-08-31T17:56:36-04:00","https://job-boards.greenhouse.io/gitlab/jobs/8586632002"
"948","8617538002","3","Engineering Manager, Tenant Scale:Git","Canada;United Kingdom;United States","Architecture Engineering","Not Specified","Manager","Unspecified","Full-time","Remote","Engineering","2026-07-10T10:42:43-04:00","2026-08-31T17:56:36-04:00","https://job-boards.greenhouse.io/gitlab/jobs/8617538002"
"949","8640151002","3","Enterprise Account Executive - Singapore","Singapore","APAC - Enterprise","Singapore","Unspecified","Unspecified","Full-time","Remote","Sales","2026-07-24T01:22:11-04:00","2026-08-31T17:56:36-04:00","https://job-boards.greenhouse.io/gitlab/jobs/8640151002"
"950","8517171002","3","Forward Deployed Engineer, AI and Agentic SDLC","United States","Customer Experience","United States of America","Unspecified","Unspecified","Full-time","Remote","Engineering","2026-05-06T17:00:36-04:00","2026-08-31T17:56:36-04:00","https://job-boards.greenhouse.io/gitlab/jobs/8517171002"
"951","8522408002","3","Forward Deployed Engineer - EMEA","Ireland;Austria;Denmark;France;Germany;Netherlands;Switzerland;United Kingdom","Customer Experience","United Kingdom","Unspecified","Unspecified","Full-time","Remote","Engineering","2026-05-11T04:40:57-04:00","2026-08-31T17:56:36-04:00","https://job-boards.greenhouse.io/gitlab/jobs/8522408002"
"952","8522265002","3","Forward Deployed Engineer - EMEA","Ireland;Denmark;France;Germany;Italy;Netherlands;Sweden;United Kingdom","Customer Experience","United Kingdom","Unspecified","Unspecified","Full-time","Remote","Engineering","2026-05-11T04:41:42-04:00","2026-08-31T17:56:36-04:00","https://job-boards.greenhouse.io/gitlab/jobs/8522265002"
"953","8524783002","3","Forward Deployed Engineer - META","United Arab Emirates","Customer Experience","United Arab Emirates","Unspecified","Unspecified","Full-time","Remote","Engineering","2026-05-11T04:42:09-04:00","2026-08-31T17:56:36-04:00","https://job-boards.greenhouse.io/gitlab/jobs/8524783002"
"954","8626198002","3","FP&A Manager, R&D","Canada;US","FP&A","NA","Manager","Unspecified","Full-time","Remote","Uncategorized","2026-07-10T13:59:34-04:00","2026-08-31T17:56:36-04:00","https://job-boards.greenhouse.io/gitlab/jobs/8626198002"
"955","8698330002","3","Fullstack Engineer (TypeScript), AI Engineering: Duo Client SDK","Canada;United States","AI Engineering","Canada","Unspecified","Unspecified","Full-time","Remote","Engineering","2026-08-20T21:22:41-04:00","2026-08-31T17:56:36-04:00","https://job-boards.greenhouse.io/gitlab/jobs/8698330002"
"956","8604633002","3","High Velocity Enablement Lead","US","Enablement","United States of America","Lead","Unspecified","Full-time","Remote","Uncategorized","2026-06-24T09:54:21-04:00","2026-08-31T17:56:36-04:00","https://job-boards.greenhouse.io/gitlab/jobs/8604633002"
"957","8722304002","3","Intermediate Backend Engineer - Database Change Management","Bangalore, India","Data Engineering","India","Unspecified","Unspecified","Full-time","Remote","Engineering","2026-08-24T07:36:00-04:00","2026-08-31T17:56:36-04:00","https://job-boards.greenhouse.io/gitlab/jobs/8722304002"
"958","8644569002","3","Intermediate Backend Engineer, Platform Readiness","Canada;United States","Platforms Engineering","Not Specified","Unspecified","Unspecified","Full-time","Remote","Engineering","2026-08-03T10:38:08-04:00","2026-08-31T17:56:36-04:00","https://job-boards.greenhouse.io/gitlab/jobs/8644569002"
"959","8623751002","3","Intermediate Fullstack Engineer - Data Products","Bangalore, India","Data Engineering","India","Unspecified","Unspecified","Full-time","Remote","Engineering","2026-07-13T02:29:51-04:00","2026-08-31T17:56:36-04:00","https://job-boards.greenhouse.io/gitlab/jobs/8623751002"
"960","8688078002","3","Intermediate Software Engineer, Security Factory: Vulnerability Management","Canada;Israel;United Kingdom","Sec Engineering","Canada","Chief","Unspecified","Full-time","Remote","Engineering","2026-08-20T19:22:50-04:00","2026-08-31T17:56:36-04:00","https://job-boards.greenhouse.io/gitlab/jobs/8688078002"
"961","8687026002","3","Intermediate Support Engineer","Bangalore, India","Customer Support","India","Unspecified","Unspecified","Full-time","Remote","Engineering","2026-08-09T12:35:51-04:00","2026-08-31T17:56:36-04:00","https://job-boards.greenhouse.io/gitlab/jobs/8687026002"
"962","8684078002","3","Intermediate Support Engineer (SHIFT)","United Kingdom","Customer Support","Not Specified","Unspecified","Unspecified","Full-time","Remote","Engineering","2026-08-05T16:05:41-04:00","2026-08-31T17:56:36-04:00","https://job-boards.greenhouse.io/gitlab/jobs/8684078002"
"963","8684061002","3","Intermediate Support Engineer (SHIFT)","United Kingdom","Customer Support","United Kingdom","Unspecified","Unspecified","Full-time","Remote","Engineering","2026-08-05T16:10:09-04:00","2026-08-31T17:56:36-04:00","https://job-boards.greenhouse.io/gitlab/jobs/8684061002"
"964","8617777002","3","Lead Internal Events & Production Strategist","United States","Engagement","United States of America","Intern","Unspecified","Full-time","Remote","Marketing","2026-07-29T14:12:54-04:00","2026-08-31T17:56:36-04:00","https://job-boards.greenhouse.io/gitlab/jobs/8617777002"
"965","8716306002","3","Lead Legal Counsel, Employment (EMEA)","Ireland;United Kingdom","Legal","United Kingdom","Lead","Unspecified","Full-time","Remote","Legal","2026-08-24T15:07:33-04:00","2026-08-31T17:56:36-04:00","https://job-boards.greenhouse.io/gitlab/jobs/8716306002"
"966","8756163002","3","Lead Pricing Strategist","Canada;United States","Monetization & Analytics","Not Specified","Lead","Unspecified","Full-time","Remote","Finance","2026-08-27T18:15:38-04:00","2026-08-31T17:56:36-04:00","https://job-boards.greenhouse.io/gitlab/jobs/8756163002"
"967","8633807002","3","Lead SEC Analyst","United States","FP&A","United States of America","Lead","Unspecified","Full-time","Remote","Uncategorized","2026-07-27T18:20:48-04:00","2026-08-31T17:56:36-04:00","https://job-boards.greenhouse.io/gitlab/jobs/8633807002"
"968","8691859002","3","Manager, Customer Success","United States","Customer Success","United States of America","Manager","Unspecified","Full-time","Remote","Customer Success","2026-08-14T15:47:52-04:00","2026-08-31T17:56:36-04:00","https://job-boards.greenhouse.io/gitlab/jobs/8691859002"
"969","8613199002","3","Manager, Customer Success Managers, EMEA","Austria;Germany","Customer Success","EMEA","Manager","Unspecified","Full-time","Remote","Customer Success","2026-07-06T02:41:32-04:00","2026-08-31T17:56:36-04:00","https://job-boards.greenhouse.io/gitlab/jobs/8613199002"
"970","8626740002","3","Manager, Engineering, Git & Gitaly Operations","Bangalore","Architecture Engineering","India","Manager","Unspecified","Full-time","Remote","Engineering","2026-07-13T12:54:04-04:00","2026-08-31T17:56:36-04:00","https://job-boards.greenhouse.io/gitlab/jobs/8626740002"
"971","8632388002","3","Manager, Engineering, Nonlinear Productivity (Friction Elimination & Solutions)","Bangalore","Architecture Engineering","India","Manager","Unspecified","Full-time","Remote","Engineering","2026-07-15T05:08:38-04:00","2026-08-31T17:56:36-04:00","https://job-boards.greenhouse.io/gitlab/jobs/8632388002"
"972","8643154002","3","Manager, IT SOX PMO","United States","Accounting","United States of America","Manager","Unspecified","Full-time","Remote","Uncategorized","2026-07-28T15:47:50-04:00","2026-08-31T17:56:36-04:00","https://job-boards.greenhouse.io/gitlab/jobs/8643154002"
"973","8642786002","3","Manager, Procurement","United States","Procurement","NA","Manager","5+ years","Full-time","Remote","Uncategorized","2026-08-10T13:48:11-04:00","2026-08-31T17:56:36-04:00","https://job-boards.greenhouse.io/gitlab/jobs/8642786002"
"974","8626770002","3","Manager, Solutions Architect - CEUR","Germany","SA","Germany","Manager","Unspecified","Full-time","Remote","Solutions Architecture","2026-07-20T05:35:49-04:00","2026-08-31T17:56:36-04:00","https://job-boards.greenhouse.io/gitlab/jobs/8626770002"
"975","8627761002","3","Manager, Solutions Architect - India","India","SA","India","Manager","Unspecified","Full-time","Remote","Solutions Architecture","2026-07-21T05:23:03-04:00","2026-08-31T17:56:36-04:00","https://job-boards.greenhouse.io/gitlab/jobs/8627761002"
"976","8396674002","3","Manager, Solutions Architects - San Francisco","US","SA","United States of America","Manager","Unspecified","Full-time","Remote","Solutions Architecture","2026-03-06T14:25:31-05:00","2026-08-31T17:56:36-04:00","https://job-boards.greenhouse.io/gitlab/jobs/8396674002"
"977","8641849002","3","Manager, Solutions Architecture - East","United States","SA","United States of America","Manager","Unspecified","Full-time","Remote","Solutions Architecture","2026-08-03T10:08:14-04:00","2026-08-31T17:56:36-04:00","https://job-boards.greenhouse.io/gitlab/jobs/8641849002"
"978","8626762002","3","Manager, Solutions Architecture - UK&I","United Kingdom","SA","United Kingdom","Manager","Unspecified","Full-time","Remote","Solutions Architecture","2026-07-17T04:49:31-04:00","2026-08-31T17:56:36-04:00","https://job-boards.greenhouse.io/gitlab/jobs/8626762002"
"979","8639170002","3","Manager, Strategic Finance","United States","FP&A","United States of America","Manager","Unspecified","Full-time","Remote","Finance","2026-07-21T16:47:30-04:00","2026-08-31T17:56:36-04:00","https://job-boards.greenhouse.io/gitlab/jobs/8639170002"
"980","8707385002","3","Manager, Support Engineering, US Government","United States","Customer Success - PubSec","Federal","Manager","Unspecified","Full-time","Remote","Engineering","2026-08-18T15:10:52-04:00","2026-08-31T17:56:36-04:00","https://job-boards.greenhouse.io/gitlab/jobs/8707385002"
"981","8615797002","3","New Business Account Executive - West","US","New Business - AMER","United States of America","Unspecified","Unspecified","Full-time","Remote","Sales","2026-07-07T13:30:45-04:00","2026-08-31T17:56:36-04:00","https://job-boards.greenhouse.io/gitlab/jobs/8615797002"
"982","8564957002","3","Principal Product Manager, AI Custom Models","Canada;US","AI","Not Specified","Principal","Unspecified","Full-time","Remote","Product","2026-05-27T14:51:21-04:00","2026-09-01T00:02:12-04:00","https://job-boards.greenhouse.io/gitlab/jobs/8564957002"
"983","8658878002","3","Principal Product Manager, AI Software Factory","Canada;United States","AI","Not Specified","Principal","Unspecified","Full-time","Remote","Product","2026-08-03T13:47:46-04:00","2026-08-31T17:56:36-04:00","https://job-boards.greenhouse.io/gitlab/jobs/8658878002"
"984","8597813002","3","Principal Product Manager, Engineering Intelligence & Insights","Canada;US","Core DevOps","Not Specified","Principal","Unspecified","Full-time","Remote","Engineering","2026-07-02T15:32:13-04:00","2026-08-31T17:56:36-04:00","https://job-boards.greenhouse.io/gitlab/jobs/8597813002"
"985","8697215002","3","Principal Program Manager, Go-To-Market","Canada;United States","Product Marketing","Not Specified","Principal","Unspecified","Full-time","Remote","Program Management","2026-08-11T17:49:44-04:00","2026-08-31T17:56:36-04:00","https://job-boards.greenhouse.io/gitlab/jobs/8697215002"
"986","8693068002","3","Principal Technical Program Manager","Canada;United States","Office of the CTO","Not Specified","Principal","Unspecified","Full-time","Remote","Program Management","2026-08-25T17:56:15-04:00","2026-08-31T17:56:36-04:00","https://job-boards.greenhouse.io/gitlab/jobs/8693068002"
"987","8660935002","3","Public Sector Strategic Account Executive - Canada","Canada","AMER - Enterprise","Canada","Chief","Unspecified","Full-time","Remote","Sales","2026-08-06T13:21:50-04:00","2026-08-31T17:56:36-04:00","https://job-boards.greenhouse.io/gitlab/jobs/8660935002"
"988","8652942002","3","Public Sector Strategic Account Executive, SLED - Great Lakes","United States","PubSec - SLED","Federal","Chief","Unspecified","Full-time","Remote","Sales","2026-08-20T19:11:29-04:00","2026-08-31T17:56:36-04:00","https://job-boards.greenhouse.io/gitlab/jobs/8652942002"
"989","8649994002","3","Public Sector Strategic Account Executive, SLED - Mountain Plains","United States","PubSec - SLED","Federal","Chief","Unspecified","Full-time","Remote","Sales","2026-08-07T15:26:49-04:00","2026-08-31T17:56:36-04:00","https://job-boards.greenhouse.io/gitlab/jobs/8649994002"
"990","8721888002","3","Regional Sales Director, Public Sector - DoW","United States","PubSec - FED","Federal","Director","Unspecified","Full-time","Remote","Sales","2026-08-21T14:22:52-04:00","2026-08-31T17:56:36-04:00","https://job-boards.greenhouse.io/gitlab/jobs/8721888002"
"991","8682749002","3","Renewals Manager - West","United States","Renewals","United States of America","Manager","Unspecified","Full-time","Remote","Uncategorized","2026-08-05T13:15:41-04:00","2026-08-31T17:56:36-04:00","https://job-boards.greenhouse.io/gitlab/jobs/8682749002"
"992","8685082002","3","Revenue Technology Analyst","Canada;United States","Field Operations","Canada","Unspecified","Unspecified","Full-time","Remote","Uncategorized","2026-08-06T15:14:04-04:00","2026-08-31T17:56:36-04:00","https://job-boards.greenhouse.io/gitlab/jobs/8685082002"
"993","8705011002","3","RPA Engineer, UiPath","Bangalore, India","Enterprise Applications","India","Unspecified","3+ years","Full-time","Remote","Engineering","2026-08-17T18:32:41-04:00","2026-08-31T17:56:36-04:00","https://job-boards.greenhouse.io/gitlab/jobs/8705011002"
"994","8638385002","3","Senior Absence Management Partner","Ireland;Poland;United Kingdom","Total Rewards","Ireland","Senior","Unspecified","Full-time","Remote","Uncategorized","2026-07-22T09:27:09-04:00","2026-08-31T17:56:36-04:00","https://job-boards.greenhouse.io/gitlab/jobs/8638385002"
"995","8565469002","3","Senior AI Engineer","US","Enterprise Applications","United States of America","Senior","Unspecified","Full-time","Remote","Engineering","2026-05-29T07:49:29-04:00","2026-08-31T17:56:36-04:00","https://job-boards.greenhouse.io/gitlab/jobs/8565469002"
"996","8679047002","3","Senior Analyst, Sales Strategy","Canada;United States","Field Operations","Canada","Senior","Unspecified","Full-time","Remote","Sales","2026-08-05T18:47:44-04:00","2026-08-31T17:56:36-04:00","https://job-boards.greenhouse.io/gitlab/jobs/8679047002"
"997","8709925002","3","Senior Assigned Support Engineer (AMER)","Canada;United States","Customer Support","NA","Senior","Unspecified","Full-time","Remote","Engineering","2026-08-20T13:31:45-04:00","2026-08-31T17:56:36-04:00","https://job-boards.greenhouse.io/gitlab/jobs/8709925002"
"998","8645825002","3","Senior Assigned Support Engineer (EMEA)","Poland;United Kingdom","ASE","United Kingdom","Senior","Unspecified","Full-time","Remote","Engineering","2026-07-23T17:05:22-04:00","2026-08-31T17:56:36-04:00","https://job-boards.greenhouse.io/gitlab/jobs/8645825002"
"999","8701290002","3","Senior Assigned Support Engineer (EMEA)","United Kingdom","ASE","United Kingdom","Senior","Unspecified","Full-time","Remote","Engineering","2026-08-20T13:51:05-04:00","2026-08-31T17:56:36-04:00","https://job-boards.greenhouse.io/gitlab/jobs/8701290002"
"1000","8621733002","3","Senior Backend Engineer, AI Engineering: Chat","Canada;United Kingdom","AI Engineering","Canada","Senior","Unspecified","Full-time","Remote","Engineering","2026-07-20T18:41:32-04:00","2026-08-31T17:56:36-04:00","https://job-boards.greenhouse.io/gitlab/jobs/8621733002"
"1001","8715968002","3","Senior Backend Engineer, AMER","Canada;United States","Engineering","Not Specified","Senior","Unspecified","Full-time","Remote","Engineering","2026-08-14T14:16:33-04:00","2026-08-31T17:56:36-04:00","https://job-boards.greenhouse.io/gitlab/jobs/8715968002"
"1002","8451512002","3","Senior Backend Engineer, Analytics Instrumentation (Golang)","Canada;US","Data Engineering","NA","Senior","Unspecified","Full-time","Remote","Engineering","2026-03-12T11:15:05-04:00","2026-08-31T17:56:36-04:00","https://job-boards.greenhouse.io/gitlab/jobs/8451512002"
"1003","8646556002","3","Senior Backend Engineer, Architecture Engineering: Nonlinear Productivity","Canada;United States","Architecture Engineering","Canada","Senior","Unspecified","Full-time","Remote","Engineering","2026-08-05T20:22:22-04:00","2026-08-31T17:56:36-04:00","https://job-boards.greenhouse.io/gitlab/jobs/8646556002"
"1004","8636713002","3","Senior Backend Engineer, Deployment Environments","Canada;United Kingdom","Platforms Engineering","Not Specified","Senior","Unspecified","Full-time","Remote","Engineering","2026-07-21T06:55:36-04:00","2026-08-31T17:56:36-04:00","https://job-boards.greenhouse.io/gitlab/jobs/8636713002"
"1005","8729451002","3","Senior Backend Engineer (Go), Tenant Scale: Gitaly","United Kingdom","Tenant Scale Engineering","Not Specified","Senior","Unspecified","Full-time","Remote","Engineering","2026-08-20T11:45:55-04:00","2026-08-31T17:56:36-04:00","https://job-boards.greenhouse.io/gitlab/jobs/8729451002"
"1006","8749951002","3","Senior Backend Engineer (Go), Tenant Scale: Gitaly","Poland","Tenant Scale Engineering","Not Specified","Senior","Unspecified","Full-time","Remote","Engineering","2026-08-26T07:09:14-04:00","2026-08-31T17:56:36-04:00","https://job-boards.greenhouse.io/gitlab/jobs/8749951002"
"1007","8716143002","3","Senior Backend Engineer, India","Bangalore, India","Engineering","Not Specified","Senior","Unspecified","Full-time","Remote","Engineering","2026-08-14T14:14:15-04:00","2026-08-31T17:56:36-04:00","https://job-boards.greenhouse.io/gitlab/jobs/8716143002"
"1008","8615319002","3","Senior Backend Engineer - Monitoring and Anomaly Detection (Monetization)","Bangalore, India","Data Engineering","India","Senior","Unspecified","Full-time","Remote","Engineering","2026-07-23T04:55:12-04:00","2026-08-31T17:56:36-04:00","https://job-boards.greenhouse.io/gitlab/jobs/8615319002"
"1009","8615439002","3","Senior Backend Engineer - Platform Insights","Bangalore, India","Data Engineering","India","Senior","Unspecified","Full-time","Remote","Engineering","2026-07-13T02:29:28-04:00","2026-08-31T17:56:36-04:00","https://job-boards.greenhouse.io/gitlab/jobs/8615439002"
"1010","8615322002","3","Senior Backend Engineer - Platform Integrations (Monetization)","Bangalore, India","Data Engineering","India","Senior","Unspecified","Full-time","Remote","Engineering","2026-08-13T05:15:44-04:00","2026-08-31T17:56:36-04:00","https://job-boards.greenhouse.io/gitlab/jobs/8615322002"
"1011","8644572002","3","Senior Backend Engineer, Platform Readiness","Canada;United States","Platforms Engineering","Not Specified","Senior","5+ years","Full-time","Remote","Engineering","2026-08-03T11:54:04-04:00","2026-08-31T17:56:36-04:00","https://job-boards.greenhouse.io/gitlab/jobs/8644572002"
"1012","8749946002","3","Senior Backend Engineer, Poland","Poland","Engineering","Not Specified","Senior","Unspecified","Full-time","Remote","Engineering","2026-08-26T07:06:42-04:00","2026-08-31T17:56:36-04:00","https://job-boards.greenhouse.io/gitlab/jobs/8749946002"
"1013","8704363002","3","Senior Backend Engineer (Python), Agent Developer: Flow Components","Canada","AI Engineering","Not Specified","Senior","Unspecified","Full-time","Remote","Engineering","2026-08-19T09:38:27-04:00","2026-08-31T17:56:36-04:00","https://job-boards.greenhouse.io/gitlab/jobs/8704363002"
"1014","8759577002","3","Senior Backend Engineer (Ruby), AI Catalog: External Agents","United Kingdom","AI Engineering","Not Specified","Senior","Unspecified","Full-time","Remote","Engineering","2026-08-31T04:35:31-04:00","2026-08-31T17:56:36-04:00","https://job-boards.greenhouse.io/gitlab/jobs/8759577002"
"1015","8621620002","3","Senior Backend Engineer (Ruby), AI Engineering: AI Coding","United Kingdom","AI Engineering","United Kingdom","Senior","Unspecified","Full-time","Remote","Engineering","2026-07-13T15:26:35-04:00","2026-08-31T17:56:36-04:00","https://job-boards.greenhouse.io/gitlab/jobs/8621620002"
"1016","8646595002","3","Senior Backend Engineer (Ruby), AI Engineering: DAP Repository Flows","United Kingdom","AI Engineering","United Kingdom","Senior","Unspecified","Full-time","Remote","Engineering","2026-08-07T20:40:55-04:00","2026-08-31T17:56:36-04:00","https://job-boards.greenhouse.io/gitlab/jobs/8646595002"
"1017","8695815002","3","Senior Backend Engineer (Ruby on Rails), Plan: Planning Views","Bangalore, India","DevOps Engineering","India","Senior","Unspecified","Full-time","Remote","Engineering","2026-08-20T02:29:08-04:00","2026-08-31T17:56:36-04:00","https://job-boards.greenhouse.io/gitlab/jobs/8695815002"
"1018","8682707002","3","Senior Backend Engineer (Ruby), Plan: Portfolio Experience","Canada;United States","DevOps Engineering","Not Specified","Senior","Unspecified","Full-time","Remote","Engineering","2026-08-10T11:15:21-04:00","2026-08-31T17:56:36-04:00","https://job-boards.greenhouse.io/gitlab/jobs/8682707002"
"1019","8682860002","3","Senior Backend Engineer (Ruby), Plan: Spec-Driven Development","United Kingdom","DevOps Engineering","Not Specified","Senior","Unspecified","Full-time","Remote","Engineering","2026-08-12T04:18:04-04:00","2026-08-31T17:56:36-04:00","https://job-boards.greenhouse.io/gitlab/jobs/8682860002"
"1020","8749950002","3","Senior Backend Engineer (Ruby), Plan: Spec-Driven Development","Poland","DevOps Engineering","Not Specified","Senior","Unspecified","Full-time","Remote","Engineering","2026-08-26T07:08:19-04:00","2026-08-31T17:56:36-04:00","https://job-boards.greenhouse.io/gitlab/jobs/8749950002"
"1021","8716138002","3","Senior Backend Engineer, UK","United Kingdom","Engineering","Not Specified","Senior","Unspecified","Full-time","Remote","Engineering","2026-08-14T14:16:35-04:00","2026-08-31T17:56:36-04:00","https://job-boards.greenhouse.io/gitlab/jobs/8716138002"
"1022","8641816002","3","Senior Benefits Analyst","Ireland;Poland;United Kingdom","Total Rewards","EMEA","Senior","Unspecified","Full-time","Remote","Uncategorized","2026-07-23T13:52:01-04:00","2026-08-31T17:56:36-04:00","https://job-boards.greenhouse.io/gitlab/jobs/8641816002"
"1023","8500014002","3","Senior Commercial Legal Counsel, APAC","Japan;Philippines;Singapore","Legal","APAC","Senior","Unspecified","Full-time","Remote","Legal","2026-04-28T19:56:55-04:00","2026-08-31T17:56:36-04:00","https://job-boards.greenhouse.io/gitlab/jobs/8500014002"
"1024","8648304002","3","Senior Customer Success Architect - Singapore","Singapore","Customer Success","Singapore","Senior","Unspecified","Full-time","Remote","Customer Success","2026-07-31T02:32:33-04:00","2026-08-31T17:56:36-04:00","https://job-boards.greenhouse.io/gitlab/jobs/8648304002"
"1025","8616005002","3","Senior Customer Success Manager- Public Sector","US","Customer Success - PubSec","United States of America","Senior","Unspecified","Full-time","Remote","Customer Success","2026-07-07T16:23:44-04:00","2026-08-31T17:56:36-04:00","https://job-boards.greenhouse.io/gitlab/jobs/8616005002"
"1026","8604996002","3","Senior Customer Success Operations Manager","US","Field Operations","United States of America","Senior","4+ years","Full-time","Remote","Operations","2026-06-25T12:29:11-04:00","2026-08-31T17:56:36-04:00","https://job-boards.greenhouse.io/gitlab/jobs/8604996002"
"1027","8647506002","3","Senior Director, Associate General Counsel","United States","Legal","Not Specified","Associate","8+ years","Full-time","Remote","Legal","2026-07-23T13:50:11-04:00","2026-08-31T17:56:36-04:00","https://job-boards.greenhouse.io/gitlab/jobs/8647506002"
"1028","8700587002","3","Senior Director, Internal Audit","United States","Internal Audit","United States of America","Intern","Unspecified","Full-time","Remote","Finance","2026-08-13T10:22:12-04:00","2026-08-31T17:56:36-04:00","https://job-boards.greenhouse.io/gitlab/jobs/8700587002"
"1029","8592710002","3","Senior Director, People Business Partner","US","People Business Partners","United States of America","Senior","Unspecified","Full-time","Remote","Operations","2026-07-09T10:03:22-04:00","2026-08-31T17:56:36-04:00","https://job-boards.greenhouse.io/gitlab/jobs/8592710002"
"1030","8686820002","3","Senior Director, Revenue Analytics","United States","Field Operations","United States of America","Senior","Unspecified","Full-time","Remote","Data","2026-08-06T10:27:52-04:00","2026-08-31T17:56:36-04:00","https://job-boards.greenhouse.io/gitlab/jobs/8686820002"
"1031","8744318002","3","Senior Ecosystem Sales Manager","India","Alliances and Channel","India","Senior","15+ years","Full-time","Remote","Sales","2026-08-25T23:17:41-04:00","2026-08-31T17:56:36-04:00","https://job-boards.greenhouse.io/gitlab/jobs/8744318002"
"1032","8640173002","3","Senior Ecosystem Sales Manager, Japan","Japan","Alliances and Channel","Japan","Senior","15+ years","Full-time","Remote","Sales","2026-07-28T23:23:43-04:00","2026-08-31T17:56:36-04:00","https://job-boards.greenhouse.io/gitlab/jobs/8640173002"
"1033","8725981002","3","Senior Engagement Manager - Germany","Germany","Practice Management","Germany","Senior","Unspecified","Full-time","Remote","Uncategorized","2026-08-19T04:50:48-04:00","2026-08-31T17:56:36-04:00","https://job-boards.greenhouse.io/gitlab/jobs/8725981002"
"1034","8626290002","3","Senior Engineering Manager, Non-Linear Productivity","Canada;United Kingdom;US","Architecture Engineering","Not Specified","Senior","Unspecified","Full-time","Remote","Engineering","2026-07-13T12:25:24-04:00","2026-08-31T17:56:36-04:00","https://job-boards.greenhouse.io/gitlab/jobs/8626290002"
"1035","8731564002","3","Senior FP&A Analyst, Cloud Hosting","Canada;United States","FP&A","Not Specified","Senior","Unspecified","Full-time","Remote","Uncategorized","2026-08-25T11:00:31-04:00","2026-08-31T17:56:36-04:00","https://job-boards.greenhouse.io/gitlab/jobs/8731564002"
"1036","8621204002","3","Senior FP&A Analyst, Corporate Finance","Canada;United States","FP&A","Canada","Senior","Unspecified","Full-time","Remote","Finance","2026-07-16T10:35:23-04:00","2026-08-31T17:56:36-04:00","https://job-boards.greenhouse.io/gitlab/jobs/8621204002"
"1037","8636539002","3","Senior Frontend Engineer (Vue), Create:  Repository Management","United Kingdom","DevOps Engineering","United Kingdom","Senior","Unspecified","Full-time","Remote","Engineering","2026-08-13T15:35:23-04:00","2026-08-31T17:56:36-04:00","https://job-boards.greenhouse.io/gitlab/jobs/8636539002"
"1038","8697493002","3","Senior Fullstack Engineer, Marketing","United Kingdom","Digital Experience","Not Specified","Senior","Unspecified","Full-time","Remote","Engineering","2026-08-11T18:50:24-04:00","2026-08-31T17:56:36-04:00","https://job-boards.greenhouse.io/gitlab/jobs/8697493002"
"1039","8632005002","3","Senior Hyperscaler Operations Manager","Canada;US","Field Operations","Not Specified","Senior","6+ years","Full-time","Remote","Operations","2026-07-14T18:12:11-04:00","2026-08-31T17:56:36-04:00","https://job-boards.greenhouse.io/gitlab/jobs/8632005002"
"1040","8643077002","3","Senior Internal Auditor, Technology","Canada;United States","Internal Audit","NA","Intern","Unspecified","Full-time","Remote","Finance","2026-07-24T16:18:08-04:00","2026-08-31T17:56:36-04:00","https://job-boards.greenhouse.io/gitlab/jobs/8643077002"
"1041","8637075002","3","Senior Lifecycle Marketing Manager","Canada;United States","Digital Marketing","Not Specified","Senior","5+ years","Full-time","Remote","Marketing","2026-07-16T18:57:59-04:00","2026-08-31T17:56:36-04:00","https://job-boards.greenhouse.io/gitlab/jobs/8637075002"
"1042","8642850002","3","Senior Manager, Internal Audit - Audit Automation & Technology Risk","Bangalore, India","Internal Audit","India","Intern","Unspecified","Full-time","Remote","Finance","2026-07-24T12:38:17-04:00","2026-08-31T17:56:36-04:00","https://job-boards.greenhouse.io/gitlab/jobs/8642850002"
"1043","8597826002","3","Senior Manager, Product Management: Agentic Software Delivery","Canada;US","Core DevOps","Not Specified","Senior","Unspecified","Full-time","Remote","Uncategorized","2026-07-02T17:08:40-04:00","2026-08-31T17:56:36-04:00","https://job-boards.greenhouse.io/gitlab/jobs/8597826002"
"1044","8722934002","3","Senior Manager, Product Security Engineering (Security Posture & Supply Chain)","Canada;Israel;United Kingdom;United States","Product Security","Not Specified","Senior","Unspecified","Full-time","Remote","Engineering","2026-08-20T18:11:09-04:00","2026-08-31T17:56:36-04:00","https://job-boards.greenhouse.io/gitlab/jobs/8722934002"
"1045","8627764002","3","Senior Manager, Solutions Architect - Australia & New Zealand","Australia","SA","Australia","Senior","Unspecified","Full-time","Remote","Solutions Architecture","2026-07-21T05:17:16-04:00","2026-08-31T17:56:36-04:00","https://job-boards.greenhouse.io/gitlab/jobs/8627764002"
"1046","8710061002","3","Senior Migration Engineer - GitLab Dedicated","United States","Dedicated Migrations","United States of America","Senior","Unspecified","Full-time","Remote","Engineering","2026-08-19T15:47:04-04:00","2026-08-31T17:56:36-04:00","https://job-boards.greenhouse.io/gitlab/jobs/8710061002"
"1047","8627798002","3","Senior Named Account Executive - DACH","Germany","EMEA - Commercial","Germany","Senior","Unspecified","Full-time","Remote","Sales","2026-07-13T10:42:12-04:00","2026-08-31T17:56:36-04:00","https://job-boards.greenhouse.io/gitlab/jobs/8627798002"
"1048","8617615002","3","Senior People Analytics Analyst","United States","Engagement","United States of America","Senior","Unspecified","Full-time","Remote","Data","2026-07-29T14:05:33-04:00","2026-08-31T17:56:36-04:00","https://job-boards.greenhouse.io/gitlab/jobs/8617615002"
"1049","8617848002","3","Senior People Business Partner, Product & Marketing","United States","People Business Partners","United States of America","Senior","Unspecified","Full-time","Remote","Marketing","2026-07-16T16:33:27-04:00","2026-08-31T17:56:36-04:00","https://job-boards.greenhouse.io/gitlab/jobs/8617848002"
"1050","8464608002","3","Senior Product Designer, AI","Canada;US","Product Design","Not Specified","Senior","Unspecified","Full-time","Remote","Product","2026-03-19T11:45:39-04:00","2026-08-31T17:56:36-04:00","https://job-boards.greenhouse.io/gitlab/jobs/8464608002"
"1051","8684348002","3","Senior Product Manager, Growth","Canada;United States","Office of CPO","Not Specified","Senior","Unspecified","Full-time","Remote","Product","2026-08-06T15:04:04-04:00","2026-08-31T17:56:36-04:00","https://job-boards.greenhouse.io/gitlab/jobs/8684348002"
"1052","8697043002","3","Senior Product Manager, Secret Detection and Vulnerability Research","United States","Security & Compliance","Not Specified","Senior","Unspecified","Full-time","Remote","Product","2026-08-17T16:39:41-04:00","2026-08-31T17:56:36-04:00","https://job-boards.greenhouse.io/gitlab/jobs/8697043002"
"1053","8597805002","3","Senior Product Manager, Source Code","Canada;US","Core DevOps","Not Specified","Senior","Unspecified","Full-time","Remote","Product","2026-07-07T16:49:09-04:00","2026-08-31T17:56:36-04:00","https://job-boards.greenhouse.io/gitlab/jobs/8597805002"
"1054","8512220002","3","Senior Product Manager, Tenant Scale","Canada;US","Platforms","Not Specified","Senior","Unspecified","Full-time","Remote","Product","2026-04-29T13:26:12-04:00","2026-08-31T17:56:36-04:00","https://job-boards.greenhouse.io/gitlab/jobs/8512220002"
"1055","8745623002","3","Senior Professional Services Engineer","Italy;Netherlands;Spain","Consulting Delivery","EMEA","Senior","Unspecified","Full-time","Remote","Engineering","2026-08-26T02:03:45-04:00","2026-08-31T17:56:36-04:00","https://job-boards.greenhouse.io/gitlab/jobs/8745623002"
"1056","8623542002","3","Senior Professional Services Engineer - Japan","Japan","Customer Experience","Japan","Senior","Unspecified","Full-time","Remote","Engineering","2026-07-09T02:57:34-04:00","2026-08-31T17:56:36-04:00","https://job-boards.greenhouse.io/gitlab/jobs/8623542002"
"1057","8622433002","3","Senior Professional Services Project Manager (EMEA)","Ireland;Netherlands;United Kingdom","Consulting Delivery","Ireland","Senior","Unspecified","Full-time","Remote","Program Management","2026-07-22T05:41:37-04:00","2026-08-31T17:56:36-04:00","https://job-boards.greenhouse.io/gitlab/jobs/8622433002"
"1058","8742113002","3","Senior Program Manager, Enterprise Technology & AI","United States","Enterprise Applications","United States of America","Senior","7+ years","Full-time","Remote","Program Management","2026-08-25T19:14:29-04:00","2026-08-31T17:56:36-04:00","https://job-boards.greenhouse.io/gitlab/jobs/8742113002"
"1059","8687246002","3","Senior Program Manager, Enterprise Technology and AI","Poland","Enterprise Applications","EMEA","Senior","6+ years","Full-time","Remote","Program Management","2026-08-19T11:40:19-04:00","2026-08-31T17:56:36-04:00","https://job-boards.greenhouse.io/gitlab/jobs/8687246002"
"1060","8645879002","3","Senior Renewal Operations Manager","Canada;United States","Field Operations","Not Specified","Senior","5+ years","Full-time","Remote","Operations","2026-07-23T12:49:37-04:00","2026-08-31T17:56:36-04:00","https://job-boards.greenhouse.io/gitlab/jobs/8645879002"
"1061","8616308002","3","Senior Revenue Analytics Analyst","Canada;US","Field Operations","Canada","Senior","Unspecified","Full-time","Remote","Data","2026-07-13T13:37:11-04:00","2026-08-31T17:56:36-04:00","https://job-boards.greenhouse.io/gitlab/jobs/8616308002"
"1062","8628447002","3","Senior Security Engineer, Security Incident Response Team (SIRT) - EMEA","Israel;Poland;United Kingdom","Security Operations","Not Specified","Senior","Unspecified","Full-time","Remote","Engineering","2026-07-10T16:02:45-04:00","2026-08-31T17:56:36-04:00","https://job-boards.greenhouse.io/gitlab/jobs/8628447002"
"1063","8721124002","3","Senior Software Engineer","Bangalore, India","Sec Engineering","India","Senior","Unspecified","Full-time","Remote","Engineering","2026-08-24T19:07:44-04:00","2026-08-31T17:56:36-04:00","https://job-boards.greenhouse.io/gitlab/jobs/8721124002"
"1064","8614945002","3","Senior Software Engineer (RoR/Go), SSCS: Authentication","Canada;United States","Sec Engineering","United States of America","Senior","Unspecified","Full-time","Remote","Engineering","2026-07-02T14:41:00-04:00","2026-08-31T17:56:36-04:00","https://job-boards.greenhouse.io/gitlab/jobs/8614945002"
"1065","8693103002","3","Senior Software Engineer (Typescript), AI Clients: Duo CLI","United Kingdom","AI Engineering","Not Specified","Senior","Unspecified","Full-time","Remote","Engineering","2026-08-12T06:18:36-04:00","2026-08-31T17:56:36-04:00","https://job-boards.greenhouse.io/gitlab/jobs/8693103002"
"1066","8749952002","3","Senior Software Engineer (Typescript), AI Clients: Duo CLI","Poland","AI Engineering","Not Specified","Senior","Unspecified","Full-time","Remote","Engineering","2026-08-26T07:12:11-04:00","2026-08-31T17:56:36-04:00","https://job-boards.greenhouse.io/gitlab/jobs/8749952002"
"1067","8637549002","3","Senior Software Security Engineer","Bangalore, India;Canada;Israel;United Kingdom;United States","Security Operations","Not Specified","Senior","Unspecified","Full-time","Remote","Engineering","2026-07-21T09:45:22-04:00","2026-08-31T17:56:36-04:00","https://job-boards.greenhouse.io/gitlab/jobs/8637549002"
"1068","8611764002","3","Senior Solutions Architect","United Kingdom","SA","United Kingdom","Senior","8+ years","Full-time","Remote","Solutions Architecture","2026-06-30T09:49:28-04:00","2026-08-31T17:56:36-04:00","https://job-boards.greenhouse.io/gitlab/jobs/8611764002"
"1069","8476375002","3","Senior Solutions Architect - AI & Platforms SME","Australia;Singapore","SA","Australia","Senior","Unspecified","Full-time","Remote","Solutions Architecture","2026-03-24T19:46:42-04:00","2026-08-31T17:56:36-04:00","https://job-boards.greenhouse.io/gitlab/jobs/8476375002"
"1070","8627772002","3","Senior Solutions Architect- Australia and New Zealand","Australia","SA","Australia","Senior","Unspecified","Full-time","Remote","Solutions Architecture","2026-07-21T21:23:21-04:00","2026-08-31T17:56:36-04:00","https://job-boards.greenhouse.io/gitlab/jobs/8627772002"
"1071","8627207002","3","Senior Solutions Architect - East","US","SA","NA","Senior","Unspecified","Full-time","Remote","Solutions Architecture","2026-08-05T12:03:58-04:00","2026-08-31T17:56:36-04:00","https://job-boards.greenhouse.io/gitlab/jobs/8627207002"
"1072","8627768002","3","Senior Solutions Architect (Singapore)","Singapore","SA","Singapore","Senior","Unspecified","Full-time","Remote","Solutions Architecture","2026-08-17T02:24:31-04:00","2026-08-31T17:56:36-04:00","https://job-boards.greenhouse.io/gitlab/jobs/8627768002"
"1073","8627022002","3","Senior Solutions Architect - Turkey","Turkey","SA","EMEA","Senior","Unspecified","Full-time","Remote","Solutions Architecture","2026-07-13T15:21:48-04:00","2026-08-31T17:56:36-04:00","https://job-boards.greenhouse.io/gitlab/jobs/8627022002"
"1074","8742248002","3","Senior Strategic Account Executive - California","United States","AMER - Enterprise","Not Specified","Senior","Unspecified","Full-time","Remote","Sales","2026-08-26T14:40:24-04:00","2026-08-31T17:56:36-04:00","https://job-boards.greenhouse.io/gitlab/jobs/8742248002"
"1075","8692880002","3","Senior Support Engineer","South Korea","Customer Support","Korea, Republic of","Senior","Unspecified","Full-time","Remote","Engineering","2026-08-18T11:27:32-04:00","2026-08-31T17:56:36-04:00","https://job-boards.greenhouse.io/gitlab/jobs/8692880002"
"1076","8692874002","3","Senior Support Engineer","Bangalore, India","Customer Support","India","Senior","Unspecified","Full-time","Remote","Engineering","2026-08-18T05:16:27-04:00","2026-08-31T17:56:36-04:00","https://job-boards.greenhouse.io/gitlab/jobs/8692874002"
"1077","8588547002","3","Senior TA Operations Specialist","US","Talent Acquisition","United States of America","Senior","Unspecified","Full-time","Remote","Operations","2026-06-11T14:01:55-04:00","2026-08-31T17:56:36-04:00","https://job-boards.greenhouse.io/gitlab/jobs/8588547002"
"1078","8675124002","3","Senior Team Member Relations Partner","Canada;United States","People Business Partners","NA","Senior","Unspecified","Full-time","Remote","Uncategorized","2026-08-11T10:17:21-04:00","2026-08-31T17:56:36-04:00","https://job-boards.greenhouse.io/gitlab/jobs/8675124002"
"1079","8623389002","3","Site Reliability Engineer, Intermediate to Senior Staff — Infrastructure Platforms","Canada;United Kingdom;US","Platforms Engineering","EMEA","Senior","Unspecified","Full-time","Remote","Engineering","2026-07-10T22:45:49-04:00","2026-08-31T17:56:36-04:00","https://job-boards.greenhouse.io/gitlab/jobs/8623389002"
"1080","8611767002","3","Solutions Architect","United Kingdom","SA","United Kingdom","Unspecified","4+ years","Full-time","Remote","Solutions Architecture","2026-06-30T09:50:39-04:00","2026-08-31T17:56:36-04:00","https://job-boards.greenhouse.io/gitlab/jobs/8611767002"
"1081","8656506002","3","Solutions Architect - France","France","SA","France","Unspecified","4+ years","Full-time","Remote","Solutions Architecture","2026-07-30T11:23:03-04:00","2026-08-31T17:56:36-04:00","https://job-boards.greenhouse.io/gitlab/jobs/8656506002"
"1082","8611700002","3","Solutions Architect - MENA","KSA;UAE","SA","EMEA","Unspecified","5+ years","Full-time","Remote","Solutions Architecture","2026-07-20T07:59:55-04:00","2026-08-31T17:56:36-04:00","https://job-boards.greenhouse.io/gitlab/jobs/8611700002"
"1083","8646544002","3","Staff Backend Engineer, Architecture Engineering: Nonlinear Productivity","Canada;United States","Architecture Engineering","Canada","Staff","Unspecified","Full-time","Remote","Engineering","2026-08-05T20:44:04-04:00","2026-08-31T17:56:36-04:00","https://job-boards.greenhouse.io/gitlab/jobs/8646544002"
"1084","8716271002","3","Staff Backend Engineer - Database Change Management","Bangalore, India","Data Engineering","India","Staff","Unspecified","Full-time","Remote","Engineering","2026-08-24T07:37:45-04:00","2026-08-31T17:56:36-04:00","https://job-boards.greenhouse.io/gitlab/jobs/8716271002"
"1085","8490477002","3","Staff Backend Engineer, Developer Experience","Canada;United Kingdom;US","Platforms Engineering","Not Specified","Staff","Unspecified","Full-time","Remote","Engineering","2026-04-07T15:23:23-04:00","2026-08-31T17:56:36-04:00","https://job-boards.greenhouse.io/gitlab/jobs/8490477002"
"1086","8463922002","3","Staff Backend Engineer, Gitlab Delivery: Upgrades","Bangalore, India","Platforms Engineering","Not Specified","Staff","Unspecified","Full-time","Remote","Engineering","2026-03-22T03:10:27-04:00","2026-08-31T17:56:36-04:00","https://job-boards.greenhouse.io/gitlab/jobs/8463922002"
"1087","8488961002","3","Staff Backend Engineer (Go), Events Platform","Bangalore, India","DevOps Engineering","India","Staff","Unspecified","Full-time","Remote","Engineering","2026-04-08T09:47:49-04:00","2026-08-31T17:56:36-04:00","https://job-boards.greenhouse.io/gitlab/jobs/8488961002"
"1088","8615268002","3","Staff Backend Engineer - Monitoring and Anomaly Detection (Monetization)","Bangalore, India","Data Engineering","India","Staff","Unspecified","Full-time","Remote","Engineering","2026-08-16T09:04:52-04:00","2026-08-31T17:56:36-04:00","https://job-boards.greenhouse.io/gitlab/jobs/8615268002"
"1089","8646573002","3","Staff Backend Engineer (Ruby), AI Engineering: DAP Repository Flows","Canada;United States","AI Engineering","Canada","Staff","Unspecified","Full-time","Remote","Engineering","2026-08-07T21:00:24-04:00","2026-08-31T17:56:36-04:00","https://job-boards.greenhouse.io/gitlab/jobs/8646573002"
"1090","8448283002","3","Staff Backend Engineer (Ruby on Rails/AI), Verify","United Kingdom","DevOps Engineering","Not Specified","Staff","Unspecified","Full-time","Remote","Engineering","2026-03-09T13:37:49-04:00","2026-08-31T17:56:36-04:00","https://job-boards.greenhouse.io/gitlab/jobs/8448283002"
"1091","8480559002","3","Staff Backend Engineer,  Software Supply Chain Security","Bangalore, India","Sec Engineering","India","Staff","Unspecified","Full-time","Remote","Engineering","2026-04-10T19:10:10-04:00","2026-08-31T17:56:36-04:00","https://job-boards.greenhouse.io/gitlab/jobs/8480559002"
"1092","8734888002","3","Staff Corporate Security Engineer","Canada;United States","Corporate Security","Not Specified","Staff","Unspecified","Full-time","Remote","Engineering","2026-08-24T15:52:44-04:00","2026-08-31T17:56:36-04:00","https://job-boards.greenhouse.io/gitlab/jobs/8734888002"
"1093","8638295002","3","Staff Engineer, People Technology","Canada;United States","People Operations","NA","Staff","Unspecified","Full-time","Remote","Engineering","2026-07-22T12:58:09-04:00","2026-08-31T17:56:36-04:00","https://job-boards.greenhouse.io/gitlab/jobs/8638295002"
"1094","8512432002","3","Staff Forward Deployed Engineer","US","Customer Experience","United States of America","Staff","Unspecified","Full-time","Remote","Engineering","2026-07-20T16:13:39-04:00","2026-08-31T17:56:36-04:00","https://job-boards.greenhouse.io/gitlab/jobs/8512432002"
"1095","8613165002","3","Staff Fullstack Engineer - Data Products","Bangalore, India","Data Engineering","India","Staff","Unspecified","Full-time","Remote","Engineering","2026-07-10T03:20:59-04:00","2026-08-31T17:56:36-04:00","https://job-boards.greenhouse.io/gitlab/jobs/8613165002"
"1096","8623763002","3","Staff Fullstack Engineer - Data Products","Bangalore, India","Data Engineering","India","Staff","Unspecified","Full-time","Remote","Engineering","2026-07-13T02:27:52-04:00","2026-08-31T17:56:36-04:00","https://job-boards.greenhouse.io/gitlab/jobs/8623763002"
"1097","8739391002","3","Staff Fullstack Engineer (Ruby/Vue.js) Monetization Engineering: Purchase","Canada;United States","Monetization Engineering","Canada","Staff","Unspecified","Full-time","Remote","Engineering","2026-08-31T20:09:38-04:00","2026-08-31T20:14:55-04:00","https://job-boards.greenhouse.io/gitlab/jobs/8739391002"
"1098","8574978002","3","Staff HRIS Analyst, People Technology - Workday","US","People Operations","NA","Staff","Unspecified","Full-time","Remote","HR","2026-06-08T15:53:12-04:00","2026-08-31T17:56:36-04:00","https://job-boards.greenhouse.io/gitlab/jobs/8574978002"
"1099","8514960002","3","Staff Infrastructure Security Engineer","India;Israel;United Kingdom;US","Product Security","Not Specified","Staff","Unspecified","Full-time","Remote","Engineering","2026-04-27T12:03:04-04:00","2026-08-31T17:56:36-04:00","https://job-boards.greenhouse.io/gitlab/jobs/8514960002"
"1100","8610952002","3","Staff Lifecycle Marketing Manager","Canada;US","Digital Marketing","Not Specified","Staff","7+ years","Full-time","Remote","Marketing","2026-06-29T12:30:32-04:00","2026-08-31T17:56:36-04:00","https://job-boards.greenhouse.io/gitlab/jobs/8610952002"
"1101","8612937002","3","Staff Product Manager,  RevOps & Finance Systems","US","Enterprise Applications","United States of America","Staff","8+ years","Full-time","Remote","Product","2026-07-08T08:39:12-04:00","2026-08-31T17:56:36-04:00","https://job-boards.greenhouse.io/gitlab/jobs/8612937002"
"1102","8761409002","3","Staff Security Engineer, IAM","Canada;United States","Corporate Security","Not Specified","Staff","Unspecified","Full-time","Remote","Engineering","2026-08-31T09:32:09-04:00","2026-08-31T17:56:36-04:00","https://job-boards.greenhouse.io/gitlab/jobs/8761409002"
"1103","8632446002","3","Staff Software Engineer","Bangalore, India","Sec Engineering","India","Staff","Unspecified","Full-time","Remote","Engineering","2026-08-24T18:47:00-04:00","2026-08-31T17:56:36-04:00","https://job-boards.greenhouse.io/gitlab/jobs/8632446002"
"1104","8705017002","3","Staff Systems Engineer, IT","United States","Corporate IT","Not Specified","Staff","Unspecified","Full-time","Remote","Engineering","2026-08-17T18:23:26-04:00","2026-08-31T17:56:36-04:00","https://job-boards.greenhouse.io/gitlab/jobs/8705017002"
"1105","8604630002","3","Strategic Account Executive, AI - San Francisco","US","AMER - Enterprise","United States of America","Unspecified","Unspecified","Full-time","Remote","Sales","2026-07-01T14:12:19-04:00","2026-08-31T17:56:36-04:00","https://job-boards.greenhouse.io/gitlab/jobs/8604630002"
"1106","8520248002","3","Strategic Account Executive, Germany (Ent Industry)","Germany","EMEA - Enterprise","Germany","Unspecified","Unspecified","Full-time","Remote","Sales","2026-05-13T04:43:08-04:00","2026-08-31T17:56:36-04:00","https://job-boards.greenhouse.io/gitlab/jobs/8520248002"
"1107","8637995002","3","Strategic Account Executive - MENA","KSA;UAE","EMEA - Enterprise","Not Specified","Unspecified","Unspecified","Full-time","Remote","Sales","2026-07-22T05:52:22-04:00","2026-08-31T17:56:36-04:00","https://job-boards.greenhouse.io/gitlab/jobs/8637995002"
"1108","8675560002","3","Strategic Account Executive, Poland","","EMEA - Enterprise","Germany","Unspecified","Unspecified","Full-time","Remote","Sales","2026-08-10T07:18:09-04:00","2026-08-31T17:56:36-04:00","https://job-boards.greenhouse.io/gitlab/jobs/8675560002"
"1109","8706202002","3","Strategic Account Executive - Seattle","United States","AMER - Enterprise","United States of America","Unspecified","Unspecified","Full-time","Remote","Sales","2026-08-17T13:42:34-04:00","2026-08-31T17:56:36-04:00","https://job-boards.greenhouse.io/gitlab/jobs/8706202002"
"1110","8555134002","3","Strategic Account Executive - South Africa","United Arab Emirates","EMEA - Enterprise","United Arab Emirates","Unspecified","Unspecified","Full-time","Remote","Sales","2026-05-26T09:52:07-04:00","2026-08-31T17:56:36-04:00","https://job-boards.greenhouse.io/gitlab/jobs/8555134002"
"1111","8656848002","3","Strategic Account Executive, Southeast","United States","AMER - Enterprise","United States of America","Unspecified","Unspecified","Full-time","Remote","Sales","2026-07-31T17:08:56-04:00","2026-08-31T17:56:36-04:00","https://job-boards.greenhouse.io/gitlab/jobs/8656848002"
"1112","8617751002","3","Strategic Account Executive - Turkey","Ireland;France;Germany;Italy;Spain;United Kingdom","EMEA - Commercial","France","Unspecified","Unspecified","Full-time","Remote","Sales","2026-07-16T04:30:59-04:00","2026-08-31T17:56:36-04:00","https://job-boards.greenhouse.io/gitlab/jobs/8617751002"
"1113","8609979002","3","Strategic Account Executive - Turkey","Turkey","EMEA - Enterprise","EMEA","Unspecified","Unspecified","Full-time","Remote","Sales","2026-07-17T08:53:06-04:00","2026-08-31T17:56:36-04:00","https://job-boards.greenhouse.io/gitlab/jobs/8609979002"
"1114","8654230002","3","Support Engineer (AMER)","Canada;United States","Customer Support","NA","Unspecified","Unspecified","Full-time","Remote","Engineering","2026-07-31T14:26:58-04:00","2026-08-31T17:56:36-04:00","https://job-boards.greenhouse.io/gitlab/jobs/8654230002"
"1115","8707353002","3","Support Engineer, U.S. Government Support","United States","Customer Success - PubSec","Federal","Unspecified","Unspecified","Full-time","Remote","Engineering","2026-08-21T13:48:35-04:00","2026-08-31T17:56:36-04:00","https://job-boards.greenhouse.io/gitlab/jobs/8707353002"
"1116","8628780002","3","Support Engineer, U.S. Government Support","US","Customer Success - PubSec","Federal","Unspecified","Unspecified","Full-time","Remote","Engineering","2026-07-14T15:14:38-04:00","2026-08-31T17:56:36-04:00","https://job-boards.greenhouse.io/gitlab/jobs/8628780002"
"1117","8638246002","3","Tech Operations Specialist","United States","Enablement","Not Specified","Unspecified","Unspecified","Full-time","Remote","Operations","2026-07-22T13:32:20-04:00","2026-08-31T17:56:36-04:00","https://job-boards.greenhouse.io/gitlab/jobs/8638246002"
"1118","8591223002","3","Territory Sales Manager","Japan","JAPAN - Enterprise","Japan","Manager","Unspecified","Full-time","Remote","Sales","2026-08-05T21:17:30-04:00","2026-08-31T17:56:36-04:00","https://job-boards.greenhouse.io/gitlab/jobs/8591223002"
"1119","8510676002","3","Vice President, Data & Insights","US","Data","Not Specified","VP","12+ years","Full-time","Remote","Uncategorized","2026-04-17T14:19:03-04:00","2026-08-31T17:56:36-04:00","https://job-boards.greenhouse.io/gitlab/jobs/8510676002"
"1120","7318558","4","Account Development Representative","Gurugram","Sales Development","Gurugram","Unspecified","Unspecified","Unspecified","Remote","Uncategorized","2026-07-27T07:46:53-04:00","2026-08-26T00:35:04-04:00","https://www.mongodb.com/careers/job/?gh_jid=7318558"
"1121","8081378","4","Account Development Representative","Dublin, Ireland","Sales Development","Dublin","Unspecified","Unspecified","Internship","Remote","Uncategorized","2026-07-28T07:53:45-04:00","2026-08-29T00:40:33-04:00","https://www.mongodb.com/careers/job/?gh_jid=8081378"
"1122","7311234","4","Account Development Representative","Toronto","Sales Development","Toronto","Unspecified","Unspecified","Internship","Remote","Uncategorized","2025-10-13T10:51:11-04:00","2026-08-21T15:40:40-04:00","https://www.mongodb.com/careers/job/?gh_jid=7311234"
"1123","7318049","4","Account Development Representative","Mexico City","Sales Development","Mexico City","Unspecified","Unspecified","Internship","Remote","Uncategorized","2025-11-04T11:48:01-05:00","2026-08-21T15:40:40-04:00","https://www.mongodb.com/careers/job/?gh_jid=7318049"
"1124","7318466","4","Account Development Representative","Bengaluru","Sales Development","Bengaluru","Unspecified","Unspecified","Unspecified","Remote","Uncategorized","2026-07-22T09:12:25-04:00","2026-08-26T00:35:04-04:00","https://www.mongodb.com/careers/job/?gh_jid=7318466"
"1125","8079914","4","Account Development Representative - English Speaking","Kuala Lumpur","Sales Development","Kuala Lumpur","Unspecified","Unspecified","Unspecified","Remote","Uncategorized","2026-07-23T10:06:11-04:00","2026-08-21T15:40:40-04:00","https://www.mongodb.com/careers/job/?gh_jid=8079914"
"1126","7335567","4","Account Development Representative, French Speaking","Dublin","Sales Development","Dublin","Unspecified","Unspecified","Internship","Remote","Uncategorized","2026-02-04T07:26:20-05:00","2026-08-26T00:35:04-04:00","https://www.mongodb.com/careers/job/?gh_jid=7335567"
"1127","7337287","4","Account Development Representative, German Speaking","Dublin","Sales Development","Dublin","Unspecified","Unspecified","Internship","Remote","Uncategorized","2026-01-05T07:19:43-05:00","2026-08-26T00:35:04-04:00","https://www.mongodb.com/careers/job/?gh_jid=7337287"
"1128","7334938","4","Account Development Representative, Hebrew Speaking","Tel Aviv","Sales Development","Tel Aviv","Unspecified","Unspecified","Internship","Remote","Uncategorized","2025-10-21T03:36:16-04:00","2026-08-26T00:35:04-04:00","https://www.mongodb.com/careers/job/?gh_jid=7334938"
"1129","7338090","4","Account Development Representative, Italian Speaking","Dublin","Sales Development","Dublin","Unspecified","Unspecified","Internship","Remote","Uncategorized","2026-01-26T10:03:00-05:00","2026-08-26T00:35:04-04:00","https://www.mongodb.com/careers/job/?gh_jid=7338090"
"1130","7566671","4","Account Development Representative - Mandarin Speaking","Kuala Lumpur","Sales Development","Kuala Lumpur","Unspecified","Unspecified","Unspecified","Remote","Uncategorized","2026-04-02T11:47:56-04:00","2026-08-26T00:35:05-04:00","https://www.mongodb.com/careers/job/?gh_jid=7566671"
"1131","7335205","4","Account Development Representative, Spanish Speaking","Dublin","Sales Development","Dublin","Unspecified","Unspecified","Internship","Remote","Uncategorized","2026-01-06T05:53:30-05:00","2026-08-26T00:35:04-04:00","https://www.mongodb.com/careers/job/?gh_jid=7335205"
"1132","7746436","4","Account Development Representative - Thai Speaking","Malaysia","Sales Development","Kuala Lumpur","Unspecified","Unspecified","Unspecified","Remote","Uncategorized","2026-03-27T11:21:45-04:00","2026-08-26T00:35:05-04:00","https://www.mongodb.com/careers/job/?gh_jid=7746436"
"1133","7154017","4","Account Executive, Acquisition","Hong Kong","Sales Greater China","Hong Kong","Unspecified","4+ years","Unspecified","Remote","Sales","2025-08-08T00:57:22-04:00","2026-08-21T15:40:40-04:00","https://www.mongodb.com/careers/job/?gh_jid=7154017"
"1134","7870623","4","Account Executive, Acquisition/Growth","Bengaluru; Gurugram; Mumbai","Sales APAC (India)","Bengaluru","Unspecified","5+ years","Internship","Remote","Sales","2026-05-04T04:09:40-04:00","2026-08-21T15:40:40-04:00","https://www.mongodb.com/careers/job/?gh_jid=7870623"
"1135","7211619","4","Account Executive (Bahasa, Thai or Vietnamese Speaker)","Singapore","Sales APAC (ASEAN)","Singapore","Unspecified","5+ years","Unspecified","Remote","Sales","2025-09-01T02:44:16-04:00","2026-08-21T15:40:40-04:00","https://www.mongodb.com/careers/job/?gh_jid=7211619"
"1136","7217822","4","Account Executive, Growth","Zurich","Sales Growth EMEA","Zurich","Unspecified","3+ years","Unspecified","Remote","Sales","2025-10-07T07:16:43-04:00","2026-08-21T15:40:40-04:00","https://www.mongodb.com/careers/job/?gh_jid=7217822"
"1137","6531094","4","Account Executive, Growth","São Paulo","Sales LatAm","São Paulo","Unspecified","2+ years","Unspecified","Remote","Sales","2026-04-30T11:04:02-04:00","2026-08-21T15:40:40-04:00","https://www.mongodb.com/careers/job/?gh_jid=6531094"
"1138","8050418","4","Advisory Partner Solutions Architect","India","Solutions Architecture, Partners","Bengaluru","Unspecified","12+ years","Internship","Remote","Solutions Architecture","2026-07-14T05:27:00-04:00","2026-08-27T03:29:22-04:00","https://www.mongodb.com/careers/job/?gh_jid=8050418"
"1139","8119297","4","Advisory / Senior Solutions Architect","Seoul","Solutions Architecture, APAC","Seoul","Senior","12+ years","Unspecified","Remote","Solutions Architecture","2026-08-11T06:25:16-04:00","2026-08-21T15:40:40-04:00","https://www.mongodb.com/careers/job/?gh_jid=8119297"
"1140","7997764","4","Advisory Solutions Architect","Mexico City","Solutions Architecture, LATAM","Mexico City","Unspecified","11+ years","Unspecified","Remote","Solutions Architecture","2026-06-18T12:42:49-04:00","2026-08-30T00:32:05-04:00","https://www.mongodb.com/careers/job/?gh_jid=7997764"
"1141","8023912","4","Advisory Solutions Architect","Singapore","Solutions Architecture, APAC","Singapore","Unspecified","12+ years","Unspecified","Remote","Solutions Architecture","2026-06-26T03:57:37-04:00","2026-08-27T03:32:20-04:00","https://www.mongodb.com/careers/job/?gh_jid=8023912"
"1142","7615794","4","Associate Commercial Growth Account Executive","Austin","Commercial Growth","Austin","Associate","1+ years","Unspecified","Remote","Sales","2026-07-20T17:58:11-04:00","2026-08-21T15:40:40-04:00","https://www.mongodb.com/careers/job/?gh_jid=7615794"
"1143","8139166","4","Associate Legal Counsel","Dublin, Ireland","Legal & Risk Mgmt","Dublin","Associate","3+ years","Contract","Remote","Legal","2026-08-21T15:07:19-04:00","2026-08-24T11:58:15-04:00","https://www.mongodb.com/careers/job/?gh_jid=8139166"
"1144","8044218","4","Associate Technical Services Engineer II","Austin","Technical Support AMER","Austin","Associate","Unspecified","Internship","Remote","Engineering","2026-07-17T13:57:17-04:00","2026-08-21T15:40:40-04:00","https://www.mongodb.com/careers/job/?gh_jid=8044218"
"1145","7721092","4","Associate Technical Services Engineer II","Dublin, Ireland; Ireland","Technical Support EMEA","Dublin","Associate","Unspecified","Internship","Remote","Engineering","2026-03-20T05:42:49-04:00","2026-08-29T00:40:32-04:00","https://www.mongodb.com/careers/job/?gh_jid=7721092"
"1146","8054311","4","Associate Technical Services Engineer II","Brazil; São Paulo","Technical Support AMER","São Paulo","Associate","20+ years","Internship","Remote","Engineering","2026-07-17T17:16:29-04:00","2026-08-21T15:40:40-04:00","https://www.mongodb.com/careers/job/?gh_jid=8054311"
"1147","8097618","4","Associate TSE I","Bengaluru","Technical Support APAC","Bengaluru","Associate","Unspecified","Internship","Remote","Uncategorized","2026-07-31T06:08:47-04:00","2026-08-21T15:40:40-04:00","https://www.mongodb.com/careers/job/?gh_jid=8097618"
"1148","8089396","4","Associate TSE II","Gurugram","Technical Support APAC","Gurugram","Associate","4+ years","Internship","Remote","Uncategorized","2026-07-29T03:46:53-04:00","2026-08-21T15:40:40-04:00","https://www.mongodb.com/careers/job/?gh_jid=8089396"
"1149","8041640","4","Associate TSE II","Dublin, Ireland","Technical Support EMEA","Dublin","Associate","Unspecified","Internship","Remote","Uncategorized","2026-07-10T12:14:40-04:00","2026-08-29T00:40:32-04:00","https://www.mongodb.com/careers/job/?gh_jid=8041640"
"1150","8054102","4","Associate TSE II","Mexico City","Technical Support AMER","Mexico City","Associate","Unspecified","Internship","Remote","Uncategorized","2026-08-03T20:39:33-04:00","2026-08-29T00:37:17-04:00","https://www.mongodb.com/careers/job/?gh_jid=8054102"
"1151","8076090","4","Associate TSE II","Gurugram","Technical Support APAC","Gurugram","Associate","3+ years","Internship","Remote","Uncategorized","2026-07-27T09:41:41-04:00","2026-08-21T15:40:40-04:00","https://www.mongodb.com/careers/job/?gh_jid=8076090"
"1152","8089399","4","Associate TSE II","Bengaluru","Technical Support APAC","Bengaluru","Associate","Unspecified","Internship","Remote","Uncategorized","2026-07-31T06:12:35-04:00","2026-08-21T15:40:40-04:00","https://www.mongodb.com/careers/job/?gh_jid=8089399"
"1153","8110518","4","Associate TSE II","Bengaluru","Technical Support APAC","Bengaluru","Associate","Unspecified","Internship","Remote","Uncategorized","2026-08-11T06:12:27-04:00","2026-08-21T15:40:40-04:00","https://www.mongodb.com/careers/job/?gh_jid=8110518"
"1154","8113537","4","Associate TSE II","Sydney","Technical Support APAC","Sydney","Associate","20+ years","Internship","Remote","Uncategorized","2026-08-12T05:42:45-04:00","2026-08-21T15:40:40-04:00","https://www.mongodb.com/careers/job/?gh_jid=8113537"
"1155","7453323","4","Cloud Operations Engineer","Cork, Ireland; Dublin, Ireland","Cloud Operations","Dublin","Unspecified","2+ years","Internship","Remote","Engineering","2026-01-08T04:16:34-05:00","2026-08-21T15:40:40-04:00","https://www.mongodb.com/careers/job/?gh_jid=7453323"
"1156","8025824","4","Cloud Operations Engineer","Cork, Ireland; Dublin, Ireland","Cloud Operations","Dublin","Unspecified","2+ years","Internship","Remote","Engineering","2026-06-24T11:04:22-04:00","2026-08-21T15:40:40-04:00","https://www.mongodb.com/careers/job/?gh_jid=8025824"
"1157","8025827","4","Cloud Operations Engineer","Cork, Ireland; Dublin, Ireland","Cloud Operations","Dublin","Unspecified","2+ years","Internship","Remote","Engineering","2026-06-24T11:04:23-04:00","2026-08-21T15:40:40-04:00","https://www.mongodb.com/careers/job/?gh_jid=8025827"
"1158","8045688","4","Cloud Operations Engineer (2nd Shift, Weekend)","United States","Cloud Operations","Remote Colorado","Unspecified","2+ years","Unspecified","Remote","Engineering","2026-07-14T17:28:06-04:00","2026-08-29T00:34:59-04:00","https://www.mongodb.com/careers/job/?gh_jid=8045688"
"1159","8160426","4","Commercial Growth Account Executive","Toronto","Commercial Growth","Toronto","Unspecified","2+ years","Unspecified","Remote","Sales","2026-08-31T13:38:40-04:00","2026-08-31T13:38:40-04:00","https://www.mongodb.com/careers/job/?gh_jid=8160426"
"1160","8143761","4","Commercial Growth Account Executive - Acquisition","Tel Aviv","Commercial Growth","Tel Aviv","Unspecified","3+ years","Unspecified","Remote","Sales","2026-08-21T10:56:22-04:00","2026-08-21T15:40:40-04:00","https://www.mongodb.com/careers/job/?gh_jid=8143761"
"1161","7056256","4","Commercial Growth Account Executive (Arabic Speaker)","Cork, Ireland; Dublin, Ireland","Commercial Growth","Dublin","Unspecified","1+ years","Unspecified","Remote","Sales","2026-04-30T07:14:08-04:00","2026-08-21T15:40:40-04:00","https://www.mongodb.com/careers/job/?gh_jid=7056256"
"1162","8143614","4","Commercial Growth Account Executive (Dutch Speaker)","Dublin","Commercial Growth","Dublin","Unspecified","1+ years","Unspecified","Remote","Sales","2026-08-20T07:22:48-04:00","2026-08-21T15:40:40-04:00","https://www.mongodb.com/careers/job/?gh_jid=8143614"
"1163","7276216","4","Commercial Growth Account Executive (German Speaker)","Cork, Ireland; Dublin, Ireland","Commercial Growth","Berlin","Unspecified","1+ years","Unspecified","Remote","Sales","2025-09-25T09:20:51-04:00","2026-08-29T00:40:32-04:00","https://www.mongodb.com/careers/job/?gh_jid=7276216"
"1164","6826191","4","Commercial Growth, Account Executive - UKI Market","Cork, Ireland; Dublin, Ireland","Commercial Growth","Dublin","Unspecified","1+ years","Unspecified","Remote","Sales","2025-04-23T04:46:40-04:00","2026-08-29T00:40:31-04:00","https://www.mongodb.com/careers/job/?gh_jid=6826191"
"1165","8105037","4","Contract Sourcer","Dublin, Ireland","Early Talent Recruiting","Dublin","Unspecified","Unspecified","Contract","Remote","Uncategorized","2026-08-04T15:28:51-04:00","2026-08-21T15:40:40-04:00","https://www.mongodb.com/careers/job/?gh_jid=8105037"
"1166","8099122","4","Contract Sourcer","Gurugram","Early Talent Recruiting","Gurugram","Unspecified","Unspecified","Contract","Remote","Uncategorized","2026-08-03T03:25:08-04:00","2026-08-21T15:40:40-04:00","https://www.mongodb.com/careers/job/?gh_jid=8099122"
"1167","8121324","4","Coordinator, Shared Services","Gurugram","HR Operations","Gurugram","Chief","1+ years","Internship","Remote","Administration","2026-08-17T09:03:05-04:00","2026-08-29T00:40:31-04:00","https://www.mongodb.com/careers/job/?gh_jid=8121324"
"1168","8122664","4","Customer Advocate, Core Products, Office of the CPO","Austin; Chicago; New York City; United States; Washington DC","Core Products Leadership","New York City","Unspecified","10+ years","Internship","Remote","Uncategorized","2026-08-12T15:52:10-04:00","2026-08-21T15:40:40-04:00","https://www.mongodb.com/careers/job/?gh_jid=8122664"
"1169","7640985","4","Customer Success Manager","Japan","Customer Success APAC","Remote Japan","Manager","7+ years","Internship","Remote","Customer Success","2026-07-27T03:17:15-04:00","2026-08-21T15:40:40-04:00","https://www.mongodb.com/careers/job/?gh_jid=7640985"
"1170","8060800","4","Customer Success Manager","New York City","Customer Success Americas","New York City","Manager","7+ years","Internship","Remote","Customer Success","2026-07-14T13:56:31-04:00","2026-08-21T15:40:40-04:00","https://www.mongodb.com/careers/job/?gh_jid=8060800"
"1171","8158531","4","Customer Success Manager","Kuala Lumpur","Scaled Customer Success","Hong Kong","Manager","7+ years","Internship","Remote","Customer Success","2026-08-26T00:53:39-04:00","2026-08-29T00:32:33-04:00","https://www.mongodb.com/careers/job/?gh_jid=8158531"
"1172","8153054","4","Customer Success Manager","Hong Kong","Scaled Customer Success","Hong Kong","Manager","7+ years","Internship","Remote","Customer Success","2026-08-25T04:57:02-04:00","2026-08-29T00:32:33-04:00","https://www.mongodb.com/careers/job/?gh_jid=8153054"
"1173","8060669","4","Director, Escalation Management","Dublin, Ireland","Technical Support Escalation Management","Dublin","Director","10+ years","Internship","Remote","Uncategorized","2026-08-05T04:15:48-04:00","2026-08-21T15:40:40-04:00","https://www.mongodb.com/careers/job/?gh_jid=8060669"
"1174","7811458","4","Director, International Financial Compliance","Dublin","Controllership","Dublin","Intern","15+ years","Internship","Remote","Risk & Security","2026-04-22T09:18:04-04:00","2026-08-21T15:40:40-04:00","https://www.mongodb.com/careers/job/?gh_jid=7811458"
"1175","7942142","4","Director, ISV Partnerships","United States","Partner Programs","New York City","Director","10+ years","Internship","Remote","Partnerships","2026-05-26T10:36:12-04:00","2026-08-21T15:40:40-04:00","https://www.mongodb.com/careers/job/?gh_jid=7942142"
"1176","8077491","4","Director, Partner Programs","United States","Partner Programs","Palo Alto","Director","10+ years","Unspecified","Remote","Uncategorized","2026-07-24T16:29:53-04:00","2026-08-21T15:40:40-04:00","https://www.mongodb.com/careers/job/?gh_jid=8077491"
"1177","8066684","4","Director, Solutions Architecture","Bengaluru","Solutions Architecture, Partners","Bengaluru","Director","12+ years","Internship","Remote","Solutions Architecture","2026-07-16T06:01:18-04:00","2026-08-21T15:40:40-04:00","https://www.mongodb.com/careers/job/?gh_jid=8066684"
"1178","8069976","4","Director, Strategic Events","United States","Strategic Events","Austin","Director","12+ years","Unspecified","Remote","Marketing","2026-07-30T16:11:20-04:00","2026-08-21T15:40:40-04:00","https://www.mongodb.com/careers/job/?gh_jid=8069976"
"1179","8013287","4","Enablement Delivery Specialist","Chicago","GTM Enablement","Chicago","Unspecified","2+ years","Unspecified","Remote","Uncategorized","2026-07-01T14:55:28-04:00","2026-08-21T15:40:40-04:00","https://www.mongodb.com/careers/job/?gh_jid=8013287"
"1180","7974991","4","Enablement Delivery Specialist","Singapore","GTM Enablement","Remote Singapore","Unspecified","2+ years","Internship","Remote","Uncategorized","2026-06-15T07:39:10-04:00","2026-08-21T15:40:40-04:00","https://www.mongodb.com/careers/job/?gh_jid=7974991"
"1181","7861722","4","Engagement Manager","Seoul","PS Engagement Management","Seoul","Manager","5+ years","Internship","Remote","Uncategorized","2026-04-29T23:42:30-04:00","2026-08-21T15:40:40-04:00","https://www.mongodb.com/careers/job/?gh_jid=7861722"
"1182","7996557","4","Engagement Manager (Services Sales)","Amsterdam; Germany","PS Engagement Management","Frankfurt","Manager","5+ years","Internship","Remote","Sales","2026-07-15T06:42:00-04:00","2026-08-21T15:40:40-04:00","https://www.mongodb.com/careers/job/?gh_jid=7996557"
"1183","7982616","4","Engagement Manager (Services Sales)","Rome","PS Engagement Management","Rome","Manager","5+ years","Internship","Remote","Sales","2026-06-16T05:07:33-04:00","2026-08-21T15:40:40-04:00","https://www.mongodb.com/careers/job/?gh_jid=7982616"
"1184","7943868","4","Engineer 3 - GTM Tech","Gurugram","GTM Tech","Gurugram","Unspecified","6+ years","Unspecified","Remote","Engineering","2026-05-28T05:43:55-04:00","2026-08-21T15:40:40-04:00","https://www.mongodb.com/careers/job/?gh_jid=7943868"
"1185","8106167","4","Engineering Manager, AI Builder Experience","Gurugram","AI Builder Experience","Gurugram","Manager","8+ years","Temporary","Remote","Engineering","2026-08-06T11:15:24-04:00","2026-08-25T06:49:10-04:00","https://www.mongodb.com/careers/job/?gh_jid=8106167"
"1186","7698054","4","Engineering Manager, Server Networking Security (Rust)","Cork, Ireland; Dublin, Ireland","Clusters & Interfaces","Dublin","Manager","3+ years","Unspecified","Remote","Engineering","2026-03-23T05:20:27-04:00","2026-08-29T00:40:32-04:00","https://www.mongodb.com/careers/job/?gh_jid=7698054"
"1187","7921450","4","Enterprise Account Executive","Barcelona","Sales Growth EMEA","Barcelona","Unspecified","3+ years","Unspecified","Remote","Sales","2026-05-14T04:04:31-04:00","2026-08-29T00:40:33-04:00","https://www.mongodb.com/careers/job/?gh_jid=7921450"
"1188","7996801","4","Enterprise Account Executive","Germany","Sales Growth EMEA","Munich","Unspecified","3+ years","Unspecified","Remote","Sales","2026-06-10T10:36:38-04:00","2026-08-21T15:40:40-04:00","https://www.mongodb.com/careers/job/?gh_jid=7996801"
"1189","7160353","4","Enterprise Account Executive","Frankfurt","Sales Growth EMEA","Frankfurt","Unspecified","4+ years","Unspecified","Remote","Sales","2025-08-12T10:54:09-04:00","2026-08-21T15:40:40-04:00","https://www.mongodb.com/careers/job/?gh_jid=7160353"
"1190","7721659","4","Enterprise Account Executive","Amsterdam","Sales Growth EMEA","Amsterdam","Unspecified","4+ years","Unspecified","Remote","Sales","2026-03-16T12:39:34-04:00","2026-08-21T15:40:40-04:00","https://www.mongodb.com/careers/job/?gh_jid=7721659"
"1191","7607210","4","Enterprise Account Executive","London","Sales Growth EMEA","London","Unspecified","4+ years","Unspecified","Remote","Sales","2026-02-12T07:48:40-05:00","2026-08-21T15:40:40-04:00","https://www.mongodb.com/careers/job/?gh_jid=7607210"
"1192","7257330","4","Enterprise Account Executive","Madrid","Sales Growth EMEA","Madrid","Unspecified","4+ years","Unspecified","Remote","Sales","2025-09-18T06:27:56-04:00","2026-08-21T15:40:40-04:00","https://www.mongodb.com/careers/job/?gh_jid=7257330"
"1193","7256839","4","Enterprise Account Executive","Paris","Sales Growth EMEA","Paris","Unspecified","20+ years","Unspecified","Remote","Sales","2025-09-18T06:30:20-04:00","2026-08-21T15:40:40-04:00","https://www.mongodb.com/careers/job/?gh_jid=7256839"
"1194","7979277","4","Enterprise Account Executive","Munich","Sales Growth EMEA","Munich","Unspecified","3+ years","Unspecified","Remote","Sales","2026-06-03T11:18:57-04:00","2026-08-21T15:40:40-04:00","https://www.mongodb.com/careers/job/?gh_jid=7979277"
"1195","8153715","4","Enterprise Account Executive","London","Sales Growth EMEA","London","Unspecified","4+ years","Unspecified","Remote","Sales","2026-08-24T12:03:13-04:00","2026-08-29T00:40:31-04:00","https://www.mongodb.com/careers/job/?gh_jid=8153715"
"1196","7578590","4","Enterprise Account Executive","Dubai","Sales Growth EMEA","Dubai","Unspecified","5+ years","Unspecified","Remote","Sales","2026-01-30T10:56:59-05:00","2026-08-29T00:40:32-04:00","https://www.mongodb.com/careers/job/?gh_jid=7578590"
"1197","6587328","4","Enterprise Account Executive","Los Angeles","Sales Growth NAMER","Los Angeles","Unspecified","5+ years","Unspecified","Remote","Sales","2025-02-28T16:42:05-05:00","2026-08-21T15:40:40-04:00","https://www.mongodb.com/careers/job/?gh_jid=6587328"
"1198","7219459","4","Enterprise Account Executive","London","Sales Growth EMEA","London","Unspecified","4+ years","Unspecified","Remote","Sales","2025-09-04T04:18:48-04:00","2026-08-29T00:40:32-04:00","https://www.mongodb.com/careers/job/?gh_jid=7219459"
"1199","5607962","4","Enterprise Account Executive, Acquisition","Mexico City","Sales LatAm","Mexico City","Unspecified","3+ years","Unspecified","Remote","Sales","2024-01-10T09:10:50-05:00","2026-08-21T15:40:40-04:00","https://www.mongodb.com/careers/job/?gh_jid=5607962"
"1200","8079676","4","Enterprise Account Executive, Acquisition","Melbourne","Sales APAC (ANZ)","Melbourne","Unspecified","8+ years","Unspecified","Remote","Sales","2026-07-23T06:45:23-04:00","2026-08-21T15:40:40-04:00","https://www.mongodb.com/careers/job/?gh_jid=8079676"
"1201","8147941","4","Enterprise Account Executive, AI Natives","Paris","Sales Growth EMEA","Paris","Unspecified","2+ years","Unspecified","Remote","Sales","2026-08-31T07:19:08-04:00","2026-08-31T07:29:17-04:00","https://www.mongodb.com/careers/job/?gh_jid=8147941"
"1202","8147938","4","Enterprise Account Executive, AI Natives","London","Sales Growth EMEA","London","Unspecified","2+ years","Unspecified","Remote","Sales","2026-08-31T08:13:55-04:00","2026-08-31T08:13:55-04:00","https://www.mongodb.com/careers/job/?gh_jid=8147938"
"1203","8148004","4","Enterprise Account Executive, AI Natives","Amsterdam; Copenhagen; Stockholm","Sales Growth EMEA","Amsterdam","Unspecified","8+ years","Unspecified","Remote","Sales","2026-08-31T11:31:47-04:00","2026-08-31T11:34:16-04:00","https://www.mongodb.com/careers/job/?gh_jid=8148004"
"1204","8147945","4","Enterprise Account Executive, AI Natives","Berlin; Frankfurt; Munich; Zurich","Sales Growth EMEA","Zurich","Unspecified","8+ years","Unspecified","Remote","Sales","2026-08-31T07:30:16-04:00","2026-08-31T07:30:16-04:00","https://www.mongodb.com/careers/job/?gh_jid=8147945"
"1205","7955987","4","Enterprise Account Executive - Bahasa Speaker","Singapore","Sales APAC (ASEAN)","Singapore","Unspecified","8+ years","Unspecified","Remote","Sales","2026-06-17T06:20:07-04:00","2026-08-21T15:40:40-04:00","https://www.mongodb.com/careers/job/?gh_jid=7955987"
"1206","7211805","4","Enterprise Account Executive (Bahasa, Vietnamese and Thai speaker)","Singapore","Sales APAC (ASEAN)","Singapore","Unspecified","7+ years","Unspecified","Remote","Sales","2025-09-04T00:46:39-04:00","2026-08-21T15:40:40-04:00","https://www.mongodb.com/careers/job/?gh_jid=7211805"
"1207","7628750","4","Enterprise Account Executive (Cyber)","Tel Aviv","Sales Growth EMEA","Tel Aviv","Unspecified","5+ years","Unspecified","Remote","Sales","2026-02-18T12:49:48-05:00","2026-08-21T15:40:40-04:00","https://www.mongodb.com/careers/job/?gh_jid=7628750"
"1208","7028355","4","Enterprise Account Executive, Federal","Tysons","Sales US Public Sector","Austin","Unspecified","5+ years","Unspecified","Remote","Sales","2025-07-03T11:50:49-04:00","2026-08-21T15:40:40-04:00","https://www.mongodb.com/careers/job/?gh_jid=7028355"
"1209","6688075","4","Enterprise Account Executive, Growth","Taipei","Sales Greater China","Taipei","Unspecified","7+ years","Unspecified","Remote","Sales","2025-03-07T06:45:56-05:00","2026-08-21T15:40:40-04:00","https://www.mongodb.com/careers/job/?gh_jid=6688075"
"1210","7403891","4","Enterprise Account Executive, Growth","Melbourne","Sales APAC (ANZ)","Melbourne","Unspecified","8+ years","Unspecified","Remote","Sales","2025-11-17T18:42:51-05:00","2026-08-21T15:40:40-04:00","https://www.mongodb.com/careers/job/?gh_jid=7403891"
"1211","7362626","4","Enterprise Account Executive, Growth","Boston; New York City; Pennsylvania","Sales Growth NAMER","New York City","Unspecified","5+ years","Unspecified","Remote","Sales","2026-02-05T08:37:05-05:00","2026-08-21T15:40:40-04:00","https://www.mongodb.com/careers/job/?gh_jid=7362626"
"1212","7362411","4","Enterprise Account Executive, Growth","Ohio","Sales Growth NAMER","Remote Michigan","Unspecified","5+ years","Unspecified","Remote","Sales","2025-11-03T13:57:30-05:00","2026-08-21T15:40:40-04:00","https://www.mongodb.com/careers/job/?gh_jid=7362411"
"1213","7269518","4","Enterprise Account Executive, Growth","Montreal","Sales Growth NAMER","Remote Quebec","Unspecified","5+ years","Unspecified","Remote","Sales","2025-11-21T11:19:46-05:00","2026-08-21T15:40:40-04:00","https://www.mongodb.com/careers/job/?gh_jid=7269518"
"1214","7257122","4","Enterprise Account Executive, Growth","Madrid","Sales Growth EMEA","Madrid","Unspecified","4+ years","Unspecified","Remote","Sales","2025-09-17T10:38:25-04:00","2026-08-29T00:40:32-04:00","https://www.mongodb.com/careers/job/?gh_jid=7257122"
"1215","7256796","4","Enterprise Account Executive, Growth","Paris","Sales Growth EMEA","Paris","Unspecified","4+ years","Unspecified","Remote","Sales","2025-09-17T07:21:07-04:00","2026-08-29T00:40:32-04:00","https://www.mongodb.com/careers/job/?gh_jid=7256796"
"1216","7219021","4","Enterprise Account Executive, Growth","Berlin; Frankfurt; Munich","Sales Growth EMEA","Berlin","Unspecified","3+ years","Unspecified","Remote","Sales","2026-05-27T11:40:49-04:00","2026-08-29T00:40:32-04:00","https://www.mongodb.com/careers/job/?gh_jid=7219021"
"1217","7217805","4","Enterprise Account Executive, Growth","Zurich","Sales Growth EMEA","Zurich","Unspecified","3+ years","Unspecified","Remote","Sales","2025-09-03T05:52:32-04:00","2026-08-29T00:40:31-04:00","https://www.mongodb.com/careers/job/?gh_jid=7217805"
"1218","7191603","4","Enterprise Account Executive, Growth","Chicago","Sales Growth NAMER","Chicago","Unspecified","5+ years","Unspecified","Remote","Sales","2026-03-17T10:06:05-04:00","2026-08-21T15:40:40-04:00","https://www.mongodb.com/careers/job/?gh_jid=7191603"
"1219","8066559","4","Enterprise Account Executive, Growth","Auckland; Melbourne","Sales APAC (ANZ)","Melbourne","Unspecified","8+ years","Unspecified","Remote","Sales","2026-07-19T23:12:50-04:00","2026-08-21T15:40:40-04:00","https://www.mongodb.com/careers/job/?gh_jid=8066559"
"1220","7141759","4","Enterprise Account Executive, Growth","Toronto","Sales Growth NAMER","Toronto","Unspecified","5+ years","Unspecified","Remote","Sales","2025-09-05T13:09:04-04:00","2026-08-21T15:40:40-04:00","https://www.mongodb.com/careers/job/?gh_jid=7141759"
"1221","7032023","4","Enterprise Account Executive, Growth","New York City","Sales Growth NAMER","New York City","Unspecified","5+ years","Unspecified","Remote","Sales","2025-08-11T10:57:08-04:00","2026-08-21T15:40:40-04:00","https://www.mongodb.com/careers/job/?gh_jid=7032023"
"1222","8051197","4","Enterprise Account Executive, Growth","Dubai","Sales Growth EMEA","Dubai","Unspecified","5+ years","Unspecified","Remote","Sales","2026-07-22T08:56:04-04:00","2026-09-01T00:33:43-04:00","https://www.mongodb.com/careers/job/?gh_jid=8051197"
"1223","7031396","4","Enterprise Account Executive, Growth","Atlanta; Florida; North Carolina; South Carolina; Tennessee","Sales Growth NAMER","Atlanta","Unspecified","5+ years","Unspecified","Remote","Sales","2025-10-01T16:45:36-04:00","2026-08-26T13:41:03-04:00","https://www.mongodb.com/careers/job/?gh_jid=7031396"
"1224","7027846","4","Enterprise Account Executive, Growth","Austin","Sales Growth NAMER","Austin","Unspecified","5+ years","Unspecified","Remote","Sales","2025-07-02T19:17:31-04:00","2026-08-21T15:40:40-04:00","https://www.mongodb.com/careers/job/?gh_jid=7027846"
"1225","6987968","4","Enterprise Account Executive, Growth","Poland","Sales Growth EMEA","Remote Poland","Unspecified","4+ years","Unspecified","Remote","Sales","2025-06-16T12:16:10-04:00","2026-08-29T00:40:31-04:00","https://www.mongodb.com/careers/job/?gh_jid=6987968"
"1226","6848268","4","Enterprise Account Executive, Growth","Frankfurt","Sales Growth EMEA","Frankfurt","Unspecified","3+ years","Unspecified","Remote","Sales","2025-04-29T10:34:25-04:00","2026-08-21T15:40:40-04:00","https://www.mongodb.com/careers/job/?gh_jid=6848268"
"1227","6740470","4","Enterprise Account Executive, Growth","Beijing; Shanghai; Shenzhen","Sales Greater China","Beijing","Unspecified","5+ years","Unspecified","Remote","Sales","2025-03-24T05:34:17-04:00","2026-08-21T15:40:40-04:00","https://www.mongodb.com/careers/job/?gh_jid=6740470"
"1228","7996805","4","Enterprise Account Executive, Growth","Israel","Sales Growth EMEA","Tel Aviv","Unspecified","6+ years","Unspecified","Remote","Sales","2026-06-10T10:38:04-04:00","2026-08-21T15:40:40-04:00","https://www.mongodb.com/careers/job/?gh_jid=7996805"
"1229","7912343","4","Enterprise Account Executive, Growth","Seoul","Sales Korea","Seoul","Unspecified","5+ years","Unspecified","Remote","Sales","2026-05-12T10:01:51-04:00","2026-08-21T15:40:40-04:00","https://www.mongodb.com/careers/job/?gh_jid=7912343"
"1230","6755285","4","Enterprise Account Executive, Growth","San Francisco","Sales Growth NAMER","San Francisco","Unspecified","5+ years","Unspecified","Remote","Sales","2026-08-12T19:52:42-04:00","2026-08-21T15:40:40-04:00","https://www.mongodb.com/careers/job/?gh_jid=6755285"
"1231","7552596","4","Enterprise Account Executive, Growth ( Bahasa Speaker)","Singapore","Sales APAC (ASEAN)","Singapore","Unspecified","8+ years","Unspecified","Remote","Sales","2026-01-21T07:02:04-05:00","2026-08-21T15:40:40-04:00","https://www.mongodb.com/careers/job/?gh_jid=7552596"
"1232","6640101","4","Enterprise Account Executive, Growth (Digital Native)","Tel Aviv","Sales Growth EMEA","Tel Aviv","Unspecified","6+ years","Unspecified","Remote","Sales","2025-02-17T10:42:52-05:00","2026-08-21T15:40:40-04:00","https://www.mongodb.com/careers/job/?gh_jid=6640101"
"1233","7429695","4","Enterprise Account Executive, KSA Public Sector (Arabic Speaker)","Dubai","Sales Growth EMEA","Dubai","Chief","5+ years","Unspecified","Remote","Sales","2026-04-07T06:00:55-04:00","2026-08-21T15:40:40-04:00","https://www.mongodb.com/careers/job/?gh_jid=7429695"
"1234","6829771","4","Enterprise Account Manager - OEM","Beijing; Shanghai; Shenzhen","Sales Greater China","Beijing","Manager","5+ years","Unspecified","Remote","Sales","2025-04-24T12:24:51-04:00","2026-08-21T15:40:40-04:00","https://www.mongodb.com/careers/job/?gh_jid=6829771"
"1235","7311204","4","Enterprise Sales Development Representative","Austin","Sales Development","Austin","Unspecified","Unspecified","Internship","Remote","Sales","2025-10-21T16:12:22-04:00","2026-08-21T15:40:40-04:00","https://www.mongodb.com/careers/job/?gh_jid=7311204"
"1236","8073670","4","Escalation Manager","Dublin, Ireland","Technical Support Escalation Management","Dublin","Manager","3+ years","Internship","Remote","Uncategorized","2026-07-23T12:26:55-04:00","2026-08-21T15:40:40-04:00","https://www.mongodb.com/careers/job/?gh_jid=8073670"
"1237","8089929","4","Executive Assistant","Bengaluru; Gurugram","Executive Support - Sales","Bengaluru","Unspecified","5+ years","Contract","Remote","Uncategorized","2026-08-05T09:10:37-04:00","2026-08-21T15:40:40-04:00","https://www.mongodb.com/careers/job/?gh_jid=8089929"
"1238","8098473","4","Global Deal Strategy Sr. Manager","Cork, Ireland","Deal Strategy","IRL_Cork","Senior","8+ years","Unspecified","Remote","Operations","2026-08-04T10:21:13-04:00","2026-08-31T08:16:40-04:00","https://www.mongodb.com/careers/job/?gh_jid=8098473"
"1239","8121595","4","Growth Marketing Senior Manager","United States","Growth Marketing","Tysons","Senior","5+ years","Unspecified","Remote","Marketing","2026-08-28T13:27:24-04:00","2026-08-28T14:27:02-04:00","https://www.mongodb.com/careers/job/?gh_jid=8121595"
"1240","8121597","4","Growth Marketing Senior Manager","Dublin","Growth Marketing","Tysons","Senior","5+ years","Unspecified","Remote","Marketing","2026-08-28T13:27:25-04:00","2026-08-28T14:27:02-04:00","https://www.mongodb.com/careers/job/?gh_jid=8121597"
"1241","8077499","4","Head of Partner Enablement","Dublin, Ireland; London","Partner Enablement","Dublin","Head","10+ years","Internship","Remote","Uncategorized","2026-07-31T10:41:37-04:00","2026-08-25T10:20:23-04:00","https://www.mongodb.com/careers/job/?gh_jid=8077499"
"1242","8072501","4","Head of Revenue Accounting & Order to Cash","Palo Alto; San Francisco","Revenue, OTC & QTC","Palo Alto","Head","15+ years","Contract","Remote","Finance","2026-07-21T13:01:56-04:00","2026-08-21T15:40:40-04:00","https://www.mongodb.com/careers/job/?gh_jid=8072501"
"1243","8021118","4","Inside Account Executive","Toronto","Inside Sales NAMER","Toronto","Unspecified","1+ years","Internship","Remote","Sales","2026-07-08T12:23:13-04:00","2026-08-21T15:40:40-04:00","https://www.mongodb.com/careers/job/?gh_jid=8021118"
"1244","8122877","4","Inside Account Executive","Chicago","Inside Sales NAMER","Chicago","Unspecified","1+ years","Internship","Remote","Sales","2026-08-17T14:11:40-04:00","2026-08-21T16:50:13-04:00","https://www.mongodb.com/careers/job/?gh_jid=8122877"
"1245","8126598","4","Inside Account Executive","San Francisco; Utah","Inside Sales NAMER","Remote Utah","Unspecified","3+ years","Internship","Remote","Sales","2026-08-13T15:04:31-04:00","2026-08-21T15:40:40-04:00","https://www.mongodb.com/careers/job/?gh_jid=8126598"
"1246","7843814","4","International Tax Director","Atlanta; Austin; Baltimore; Charlotte; Chicago; Florida; Houston; Nashville; Raleigh","Tax & Treasury","Dallas","Intern","10+ years","Contract","Remote","Finance","2026-04-27T12:02:04-04:00","2026-08-21T15:40:40-04:00","https://www.mongodb.com/careers/job/?gh_jid=7843814"
"1247","8060943","4","Lead, Cloud Operations Engineering","Dublin, Ireland","Cloud Operations","Dublin","Lead","Unspecified","Internship","Remote","Engineering","2026-07-15T10:28:13-04:00","2026-08-29T00:40:33-04:00","https://www.mongodb.com/careers/job/?gh_jid=8060943"
"1248","7590547","4","Lead, Engineering","Gurugram","Magenta","Gurugram","Lead","8+ years","Unspecified","Remote","Engineering","2026-02-05T03:28:16-05:00","2026-08-21T15:40:40-04:00","https://www.mongodb.com/careers/job/?gh_jid=7590547"
"1249","8065401","4","Lead Forward Deployed Engineer","New York City","Magenta","New York City","Lead","10+ years","Internship","Remote","Engineering","2026-08-12T12:01:12-04:00","2026-08-21T15:40:40-04:00","https://www.mongodb.com/careers/job/?gh_jid=8065401"
"1250","8164691","4","Lead, Growth Marketing","Dublin","Growth Marketing","New York City","Lead","6+ years","Unspecified","Remote","Marketing","2026-08-28T13:23:49-04:00","2026-08-28T14:27:42-04:00","https://www.mongodb.com/careers/job/?gh_jid=8164691"
"1251","7950458","4","Lead, Growth Marketing","United States","Growth Marketing","New York City","Lead","6+ years","Unspecified","Remote","Marketing","2026-05-27T12:46:53-04:00","2026-08-28T14:27:42-04:00","https://www.mongodb.com/careers/job/?gh_jid=7950458"
"1252","8071475","4","Lead, Platform Engineering","Gurugram","Data & Platform","Gurugram","Lead","2+ years","Internship","Remote","Engineering","2026-07-22T07:04:30-04:00","2026-08-21T15:40:40-04:00","https://www.mongodb.com/careers/job/?gh_jid=8071475"
"1253","7736169","4","Lead, Revenue","Gurugram","Revenue, OTC & QTC","Gurugram","Lead","7+ years","Contract","Remote","Uncategorized","2026-03-30T09:38:11-04:00","2026-08-24T12:30:14-04:00","https://www.mongodb.com/careers/job/?gh_jid=7736169"
"1254","8018420","4","Lead Salesforce Engineer","Gurugram","GTM Tech","Gurugram","Lead","12+ years","Unspecified","Remote","Engineering","2026-06-30T05:39:16-04:00","2026-08-21T15:40:40-04:00","https://www.mongodb.com/careers/job/?gh_jid=8018420"
"1255","8074078","4","Manager, Customer Success Management","Milan; Rome","Customer Success EMEA","Milan","Manager","3+ years","Internship","Remote","Customer Success","2026-07-20T05:54:31-04:00","2026-08-29T00:40:34-04:00","https://www.mongodb.com/careers/job/?gh_jid=8074078"
"1256","8066812","4","Manager, Engineering","Dublin, Ireland","Observability & Adoption Engineering","Dublin","Manager","5+ years","Unspecified","Remote","Engineering","2026-07-28T11:10:14-04:00","2026-08-21T15:40:40-04:00","https://www.mongodb.com/careers/job/?gh_jid=8066812"
"1257","7982613","4","Manager, Marketplace Accounts Receivable","Gurugram","Revenue, OTC & QTC","Gurugram","Manager","10+ years","Contract","Remote","Finance","2026-06-09T09:41:29-04:00","2026-08-21T15:40:40-04:00","https://www.mongodb.com/careers/job/?gh_jid=7982613"
"1258","7983071","4","Manager, Premium Support Services","Palo Alto","Technical Support Premium Services","Palo Alto","Manager","8+ years","Internship","Remote","Support","2026-06-15T19:12:53-04:00","2026-08-29T00:39:57-04:00","https://www.mongodb.com/careers/job/?gh_jid=7983071"
"1259","8014384","4","Manager, Sales Development","Boston","Sales Development","Boston","Manager","2+ years","Internship","Remote","Sales","2026-07-06T13:52:00-04:00","2026-08-21T15:40:40-04:00","https://www.mongodb.com/careers/job/?gh_jid=8014384"
"1260","8069203","4","Manager, Sales Development - French","Dublin, Ireland","Sales Development","Dublin","Manager","20+ years","Internship","Remote","Sales","2026-07-17T03:55:36-04:00","2026-08-29T00:40:34-04:00","https://www.mongodb.com/careers/job/?gh_jid=8069203"
"1261","7732991","4","Manager, Sales Development (Kuala Lumpur Based)","Malaysia","Sales Development","Kuala Lumpur","Manager","2+ years","Internship","Remote","Sales","2026-04-03T10:43:24-04:00","2026-08-26T00:35:05-04:00","https://www.mongodb.com/careers/job/?gh_jid=7732991"
"1262","8049846","4","Manager, Sales Strategy & Planning","San Francisco","GTM Operations","San Francisco","Manager","5+ years","Unspecified","Remote","Sales","2026-07-15T11:42:01-04:00","2026-08-21T15:40:40-04:00","https://www.mongodb.com/careers/job/?gh_jid=8049846"
"1263","7957589","4","Manager, Site Reliability Engineering - Storage Layer Service","Cork","Site Reliability Engineering","Dublin","Manager","10+ years","Internship","Remote","Engineering","2026-05-26T09:43:54-04:00","2026-08-21T15:40:40-04:00","https://www.mongodb.com/careers/job/?gh_jid=7957589"
"1264","7743304","4","Manager, Site Reliability Engineering - Storage Layer Service","New York City","Site Reliability Engineering","Dublin","Manager","10+ years","Internship","Remote","Engineering","2026-03-25T11:58:42-04:00","2026-08-21T15:40:40-04:00","https://www.mongodb.com/careers/job/?gh_jid=7743304"
"1265","7818635","4","Manager, Site Reliability Engineering - Storage Layer Service","Dublin","Site Reliability Engineering","Dublin","Manager","10+ years","Internship","Remote","Engineering","2026-04-15T11:35:04-04:00","2026-08-21T15:40:40-04:00","https://www.mongodb.com/careers/job/?gh_jid=7818635"
"1266","7728309","4","Manager, Solutions Architecture","Mexico City","Solutions Architecture, LATAM","Mexico City","Manager","4+ years","Unspecified","Remote","Solutions Architecture","2026-03-31T13:13:50-04:00","2026-08-30T00:32:05-04:00","https://www.mongodb.com/careers/job/?gh_jid=7728309"
"1267","8076696","4","Manager, Solutions Architecture","London","Solutions Architecture, Growth EMEA","Remote Great Britain","Manager","3+ years","Unspecified","Remote","Solutions Architecture","2026-08-27T10:34:26-04:00","2026-09-01T00:33:40-04:00","https://www.mongodb.com/careers/job/?gh_jid=8076696"
"1268","8138913","4","Manager, Solutions Architecture","Beijing; Shanghai","Solutions Architecture, APAC","Shanghai","Manager","4+ years","Unspecified","Remote","Solutions Architecture","2026-08-24T22:05:12-04:00","2026-08-25T01:38:36-04:00","https://www.mongodb.com/careers/job/?gh_jid=8138913"
"1269","8097615","4","Manager, Technical Services","Sydney","Technical Support APAC","Sydney","Manager","20+ years","Internship","Remote","Uncategorized","2026-08-03T22:09:47-04:00","2026-08-27T03:18:42-04:00","https://www.mongodb.com/careers/job/?gh_jid=8097615"
"1270","8053153","4","Manager, Technical Services","Austin","Technical Support Partners & Migrations","Austin","Manager","5+ years","Internship","Remote","Uncategorized","2026-07-20T17:43:00-04:00","2026-08-21T15:40:40-04:00","https://www.mongodb.com/careers/job/?gh_jid=8053153"
"1271","8056743","4","Manager, Technical Services","Austin","Technical Support AMER Public Sector","Austin","Manager","Unspecified","Internship","Remote","Uncategorized","2026-08-04T13:02:18-04:00","2026-08-21T15:40:40-04:00","https://www.mongodb.com/careers/job/?gh_jid=8056743"
"1272","8100224","4","Manager, Technical Services Engineering (Support)","Mexico City","Technical Support AMER","Mexico City","Manager","Unspecified","Internship","Remote","Engineering","2026-08-26T10:33:08-04:00","2026-08-29T00:37:17-04:00","https://www.mongodb.com/careers/job/?gh_jid=8100224"
"1273","8083437","4","Manager, Travel","United States","Controllership","Houston","Manager","10+ years","Contract","Remote","Uncategorized","2026-07-29T10:11:33-04:00","2026-08-21T15:40:40-04:00","https://www.mongodb.com/careers/job/?gh_jid=8083437"
"1274","8152810","4","Marketing Operations Manager","Dublin, Ireland","Marketing Operations","Dublin","Manager","5+ years","Unspecified","Remote","Marketing","2026-08-24T11:36:29-04:00","2026-08-29T00:40:31-04:00","https://www.mongodb.com/careers/job/?gh_jid=8152810"
"1275","8141572","4","Operations Business Analyst","São Paulo","Technical Support Operations","São Paulo","Unspecified","5+ years","Unspecified","Remote","Operations","2026-08-25T15:52:20-04:00","2026-08-25T15:52:20-04:00","https://www.mongodb.com/careers/job/?gh_jid=8141572"
"1276","7843982","4","Pre-Sales Solutions Architect","Mexico City","Solutions Architecture","Mexico City","Unspecified","8+ years","Unspecified","Remote","Sales","2026-07-21T10:45:54-04:00","2026-08-21T15:40:40-04:00","https://www.mongodb.com/careers/job/?gh_jid=7843982"
"1277","7847296","4","Pre-Sales Solutions Architect","São Paulo","Solutions Architecture","Mexico City","Unspecified","8+ years","Unspecified","Remote","Sales","2026-07-21T10:45:55-04:00","2026-08-21T15:40:40-04:00","https://www.mongodb.com/careers/job/?gh_jid=7847296"
"1278","8122634","4","Pricing & Monetization Associate","Toronto","Pricing and Packaging","Toronto","Associate","5+ years","Internship","Remote","Finance","2026-08-12T13:08:39-04:00","2026-08-21T15:40:40-04:00","https://www.mongodb.com/careers/job/?gh_jid=8122634"
"1279","7942147","4","Principal Partner Programs Lead","London","Partner Programs","London","Lead","8+ years","Internship","Remote","Uncategorized","2026-05-22T06:25:23-04:00","2026-08-21T15:40:40-04:00","https://www.mongodb.com/careers/job/?gh_jid=7942147"
"1280","8020464","4","Principal Partner Specialist","Japan","APAC Partner Specialists","Remote Japan","Principal","12+ years","Unspecified","Remote","Uncategorized","2026-07-22T12:04:05-04:00","2026-08-21T15:40:40-04:00","https://www.mongodb.com/careers/job/?gh_jid=8020464"
"1281","7887608","4","Principal Partner Specialist","Frankfurt","SI Partners","Frankfurt","Principal","8+ years","Unspecified","Remote","Uncategorized","2026-05-08T04:22:41-04:00","2026-08-29T00:40:33-04:00","https://www.mongodb.com/careers/job/?gh_jid=7887608"
"1282","8143286","4","Principal Partner Specialist","Seoul","APAC Partner Specialists","Seoul","Principal","10+ years","Unspecified","Remote","Uncategorized","2026-08-21T03:42:14-04:00","2026-08-25T01:26:54-04:00","https://www.mongodb.com/careers/job/?gh_jid=8143286"
"1283","8141592","4","Principal Partner Specialist","Beijing","APAC Partner Specialists","Beijing","Principal","5+ years","Internship","Remote","Uncategorized","2026-08-20T08:30:50-04:00","2026-08-24T05:26:08-04:00","https://www.mongodb.com/careers/job/?gh_jid=8141592"
"1284","7657684","4","Principal Solutions Architect","Ireland","AMP, Sales","London","Principal","11+ years","Unspecified","Remote","Solutions Architecture","2026-02-26T10:47:48-05:00","2026-08-30T00:32:11-04:00","https://www.mongodb.com/careers/job/?gh_jid=7657684"
"1285","7564234","4","Principal Solutions Architect","France","AMP, Sales","London","Principal","11+ years","Unspecified","Remote","Solutions Architecture","2026-02-26T10:47:47-05:00","2026-08-30T00:32:11-04:00","https://www.mongodb.com/careers/job/?gh_jid=7564234"
"1286","7657688","4","Principal Solutions Architect","Great Britain","AMP, Sales","London","Principal","11+ years","Unspecified","Remote","Solutions Architecture","2026-02-26T10:47:48-05:00","2026-08-30T00:32:11-04:00","https://www.mongodb.com/careers/job/?gh_jid=7657688"
"1287","6381035","4","Principal Technologist / Field CTO","India","Strategic Developer Relations","Remote India","Principal","10+ years","Unspecified","Remote","Uncategorized","2024-11-26T14:45:19-05:00","2026-08-21T15:40:40-04:00","https://www.mongodb.com/careers/job/?gh_jid=6381035"
"1288","7908293","4","Product Manager, Internal Financial Data","Austin; New York City; Palo Alto; San Francisco; United States","Data & Platform","New York City","Intern","3+ years","Internship","Remote","Product","2026-05-13T11:55:09-04:00","2026-08-21T15:40:40-04:00","https://www.mongodb.com/careers/job/?gh_jid=7908293"
"1289","7523751","4","Product Pricing & Monetization Strategy - Associate","New York City","Product Management","New York City","Associate","5+ years","Internship","Remote","Finance","2026-04-01T12:03:44-04:00","2026-08-21T15:40:40-04:00","https://www.mongodb.com/careers/job/?gh_jid=7523751"
"1290","8098695","4","Product Security Engineer, Server","New York City; Seattle; United States","Product Security","Tysons","Unspecified","3+ years","Internship","Remote","Engineering","2026-08-03T15:52:59-04:00","2026-08-21T15:40:40-04:00","https://www.mongodb.com/careers/job/?gh_jid=8098695"
"1291","8106084","4","Program Coordinator, Early Talent","Austin","Early Talent Recruiting","Austin","Chief","1+ years","Internship","Remote","HR","2026-08-05T11:04:37-04:00","2026-08-26T00:35:37-04:00","https://www.mongodb.com/careers/job/?gh_jid=8106084"
"1292","7960940","4","Program Manager 3","Dublin","Finance Enablement & Operations","Dublin","Manager","6+ years","Temporary","Remote","Program Management","2026-06-04T13:01:04-04:00","2026-08-21T15:40:40-04:00","https://www.mongodb.com/careers/job/?gh_jid=7960940"
"1293","6633264","4","Public Sector Enterprise Account Executive, Growth","Amsterdam","Sales Growth EMEA","Amsterdam","Chief","7+ years","Unspecified","Remote","Sales","2025-02-14T04:51:00-05:00","2026-08-21T15:40:40-04:00","https://www.mongodb.com/careers/job/?gh_jid=6633264"
"1294","8106260","4","Recruiter","India","Recruiting","Remote India","Unspecified","3+ years","Unspecified","Remote","HR","2026-08-10T09:51:46-04:00","2026-08-21T15:40:40-04:00","https://www.mongodb.com/careers/job/?gh_jid=8106260"
"1295","8119756","4","Recruiter","Gurugram","Recruiting","Remote India","Unspecified","3+ years","Unspecified","Remote","HR","2026-08-10T12:52:27-04:00","2026-08-21T15:40:40-04:00","https://www.mongodb.com/careers/job/?gh_jid=8119756"
"1296","8148001","4","Regional Director, Enterprise, Growth","London","Sales Growth EMEA","London","Director","2+ years","Unspecified","Remote","Uncategorized","2026-08-31T07:08:17-04:00","2026-08-31T07:08:17-04:00","https://www.mongodb.com/careers/job/?gh_jid=8148001"
"1297","8089932","4","Regional Employee Experience Manager","Tokyo","Employee Experience APAC & India","Tokyo","Manager","8+ years","Unspecified","Remote","HR","2026-08-12T20:55:56-04:00","2026-09-01T00:35:15-04:00","https://www.mongodb.com/careers/job/?gh_jid=8089932"
"1298","8129878","4","Regional Marketing Manager","London","International Marketing - EMEA","London","Manager","5+ years","Unspecified","Remote","Marketing","2026-08-18T13:38:27-04:00","2026-08-29T00:40:31-04:00","https://www.mongodb.com/careers/job/?gh_jid=8129878"
"1299","8090745","4","Regional Vice President, Enterprise, Acquisition","Japan","Sales APAC (ASEAN)","Remote Japan","VP","20+ years","Unspecified","Remote","Design","2026-07-29T06:53:05-04:00","2026-08-21T15:40:40-04:00","https://www.mongodb.com/careers/job/?gh_jid=8090745"
"1300","8079967","4","Regional Vice President, Enterprise, Growth","Gurugram","Sales APAC (India)","Gurugram","VP","2+ years","Unspecified","Remote","Uncategorized","2026-07-31T09:34:33-04:00","2026-08-21T15:40:40-04:00","https://www.mongodb.com/careers/job/?gh_jid=8079967"
"1301","8122025","4","Renewals Manager - French Speaker","Dublin, Ireland","Renewals","Dublin","Manager","5+ years","Contract","Remote","Uncategorized","2026-08-11T12:53:04-04:00","2026-08-29T00:40:31-04:00","https://www.mongodb.com/careers/job/?gh_jid=8122025"
"1302","8157127","4","Revenue Operations Manager","Palo Alto","Revenue, OTC & QTC","Palo Alto","Manager","8+ years","Contract","Remote","Operations","2026-08-28T14:58:11-04:00","2026-08-31T18:50:17-04:00","https://www.mongodb.com/careers/job/?gh_jid=8157127"
"1303","7779016","4","Salesforce CPQ engineer 3","Gurugram","GTM Tech","Gurugram","Unspecified","6+ years","Contract","Remote","Engineering","2026-04-21T02:31:05-04:00","2026-08-21T15:40:40-04:00","https://www.mongodb.com/careers/job/?gh_jid=7779016"
"1304","7948530","4","Salesforce Engineer III, FedRAMP","United States","GTM Tech","Palo Alto","Unspecified","6+ years","Internship","Remote","Engineering","2026-05-27T15:32:08-04:00","2026-08-21T15:40:40-04:00","https://www.mongodb.com/careers/job/?gh_jid=7948530"
"1305","8015833","4","Sales Operations Analyst","Gurugram","Sales Data Strategy & Insights","Gurugram","Unspecified","5+ years","Unspecified","Remote","Sales","2026-06-23T05:13:22-04:00","2026-08-27T03:31:27-04:00","https://www.mongodb.com/careers/job/?gh_jid=8015833"
"1306","8108390","4","Sales Support Associate","Gurugram","Sales Data Strategy & Insights","Gurugram","Associate","5+ years","Internship","Remote","Sales","2026-08-11T04:43:51-04:00","2026-08-21T15:40:40-04:00","https://www.mongodb.com/careers/job/?gh_jid=8108390"
"1307","7110155","4","Sales Support Associate","Gurugram","Sales Data Strategy & Insights","Gurugram","Associate","5+ years","Internship","Remote","Sales","2025-07-28T02:39:09-04:00","2026-08-21T15:40:40-04:00","https://www.mongodb.com/careers/job/?gh_jid=7110155"
"1308","7727896","4","Security Software Engineer, Infrastructure Security (Staff or Senior)","Austin; New York City; San Francisco; Seattle; United States","Site Reliability Engineering","New York City","Senior","5+ years","Unspecified","Remote","Engineering","2026-03-24T15:50:39-04:00","2026-08-21T15:40:40-04:00","https://www.mongodb.com/careers/job/?gh_jid=7727896"
"1309","7727899","4","Security Software Engineer, Infrastructure Security (Staff or Senior)","Dublin; Ireland","Site Reliability Engineering","New York City","Senior","5+ years","Unspecified","Remote","Engineering","2026-03-24T15:53:30-04:00","2026-08-21T15:40:40-04:00","https://www.mongodb.com/careers/job/?gh_jid=7727899"
"1310","6586315","4","Senior Account Executive, Acquisition - Digital Native","Sydney","Sales APAC (ANZ)","Sydney","Senior","5+ years","Unspecified","Remote","Sales","2025-02-03T03:53:45-05:00","2026-08-21T15:40:40-04:00","https://www.mongodb.com/careers/job/?gh_jid=6586315"
"1311","8003451","4","Senior Account Executive, Acquisition ( Digital Native)","Sydney","Sales APAC (ANZ)","Sydney","Senior","5+ years","Unspecified","Unspecified","Sales","2026-06-15T06:45:25-04:00","2026-08-21T15:40:40-04:00","https://www.mongodb.com/careers/job/?gh_jid=8003451"
"1312","8036348","4","Senior Administrator - Business Systems","Gurugram","GTM Tech","Gurugram","Senior","8+ years","Unspecified","Remote","Uncategorized","2026-07-01T07:36:52-04:00","2026-08-21T15:40:40-04:00","https://www.mongodb.com/careers/job/?gh_jid=8036348"
"1313","7778975","4","Senior Administrator - Business Systems","Gurugram","GTM Tech","Gurugram","Senior","8+ years","Internship","Remote","Uncategorized","2026-04-17T02:43:55-04:00","2026-08-21T15:40:40-04:00","https://www.mongodb.com/careers/job/?gh_jid=7778975"
"1314","8128617","4","Senior Associate, HR Shared Services","Gurugram","HR Operations","Gurugram","Associate","4+ years","Unspecified","Remote","HR","2026-08-19T12:00:30-04:00","2026-08-29T00:40:31-04:00","https://www.mongodb.com/careers/job/?gh_jid=8128617"
"1315","7759971","4","Senior Commercial Growth Account Executive, Acquisition ( Bahasa Speaker)","Singapore","Sales APAC (ASEAN)","Singapore","Senior","5+ years","Unspecified","Remote","Sales","2026-04-28T22:23:47-04:00","2026-08-21T15:40:40-04:00","https://www.mongodb.com/careers/job/?gh_jid=7759971"
"1316","8055126","4","Senior Compensation Manager","Atlanta; Austin; Baltimore; Boston; Chicago; Houston; Minneapolis; New York City; Philadelphia; Pittsburgh; Washington DC","Total Rewards","New York City","Senior","10+ years","Internship","Remote","Uncategorized","2026-07-13T11:08:54-04:00","2026-08-21T15:40:40-04:00","https://www.mongodb.com/careers/job/?gh_jid=8055126"
"1317","8127859","4","Senior Consulting Engineer","Great Britain; London","PS Field Delivery","London","Senior","10+ years","Unspecified","Remote","Engineering","2026-08-17T11:41:45-04:00","2026-08-21T15:40:40-04:00","https://www.mongodb.com/careers/job/?gh_jid=8127859"
"1318","7925284","4","Senior Consulting Engineer","Tel Aviv","PS Field Delivery","Tel Aviv","Senior","2+ years","Unspecified","Remote","Engineering","2026-06-11T06:02:51-04:00","2026-08-21T15:40:40-04:00","https://www.mongodb.com/careers/job/?gh_jid=7925284"
"1319","8109295","4","Senior Consulting Engineer","Rome","PS Field Delivery","Rome","Senior","10+ years","Unspecified","Remote","Engineering","2026-08-10T11:35:47-04:00","2026-08-21T15:40:40-04:00","https://www.mongodb.com/careers/job/?gh_jid=8109295"
"1320","8109743","4","Senior Consulting Engineer","France; Paris","PS Field Delivery","Paris","Senior","10+ years","Unspecified","Remote","Engineering","2026-08-10T04:06:23-04:00","2026-08-31T12:29:09-04:00","https://www.mongodb.com/careers/job/?gh_jid=8109743"
"1321","8053367","4","Senior Customer Success Manager","Chicago","Customer Success Americas","Chicago","Senior","10+ years","Internship","Remote","Customer Success","2026-07-09T09:52:48-04:00","2026-08-21T15:40:40-04:00","https://www.mongodb.com/careers/job/?gh_jid=8053367"
"1322","8059729","4","Senior Customer Success Manager","Atlanta; Austin; Dallas; Denver","Customer Success Americas","Austin","Senior","10+ years","Internship","Remote","Customer Success","2026-07-13T15:50:01-04:00","2026-08-21T15:40:40-04:00","https://www.mongodb.com/careers/job/?gh_jid=8059729"
"1323","8071152","4","Senior Customer Success Manager","Madrid","Customer Success EMEA","Madrid","Senior","7+ years","Internship","Remote","Customer Success","2026-07-17T12:50:15-04:00","2026-08-21T15:40:40-04:00","https://www.mongodb.com/careers/job/?gh_jid=8071152"
"1324","8161371","4","Senior Customer Success Manager","Hong Kong","Customer Success APAC","Hong Kong","Senior","10+ years","Internship","Remote","Customer Success","2026-08-27T07:09:05-04:00","2026-08-27T22:50:07-04:00","https://www.mongodb.com/careers/job/?gh_jid=8161371"
"1325","8081197","4","Senior Customer Success Manager","Tel Aviv","Customer Success","Tel Aviv","Senior","7+ years","Internship","Remote","Customer Success","2026-08-06T09:02:46-04:00","2026-08-21T15:40:40-04:00","https://www.mongodb.com/careers/job/?gh_jid=8081197"
"1326","8129890","4","Senior Customer Success Manager","Melbourne","Customer Success APAC","Melbourne","Senior","10+ years","Internship","Remote","Customer Success","2026-08-17T07:38:30-04:00","2026-08-31T18:50:28-04:00","https://www.mongodb.com/careers/job/?gh_jid=8129890"
"1327","8091796","4","Senior Customer Success Manager","Dublin, Ireland; London","Customer Success EMEA","Dublin","Senior","7+ years","Internship","Remote","Customer Success","2026-07-29T08:59:22-04:00","2026-08-26T12:17:05-04:00","https://www.mongodb.com/careers/job/?gh_jid=8091796"
"1328","7944089","4","Senior Customer Success Manager","Montreal","Customer Success Americas","Toronto","Senior","10+ years","Internship","Remote","Customer Success","2026-06-09T19:07:20-04:00","2026-08-21T15:40:40-04:00","https://www.mongodb.com/careers/job/?gh_jid=7944089"
"1329","8160195","4","Senior Customer Success Manager","San Francisco","Customer Success Americas","San Francisco","Senior","10+ years","Internship","Remote","Customer Success","2026-08-26T15:56:42-04:00","2026-08-26T15:56:42-04:00","https://www.mongodb.com/careers/job/?gh_jid=8160195"
"1330","7696633","4","Senior Data Analyst","United States","Analytics","New York City","Senior","20+ years","Unspecified","Remote","Data","2026-03-12T16:11:20-04:00","2026-08-21T15:40:40-04:00","https://www.mongodb.com/careers/job/?gh_jid=7696633"
"1331","7428476","4","Senior Data Product Manager, Product Telemetry","New York City; Palo Alto; San Francisco","Data & Platform","Palo Alto","Senior","5+ years","Internship","Remote","Product","2025-12-10T13:11:05-05:00","2026-08-21T15:40:40-04:00","https://www.mongodb.com/careers/job/?gh_jid=7428476"
"1332","8135458","4","Senior Data Scientist","Cork, Ireland; Dublin, Ireland","Analytics","Dublin","Senior","5+ years","Internship","Remote","Data","2026-08-21T10:48:17-04:00","2026-08-21T15:40:40-04:00","https://www.mongodb.com/careers/job/?gh_jid=8135458"
"1333","8088171","4","Senior Director, Customer Health & Critical Accounts","Austin; Boston; Chicago; Denver; Los Angeles; New York City; United States","Customer Success Center of Excellence","New York City","Senior","12+ years","Internship","Remote","Uncategorized","2026-07-28T13:33:17-04:00","2026-08-21T15:40:40-04:00","https://www.mongodb.com/careers/job/?gh_jid=8088171"
"1334","8092253","4","Senior Director, Global AI Native & POD Program","Austin; New York City; San Francisco","GTM Operations","New York City","Senior","10+ years","Unspecified","Remote","Uncategorized","2026-07-28T12:43:12-04:00","2026-08-21T15:40:40-04:00","https://www.mongodb.com/careers/job/?gh_jid=8092253"
"1335","7858876","4","Senior Director, HR Business Partnering","Atlanta; Austin; Baltimore; Boston; Chicago; Dallas; Houston; Minneapolis; Nashville; New York City; Palo Alto; Raleigh; San Francisco; Seattle; St. Louis","HR Business Partners","Remote Maine","Senior","12+ years","Unspecified","Remote","Operations","2026-04-28T12:50:07-04:00","2026-08-21T15:40:40-04:00","https://www.mongodb.com/careers/job/?gh_jid=7858876"
"1336","8020483","4","Senior Director, Partner Specialists","Bengaluru; Gurugram; Mumbai","APAC Partner Specialists","Gurugram","Senior","10+ years","Internship","Remote","Uncategorized","2026-07-31T04:13:18-04:00","2026-08-21T15:40:40-04:00","https://www.mongodb.com/careers/job/?gh_jid=8020483"
"1337","8029188","4","Senior Director, Partner Specialists","London","Cloud Partners","London","Senior","8+ years","Unspecified","Remote","Uncategorized","2026-07-08T08:22:04-04:00","2026-08-29T00:40:33-04:00","https://www.mongodb.com/careers/job/?gh_jid=8029188"
"1338","8157328","4","Senior Director Product Management, Growth","United States","Growth PM","Miami","Senior","10+ years","Unspecified","Remote","Uncategorized","2026-08-27T17:03:09-04:00","2026-08-28T13:05:27-04:00","https://www.mongodb.com/careers/job/?gh_jid=8157328"
"1339","8119523","4","Senior Engineer","Gurugram","Internal Engineering","Gurugram","Senior","6+ years","Internship","Remote","Engineering","2026-08-18T10:54:12-04:00","2026-08-21T15:40:40-04:00","https://www.mongodb.com/careers/job/?gh_jid=8119523"
"1340","7942613","4","Senior Engineer - Business Systems (FP&A)","Bengaluru; Gurugram","FIN Tech","Bengaluru","Senior","10+ years","Unspecified","Remote","Engineering","2026-06-03T01:53:09-04:00","2026-08-21T15:40:40-04:00","https://www.mongodb.com/careers/job/?gh_jid=7942613"
"1341","7778978","4","Senior Engineer - Business Systems (Integrations)","Gurugram","GTM Tech","Gurugram","Senior","5+ years","Internship","Remote","Engineering","2026-04-20T03:00:37-04:00","2026-08-21T15:40:40-04:00","https://www.mongodb.com/careers/job/?gh_jid=7778978"
"1342","8094387","4","Senior Engineer - GTM Tech","Gurugram","GTM Tech","Gurugram","Senior","9+ years","Contract","Remote","Engineering","2026-08-14T17:21:28-04:00","2026-08-21T15:40:40-04:00","https://www.mongodb.com/careers/job/?gh_jid=8094387"
"1343","8008794","4","Senior Engineer - GTM Tech","Gurugram","GTM Tech","Gurugram","Senior","8+ years","Unspecified","Remote","Engineering","2026-07-14T11:34:01-04:00","2026-08-21T15:40:40-04:00","https://www.mongodb.com/careers/job/?gh_jid=8008794"
"1344","7227836","4","Senior Enterprise Account Executive","London","Sales Growth EMEA","London","Senior","4+ years","Unspecified","Remote","Sales","2025-09-04T08:03:03-04:00","2026-08-21T15:40:40-04:00","https://www.mongodb.com/careers/job/?gh_jid=7227836"
"1345","8081026","4","Senior Enterprise Account Executive, Acquisition","Mumbai","Sales APAC (India)","Mumbai","Senior","5+ years","Unspecified","Remote","Sales","2026-07-28T04:26:31-04:00","2026-08-21T15:40:40-04:00","https://www.mongodb.com/careers/job/?gh_jid=8081026"
"1346","8039113","4","Senior Enterprise Account Executive, Growth","St. Louis","Sales Growth NAMER","Remote Missouri","Senior","5+ years","Unspecified","Remote","Sales","2026-07-31T11:14:39-04:00","2026-08-21T15:40:40-04:00","https://www.mongodb.com/careers/job/?gh_jid=8039113"
"1347","5050863","4","Senior Enterprise Account Executive, Growth","Mexico City","Sales LatAm","Mexico City","Senior","4+ years","Unspecified","Remote","Sales","2023-05-18T19:59:04-04:00","2026-08-21T15:40:40-04:00","https://www.mongodb.com/careers/job/?gh_jid=5050863"
"1348","8050026","4","Senior Enterprise Account Executive, Growth","Singapore","Sales APAC (ASEAN)","Singapore","Senior","10+ years","Unspecified","Remote","Sales","2026-07-08T06:09:49-04:00","2026-08-21T15:40:40-04:00","https://www.mongodb.com/careers/job/?gh_jid=8050026"
"1349","7687359","4","Senior Enterprise Account Executive, Growth","Denver","Sales Growth NAMER","Denver","Senior","5+ years","Unspecified","Remote","Sales","2026-03-12T15:21:41-04:00","2026-08-21T15:40:40-04:00","https://www.mongodb.com/careers/job/?gh_jid=7687359"
"1350","8097302","4","Senior Enterprise Account Executive, Growth","New York City","Sales Growth NAMER","New York City","Senior","10+ years","Unspecified","Remote","Sales","2026-08-14T16:38:53-04:00","2026-08-21T15:40:40-04:00","https://www.mongodb.com/careers/job/?gh_jid=8097302"
"1351","7998023","4","Senior Enterprise Account Executive, Growth","Austin; Dallas; Houston","Sales Growth NAMER","Dallas","Senior","5+ years","Unspecified","Remote","Sales","2026-06-24T18:20:37-04:00","2026-08-28T17:10:26-04:00","https://www.mongodb.com/careers/job/?gh_jid=7998023"
"1352","7490900","4","Senior/ Enterprise Account Executive - Strategic Account","Singapore","Sales APAC (ASEAN)","Singapore","Senior","8+ years","Unspecified","Remote","Sales","2025-12-21T23:21:54-05:00","2026-08-21T15:40:40-04:00","https://www.mongodb.com/careers/job/?gh_jid=7490900"
"1353","8060719","4","Senior Executive Assistant","Los Angeles; Palo Alto; San Francisco","Executive Support - Sales","Palo Alto","Senior","5+ years","Contract","Remote","Uncategorized","2026-07-23T16:34:12-04:00","2026-08-21T15:40:40-04:00","https://www.mongodb.com/careers/job/?gh_jid=8060719"
"1354","8130878","4","Senior Executive Recruiter","New York City","Recruiting","New York City","Senior","Unspecified","Unspecified","Remote","HR","2026-08-18T13:05:20-04:00","2026-08-21T15:40:40-04:00","https://www.mongodb.com/careers/job/?gh_jid=8130878"
"1355","8094523","4","Senior Forward Deployed Engineer","United States","Magenta","Tysons","Senior","5+ years","Internship","Remote","Engineering","2026-07-31T15:19:01-04:00","2026-08-21T15:40:40-04:00","https://www.mongodb.com/careers/job/?gh_jid=8094523"
"1356","8094513","4","Senior Forward Deployed Engineer","Gurugram","Magenta","Gurugram","Senior","5+ years","Internship","Remote","Engineering","2026-08-04T05:34:54-04:00","2026-08-21T15:40:40-04:00","https://www.mongodb.com/careers/job/?gh_jid=8094513"
"1357","8046751","4","Senior IT VIP Support Specialist","Palo Alto","Global Enterprise Technology (GET)","Palo Alto","Senior","5+ years","Internship","Remote","Support","2026-07-16T14:35:14-04:00","2026-08-21T15:40:40-04:00","https://www.mongodb.com/careers/job/?gh_jid=8046751"
"1358","8023944","4","Senior Manager, Brand Design","United States","Brand Creative","Austin","Senior","6+ years","Contract","Remote","Marketing","2026-06-26T17:00:17-04:00","2026-08-26T11:12:31-04:00","https://www.mongodb.com/careers/job/?gh_jid=8023944"
"1359","8003632","4","Senior Manager, EMEA Payroll","Cork, Ireland; Dublin, Ireland","Controllership","Dublin","Senior","Unspecified","Internship","Remote","Uncategorized","2026-06-18T04:52:38-04:00","2026-08-21T15:40:40-04:00","https://www.mongodb.com/careers/job/?gh_jid=8003632"
"1360","8072504","4","Senior Manager, Financial Planning & Analysis","Austin; New York City","FP&A - G&A & Corporate","New York City","Senior","5+ years","Unspecified","Remote","Uncategorized","2026-07-20T13:27:25-04:00","2026-08-21T15:40:40-04:00","https://www.mongodb.com/careers/job/?gh_jid=8072504"
"1361","8072506","4","Senior Manager, Financial Planning & Analysis","Dublin","FP&A - G&A & Corporate","New York City","Senior","5+ years","Unspecified","Remote","Uncategorized","2026-07-20T13:27:25-04:00","2026-08-21T15:40:40-04:00","https://www.mongodb.com/careers/job/?gh_jid=8072506"
"1362","8119799","4","Senior Manager, M&A Integration","Austin; New York City; Palo Alto; United States","Finance & Administration","Palo Alto","Senior","8+ years","Temporary","Remote","Uncategorized","2026-08-11T16:43:28-04:00","2026-08-21T15:40:40-04:00","https://www.mongodb.com/careers/job/?gh_jid=8119799"
"1363","8089892","4","Senior Manager, Policy and Controls Governance","United States","Assurance, Risk & Compliance","Nashville","Senior","10+ years","Unspecified","Remote","Uncategorized","2026-07-28T14:10:28-04:00","2026-08-21T15:40:40-04:00","https://www.mongodb.com/careers/job/?gh_jid=8089892"
"1364","8056742","4","Senior Manager, Sales Operations","Dublin, Ireland","GTM Operations","Remote Ireland","Senior","20+ years","Temporary","Remote","Sales","2026-07-20T10:06:05-04:00","2026-08-29T00:41:42-04:00","https://www.mongodb.com/careers/job/?gh_jid=8056742"
"1365","8119328","4","Senior Manager, Solutions Architecture (Cloud Partnerships)","Seattle; United States","Solutions Architecture, Partners","Boston","Senior","5+ years","Internship","Remote","Solutions Architecture","2026-08-11T12:28:02-04:00","2026-08-21T15:40:40-04:00","https://www.mongodb.com/careers/job/?gh_jid=8119328"
"1366","7736164","4","Senior Manager, Technical Revenue","Austin; New York City; Palo Alto","Revenue, OTC & QTC","Austin","Senior","7+ years","Contract","Remote","Uncategorized","2026-03-20T09:59:32-04:00","2026-08-27T14:56:18-04:00","https://www.mongodb.com/careers/job/?gh_jid=7736164"
"1367","8035641","4","Senior Marketing Manager, U.S. Public Sector","United States","Americas Marketing","Raleigh","Senior","7+ years","Contract","Remote","Marketing","2026-07-08T12:52:41-04:00","2026-08-21T15:40:40-04:00","https://www.mongodb.com/careers/job/?gh_jid=8035641"
"1368","8130589","4","Senior Partner Marketing Manager","Atlanta; Austin; Chicago","Global Demand Center","Austin","Senior","6+ years","Internship","Remote","Marketing","2026-08-19T03:52:59-04:00","2026-08-31T04:40:12-04:00","https://www.mongodb.com/careers/job/?gh_jid=8130589"
"1369","7997737","4","Senior Partner Solutions Architect","India","Solutions Architecture, Partners","Remote India","Senior","5+ years","Unspecified","Remote","Solutions Architecture","2026-06-15T04:22:38-04:00","2026-08-21T15:40:40-04:00","https://www.mongodb.com/careers/job/?gh_jid=7997737"
"1370","7952245","4","Senior Partner Solutions Architect","Sydney","Solutions Architecture, Partners","Sydney","Senior","8+ years","Unspecified","Remote","Solutions Architecture","2026-05-28T20:44:44-04:00","2026-08-21T15:40:40-04:00","https://www.mongodb.com/careers/job/?gh_jid=7952245"
"1371","7924987","4","Senior Platform Engineer","Gurugram","Data & Platform","Gurugram","Senior","Unspecified","Internship","Remote","Engineering","2026-05-22T09:37:42-04:00","2026-08-21T15:40:40-04:00","https://www.mongodb.com/careers/job/?gh_jid=7924987"
"1372","7719062","4","Senior Pre-Sales Solutions Architect","Mexico City","Scaled Solutions Architecture","Mexico City","Senior","11+ years","Unspecified","Remote","Sales","2026-03-13T16:18:29-04:00","2026-08-21T15:40:40-04:00","https://www.mongodb.com/careers/job/?gh_jid=7719062"
"1373","7658084","4","Senior Pre-Sales Solutions Architect","São Paulo","Scaled Solutions Architecture","Mexico City","Senior","11+ years","Unspecified","Remote","Sales","2026-02-26T13:26:49-05:00","2026-08-21T15:40:40-04:00","https://www.mongodb.com/careers/job/?gh_jid=7658084"
"1374","8128356","4","Senior Product Manager","San Francisco","Product & Technology","Remote North America","Senior","5+ years","Internship","Remote","Product","2026-08-27T14:25:03-04:00","2026-08-31T15:22:33-04:00","https://www.mongodb.com/careers/job/?gh_jid=8128356"
"1375","7113803","4","Senior Product Manager","Dublin; Ireland","Product Management","Dublin","Senior","5+ years","Contract","Remote","Product","2026-01-23T05:43:20-05:00","2026-08-21T15:40:40-04:00","https://www.mongodb.com/careers/job/?gh_jid=7113803"
"1376","8094528","4","Senior Product Manager","Gurugram","Magenta","Gurugram","Senior","5+ years","Internship","Remote","Product","2026-09-01T01:20:24-04:00","2026-09-01T01:20:24-04:00","https://www.mongodb.com/careers/job/?gh_jid=8094528"
"1377","7975695","4","Senior Product Manager, Post Sales","Austin; New York City; Palo Alto; Seattle","GTM Tech","Palo Alto","Senior","6+ years","Unspecified","Remote","Product","2026-06-22T11:05:22-04:00","2026-08-21T15:40:40-04:00","https://www.mongodb.com/careers/job/?gh_jid=7975695"
"1378","8082623","4","Senior Product Manager - Quote to Cash","Palo Alto","FIN Tech","Palo Alto","Senior","8+ years","Contract","Remote","Product","2026-08-25T08:37:43-04:00","2026-08-25T08:37:43-04:00","https://www.mongodb.com/careers/job/?gh_jid=8082623"
"1379","7484909","4","Senior Product Security Engineer, Server","Dublin, Ireland","Product Security","Dublin","Senior","7+ years","Internship","Remote","Engineering","2026-05-25T05:19:06-04:00","2026-08-21T15:40:40-04:00","https://www.mongodb.com/careers/job/?gh_jid=7484909"
"1380","7956226","4","Senior Product Security Engineer, Server","Cork, Ireland","Product Security","Dublin","Senior","7+ years","Internship","Remote","Engineering","2026-05-25T05:19:40-04:00","2026-08-21T15:40:40-04:00","https://www.mongodb.com/careers/job/?gh_jid=7956226"
"1381","7742875","4","Senior Python Engineer","United States","Database Experience","Palo Alto","Senior","Unspecified","Internship","Remote","Engineering","2026-03-31T16:14:59-04:00","2026-08-21T15:40:40-04:00","https://www.mongodb.com/careers/job/?gh_jid=7742875"
"1382","7742877","4","Senior Python Engineer","British Columbia; Ontario","Database Experience","Palo Alto","Senior","Unspecified","Internship","Remote","Engineering","2026-03-31T16:15:01-04:00","2026-08-21T15:40:40-04:00","https://www.mongodb.com/careers/job/?gh_jid=7742877"
"1383","8094118","4","Senior Real Estate Coordinator","Bengaluru; Gurugram","Real Estate","Gurugram","Senior","5+ years","Internship","Remote","Administration","2026-08-06T02:26:32-04:00","2026-08-21T15:40:40-04:00","https://www.mongodb.com/careers/job/?gh_jid=8094118"
"1384","8083346","4","Senior Relationship Account Manager","Bengaluru; Gurugram","Relationship Account Management","Remote India","Senior","2+ years","Internship","Remote","Sales","2026-07-28T09:20:31-04:00","2026-08-24T18:50:17-04:00","https://www.mongodb.com/careers/job/?gh_jid=8083346"
"1385","7891161","4","Senior Research Scientist","Palo Alto","Voyage AI Research","Palo Alto","Senior","Unspecified","Unspecified","Remote","Uncategorized","2026-05-11T10:01:23-04:00","2026-08-21T15:40:40-04:00","https://www.mongodb.com/careers/job/?gh_jid=7891161"
"1386","7557741","4","Senior Revenue Analyst, Technical Revenue","Austin; New York City; Palo Alto","Global Accounting","Austin","Senior","3+ years","Contract","Remote","Uncategorized","2026-01-22T15:52:43-05:00","2026-08-31T18:36:38-04:00","https://www.mongodb.com/careers/job/?gh_jid=7557741"
"1387","8018423","4","Senior Salesforce Engineer","Gurugram","GTM Tech","Gurugram","Senior","8+ years","Unspecified","Remote","Engineering","2026-07-07T07:35:39-04:00","2026-08-21T15:40:40-04:00","https://www.mongodb.com/careers/job/?gh_jid=8018423"
"1388","7991447","4","Senior Salesforce Engineer","New York City","GTM Tech","New York City","Senior","8+ years","Unspecified","Remote","Engineering","2026-06-11T13:00:30-04:00","2026-08-21T15:40:40-04:00","https://www.mongodb.com/careers/job/?gh_jid=7991447"
"1389","7892114","4","Senior Sales Operations Analyst","Cork, Ireland; Dublin, Ireland","GTM Operations","Dublin","Senior","7+ years","Unspecified","Remote","Sales","2026-05-12T11:46:10-04:00","2026-08-29T00:40:33-04:00","https://www.mongodb.com/careers/job/?gh_jid=7892114"
"1390","8051379","4","Senior Site Reliability Engineer","Gurugram","Magenta","Gurugram","Senior","6+ years","Internship","Remote","Engineering","2026-07-21T12:53:40-04:00","2026-08-21T15:40:40-04:00","https://www.mongodb.com/careers/job/?gh_jid=8051379"
"1391","7727873","4","Senior Site Reliability Engineer,  Fleet Management","Austin; Boston; Chicago; Denver; Miami; New York City; San Francisco; Seattle; United States","Site Reliability Engineering","New York City","Senior","6+ years","Internship","Remote","Engineering","2026-03-19T11:08:20-04:00","2026-08-21T15:40:40-04:00","https://www.mongodb.com/careers/job/?gh_jid=7727873"
"1392","8020377","4","Senior Software Engineer","Sydney","Durable TXs & Availability","Sydney","Senior","20+ years","Internship","Remote","Engineering","2026-08-06T19:32:15-04:00","2026-08-27T03:32:00-04:00","https://www.mongodb.com/careers/job/?gh_jid=8020377"
"1393","8065483","4","Senior Software Engineer","Atlanta; Austin; Baltimore; Boston; Charlotte; Chicago; Columbus; Dallas; Miami; Nashville; New York City; Philadelphia; Pittsburgh; Princeton; Raleigh; Tysons; Washington DC","Database Experience","Remote New York","Senior","Unspecified","Internship","Remote","Engineering","2026-08-10T12:28:40-04:00","2026-08-21T15:40:40-04:00","https://www.mongodb.com/careers/job/?gh_jid=8065483"
"1394","8106099","4","Senior Software Engineer, AI Builder Experience (ABX)","Gurugram","AI Builder Experience","Gurugram","Senior","5+ years","Internship","Remote","Engineering","2026-08-11T07:13:48-04:00","2026-08-21T15:40:40-04:00","https://www.mongodb.com/careers/job/?gh_jid=8106099"
"1395","8107301","4","Senior Software Engineer, AI Framework Integrations","Gurugram","AI Builder Experience","Gurugram","Senior","5+ years","Internship","Remote","Engineering","2026-08-06T10:33:48-04:00","2026-08-21T15:40:40-04:00","https://www.mongodb.com/careers/job/?gh_jid=8107301"
"1396","8035228","4","Senior Software Engineer, Atlas API Experience","Dublin","Atlas Core Data Services","Dublin","Senior","Unspecified","Internship","Remote","Engineering","2026-06-29T08:40:06-04:00","2026-08-29T00:32:59-04:00","https://www.mongodb.com/careers/job/?gh_jid=8035228"
"1397","7588895","4","Senior Software Engineer, Atlas Clusters","Dublin","Atlas Core Data Services","Dublin","Senior","6+ years","Unspecified","Remote","Engineering","2026-02-05T09:14:26-05:00","2026-08-29T00:32:59-04:00","https://www.mongodb.com/careers/job/?gh_jid=7588895"
"1398","8081430","4","Senior Software Engineer, Atlas Search Systems","Toronto","Atlas Search","Toronto","Senior","5+ years","Unspecified","Remote","Engineering","2026-08-20T16:41:48-04:00","2026-08-24T13:48:06-04:00","https://www.mongodb.com/careers/job/?gh_jid=8081430"
"1399","7590735","4","Senior Software Engineer, Forward Deployed AI Engineer","Ireland","App Modernization PM","Dublin","Senior","4+ years","Unspecified","Remote","Engineering","2026-02-05T05:23:32-05:00","2026-09-01T00:35:06-04:00","https://www.mongodb.com/careers/job/?gh_jid=7590735"
"1400","7392902","4","Senior Software Engineer, Forward Deployed AI Engineer","Cork, Ireland; Dublin, Ireland","App Modernization PM","Dublin","Senior","4+ years","Unspecified","Remote","Engineering","2025-11-20T04:33:51-05:00","2026-09-01T00:35:06-04:00","https://www.mongodb.com/careers/job/?gh_jid=7392902"
"1401","8140617","4","Senior Software Engineer, Identity & Access Management (FedRAMP)","New York City","Identity and Access Management","New York City","Senior","5+ years","Internship","Remote","Engineering","2026-08-21T10:53:50-04:00","2026-08-31T15:46:51-04:00","https://www.mongodb.com/careers/job/?gh_jid=8140617"
"1402","7695616","4","Senior Software Engineer, Observability","Dublin","Product & Technology","Dublin","Senior","5+ years","Internship","Remote","Engineering","2026-03-09T12:33:22-04:00","2026-08-31T10:12:03-04:00","https://www.mongodb.com/careers/job/?gh_jid=7695616"
"1403","7975692","4","Senior Software Engineer, Public Backup","New York City","Durable TXs & Availability","New York City","Senior","Unspecified","Unspecified","Remote","Engineering","2026-06-08T09:44:46-04:00","2026-08-21T15:40:40-04:00","https://www.mongodb.com/careers/job/?gh_jid=7975692"
"1404","8055471","4","Senior Software Engineer, Query Execution","Ireland","Query","Remote Ireland","Senior","5+ years","Unspecified","Remote","Engineering","2026-07-14T04:36:39-04:00","2026-08-21T15:40:40-04:00","https://www.mongodb.com/careers/job/?gh_jid=8055471"
"1405","8081945","4","Senior Software Engineer, Search Deployments Infrastructure","San Francisco","Atlas Search","San Francisco","Senior","5+ years","Unspecified","Remote","Engineering","2026-08-11T18:04:12-04:00","2026-08-21T15:40:40-04:00","https://www.mongodb.com/careers/job/?gh_jid=8081945"
"1406","7653008","4","Senior Software Engineer, Server Networking Security (Rust)","Cork, Ireland; Dublin, Ireland","Clusters & Interfaces","Dublin","Senior","5+ years","Unspecified","Remote","Engineering","2026-03-27T08:57:21-04:00","2026-08-29T00:32:42-04:00","https://www.mongodb.com/careers/job/?gh_jid=7653008"
"1407","7815677","4","Senior Software Engineer, Server Security","New York City","Clusters & Interfaces","New York City","Senior","5+ years","Internship","Remote","Engineering","2026-04-17T13:43:08-04:00","2026-08-21T15:40:40-04:00","https://www.mongodb.com/careers/job/?gh_jid=7815677"
"1408","7815679","4","Senior Software Engineer, Server Security","Toronto","Clusters & Interfaces","New York City","Senior","5+ years","Internship","Remote","Engineering","2026-04-17T13:43:09-04:00","2026-08-21T15:40:40-04:00","https://www.mongodb.com/careers/job/?gh_jid=7815679"
"1409","7947560","4","Senior Software Engineer, Storage Layer Services","New York City; United States","Durable TXs & Availability","New York City","Senior","5+ years","Internship","Remote","Engineering","2026-06-17T13:21:16-04:00","2026-08-21T15:40:40-04:00","https://www.mongodb.com/careers/job/?gh_jid=7947560"
"1410","8161404","4","Senior Solutions Architect","Singapore","Solutions Architecture, APAC","Singapore","Senior","8+ years","Unspecified","Remote","Solutions Architecture","2026-08-27T07:49:23-04:00","2026-08-27T09:31:11-04:00","https://www.mongodb.com/careers/job/?gh_jid=8161404"
"1411","7157100","4","Senior Solutions Architect","Shenzhen","Solutions Architecture, APAC","Shenzhen","Senior","8+ years","Unspecified","Remote","Solutions Architecture","2025-08-14T01:43:07-04:00","2026-08-21T15:40:40-04:00","https://www.mongodb.com/careers/job/?gh_jid=7157100"
"1412","8109509","4","Senior Solutions Architect","Sweden","Solutions Architecture, Growth EMEA","Remote Sweden","Senior","11+ years","Unspecified","Remote","Solutions Architecture","2026-08-06T12:04:14-04:00","2026-08-21T15:40:40-04:00","https://www.mongodb.com/careers/job/?gh_jid=8109509"
"1413","7806547","4","Senior Solutions Architect","Paris","Solutions Architecture, Growth EMEA","Paris","Senior","11+ years","Unspecified","Remote","Solutions Architecture","2026-04-10T05:48:08-04:00","2026-08-29T00:40:33-04:00","https://www.mongodb.com/careers/job/?gh_jid=7806547"
"1414","8120181","4","Senior Solutions Architect","Japan","Solutions Architecture, Partners","Remote Japan","Senior","20+ years","Unspecified","Remote","Solutions Architecture","2026-08-25T10:44:32-04:00","2026-08-26T07:50:57-04:00","https://www.mongodb.com/careers/job/?gh_jid=8120181"
"1415","8152623","4","Senior Solutions Architect","Singapore","Solutions Architecture, APAC","Singapore","Senior","8+ years","Unspecified","Remote","Solutions Architecture","2026-08-25T06:04:18-04:00","2026-08-25T06:59:08-04:00","https://www.mongodb.com/careers/job/?gh_jid=8152623"
"1416","8109970","4","Senior Solutions Architect","London","Solutions Architecture, Growth EMEA","Remote Great Britain","Senior","11+ years","Unspecified","Remote","Solutions Architecture","2026-08-11T05:59:34-04:00","2026-08-29T00:40:30-04:00","https://www.mongodb.com/careers/job/?gh_jid=8109970"
"1417","8128855","4","Senior Solutions Architect (Pre-Sales)","Minneapolis; Minnesota","Solutions Architecture, Growth NA","Minneapolis","Senior","11+ years","Unspecified","Remote","Sales","2026-08-13T16:56:37-04:00","2026-08-21T15:40:40-04:00","https://www.mongodb.com/careers/job/?gh_jid=8128855"
"1418","8050412","4","Senior Solutions Architect (Pre-Sales)","São Paulo","Solutions Architecture, LATAM","São Paulo","Senior","11+ years","Unspecified","Remote","Sales","2026-07-21T09:10:32-04:00","2026-08-31T20:48:45-04:00","https://www.mongodb.com/careers/job/?gh_jid=8050412"
"1419","8054272","4","Senior Solutions Architect (Pre-Sales)","Montreal; Toronto","Solutions Architecture","Remote Quebec","Senior","11+ years","Unspecified","Remote","Sales","2026-07-13T11:33:18-04:00","2026-08-30T00:32:25-04:00","https://www.mongodb.com/careers/job/?gh_jid=8054272"
"1420","8078069","4","Senior Solutions Architect (Pre-Sales)","Los Angeles; San Diego","Solutions Architecture, Growth NA","San Diego","Senior","11+ years","Unspecified","Remote","Sales","2026-08-14T11:38:25-04:00","2026-08-21T15:40:40-04:00","https://www.mongodb.com/careers/job/?gh_jid=8078069"
"1421","8119292","4","Senior Solutions Architect (Pre-Sales)","Denver","Solutions Architecture, Growth NA","Denver","Senior","11+ years","Unspecified","Remote","Sales","2026-08-11T12:28:57-04:00","2026-08-21T15:40:40-04:00","https://www.mongodb.com/careers/job/?gh_jid=8119292"
"1422","8152813","4","Senior Solutions Architect (Pre-Sales)","Austin; Dallas; Houston","Solutions Architecture, Growth NA","Remote Texas","Senior","11+ years","Unspecified","Remote","Sales","2026-08-26T10:43:47-04:00","2026-08-26T10:43:51-04:00","https://www.mongodb.com/careers/job/?gh_jid=8152813"
"1423","7951947","4","Senior Specialist 2, Tax","Gurugram","Tax & Treasury","Gurugram","Senior","4+ years","Internship","Remote","Finance","2026-06-05T06:06:54-04:00","2026-08-21T15:40:40-04:00","https://www.mongodb.com/careers/job/?gh_jid=7951947"
"1424","8045879","4","Senior Specialist, Industry Solutions","Barcelona","Industry Solutions","Barcelona","Senior","3+ years","Internship","Remote","Uncategorized","2026-07-08T06:19:39-04:00","2026-08-21T15:40:40-04:00","https://www.mongodb.com/careers/job/?gh_jid=8045879"
"1425","7711840","4","Senior Staff Engineer","Dublin","Atlas Core Data Services","Dublin","Senior","20+ years","Internship","Remote","Engineering","2026-06-16T06:39:12-04:00","2026-08-21T15:40:40-04:00","https://www.mongodb.com/careers/job/?gh_jid=7711840"
"1426","7644002","4","Senior Staff Enterprise Architect, Data","Palo Alto","Enterprise Architecture","Palo Alto","Senior","12+ years","Contract","Remote","Uncategorized","2026-02-27T17:05:28-05:00","2026-08-21T15:40:40-04:00","https://www.mongodb.com/careers/job/?gh_jid=7644002"
"1427","8028593","4","Senior Staff Product Manager, Query","Alberta; British Columbia; Manitoba; Nova Scotia; Quebec","Product Management","Remote Minnesota","Senior","10+ years","Unspecified","Remote","Product","2026-06-25T12:20:46-04:00","2026-08-26T15:45:13-04:00","https://www.mongodb.com/careers/job/?gh_jid=8028593"
"1428","8028587","4","Senior Staff Product Manager, Query","Ontario","Product Management","Remote Minnesota","Senior","10+ years","Unspecified","Remote","Product","2026-06-25T12:20:46-04:00","2026-08-26T15:44:47-04:00","https://www.mongodb.com/careers/job/?gh_jid=8028587"
"1429","7993419","4","Senior Staff Product Manager, Query","United States","Product Management","Remote Minnesota","Senior","10+ years","Unspecified","Remote","Product","2026-06-11T11:06:01-04:00","2026-08-26T15:43:55-04:00","https://www.mongodb.com/careers/job/?gh_jid=7993419"
"1430","7672303","4","Senior Technical Program Manager Atlas Clusters","Cork, Ireland; Dublin, Ireland","Atlas Core Data Services","Dublin","Senior","15+ years","Unspecified","Remote","Program Management","2026-03-03T06:23:35-05:00","2026-08-21T15:40:40-04:00","https://www.mongodb.com/careers/job/?gh_jid=7672303"
"1431","8075787","4","Senior Workplace Coordinator","Austin","Workplace","Austin","Senior","3+ years","Internship","Remote","HR","2026-07-22T13:16:35-04:00","2026-08-21T15:40:40-04:00","https://www.mongodb.com/careers/job/?gh_jid=8075787"
"1432","7599693","4","Services Sales (Engagement Manager)","San Francisco","PS Engagement Management","San Francisco","Manager","5+ years","Internship","Remote","Sales","2026-02-10T13:55:41-05:00","2026-08-21T15:40:40-04:00","https://www.mongodb.com/careers/job/?gh_jid=7599693"
"1433","7821316","4","Site Reliability Engineer 3","New York City","Site Reliability Engineering","New York City","Unspecified","3+ years","Internship","Remote","Engineering","2026-04-21T06:46:54-04:00","2026-08-21T15:40:40-04:00","https://www.mongodb.com/careers/job/?gh_jid=7821316"
"1434","7727923","4","Site Reliability Engineering, Fabric (Mid, Senior, or Staff)","Toronto; Vancouver","Site Reliability Engineering","New York City","Senior","10+ years","Internship","Remote","Engineering","2026-04-08T16:29:23-04:00","2026-08-21T15:40:40-04:00","https://www.mongodb.com/careers/job/?gh_jid=7727923"
"1435","7727920","4","Site Reliability Engineering, Fabric (Mid, Senior, or Staff)","United States","Site Reliability Engineering","New York City","Senior","10+ years","Internship","Remote","Engineering","2026-04-08T16:28:25-04:00","2026-08-21T15:40:40-04:00","https://www.mongodb.com/careers/job/?gh_jid=7727920"
"1436","7727964","4","Site Reliability Engineer (Senior or Staff), Atlas","Austin; Boston; Chicago; Miami; New York City; Philadelphia; Pittsburgh; Raleigh; United States; Washington DC","Site Reliability Engineering","Atlanta","Senior","5+ years","Internship","Remote","Engineering","2026-04-17T16:05:15-04:00","2026-08-21T15:40:40-04:00","https://www.mongodb.com/careers/job/?gh_jid=7727964"
"1437","7727910","4","Site Reliability Engineer (Senior or Staff), Deployments","Boston; Miami; New Jersey; New York City; Princeton; Raleigh; Washington DC","Site Reliability Engineering","New York City","Senior","6+ years","Internship","Remote","Engineering","2026-06-17T17:51:18-04:00","2026-08-21T15:40:40-04:00","https://www.mongodb.com/careers/job/?gh_jid=7727910"
"1438","7727913","4","Site Reliability Engineer (Senior or Staff), Deployments","Toronto","Site Reliability Engineering","New York City","Senior","6+ years","Internship","Remote","Engineering","2026-06-17T17:51:19-04:00","2026-08-21T15:40:40-04:00","https://www.mongodb.com/careers/job/?gh_jid=7727913"
"1439","7758610","4","Site Reliability Engineer (Senior or Staff), Infrastructure Security","Austin; New York City; San Francisco; Seattle; United States","Site Reliability Engineering","New York City","Senior","6+ years","Unspecified","Remote","Engineering","2026-03-26T14:55:46-04:00","2026-08-21T15:40:40-04:00","https://www.mongodb.com/careers/job/?gh_jid=7758610"
"1440","7793634","4","Site Reliability Engineer (Senior or Staff), Storage Layer Services (SLS)","Montreal; Toronto","Site Reliability Engineering","New York City","Senior","6+ years","Internship","Remote","Engineering","2026-04-08T16:56:05-04:00","2026-08-21T15:40:40-04:00","https://www.mongodb.com/careers/job/?gh_jid=7793634"
"1441","7743366","4","Site Reliability Engineer (Senior or Staff), Storage Layer Services (SLS)","Boston; Miami; New York City; Pittsburgh; Raleigh; United States","Site Reliability Engineering","New York City","Senior","6+ years","Internship","Remote","Engineering","2026-04-08T16:56:03-04:00","2026-08-21T15:40:40-04:00","https://www.mongodb.com/careers/job/?gh_jid=7743366"
"1442","6984814","4","Site Reliability Engineer (Senior or Staff), Storage Layer Services (SLS)","Cork, Ireland; Dublin, Ireland","Site Reliability Engineering","Dublin","Senior","6+ years","Internship","Remote","Engineering","2026-04-10T07:26:24-04:00","2026-08-21T15:40:40-04:00","https://www.mongodb.com/careers/job/?gh_jid=6984814"
"1443","7613695","4","Software Engineer 2","Dublin","Office of the CTO","Dublin","Unspecified","Unspecified","Internship","Remote","Engineering","2026-02-17T12:23:07-05:00","2026-08-27T00:36:28-04:00","https://www.mongodb.com/careers/job/?gh_jid=7613695"
"1444","8083366","4","Software Engineer 3","Gurugram","Website","Gurugram","Unspecified","3+ years","Internship","Remote","Engineering","2026-08-03T05:19:20-04:00","2026-08-21T15:40:40-04:00","https://www.mongodb.com/careers/job/?gh_jid=8083366"
"1445","8092317","4","Software Engineer 3","Sydney","Atlas Search","Sydney","Unspecified","4+ years","Unspecified","Remote","Engineering","2026-08-06T01:58:06-04:00","2026-08-21T15:40:40-04:00","https://www.mongodb.com/careers/job/?gh_jid=8092317"
"1446","8107198","4","Software Engineer 3","New York City","Durable TXs & Availability","New York City","Unspecified","Unspecified","Internship","Remote","Engineering","2026-08-12T10:46:19-04:00","2026-09-01T00:35:05-04:00","https://www.mongodb.com/careers/job/?gh_jid=8107198"
"1447","8108725","4","Software Engineer 3","Alberta; British Columbia; Manitoba; Nova Scotia; Ontario; Quebec","AI Builder Experience","Remote Vermont","Unspecified","2+ years","Internship","Remote","Engineering","2026-08-05T10:12:47-04:00","2026-08-21T15:40:40-04:00","https://www.mongodb.com/careers/job/?gh_jid=8108725"
"1448","7993984","4","Software Engineer 3","Gurugram","Internal Engineering","Gurugram","Unspecified","2+ years","Internship","Remote","Engineering","2026-07-07T06:13:40-04:00","2026-08-27T03:28:57-04:00","https://www.mongodb.com/careers/job/?gh_jid=7993984"
"1449","8161336","4","Software Engineer 3","Gurugram","App Modernization ENG","Gurugram","Unspecified","4+ years","Contract","Remote","Engineering","2026-08-31T11:01:43-04:00","2026-08-31T11:15:38-04:00","https://www.mongodb.com/careers/job/?gh_jid=8161336"
"1450","8083761","4","Software Engineer 3","New York City","Atlas Core Data Services","New York City","Unspecified","3+ years","Unspecified","Remote","Engineering","2026-07-29T12:22:35-04:00","2026-08-21T15:40:40-04:00","https://www.mongodb.com/careers/job/?gh_jid=8083761"
"1451","8089124","4","Software Engineer 3","United States","AI Builder Experience","Remote Vermont","Unspecified","2+ years","Internship","Remote","Engineering","2026-07-31T14:48:17-04:00","2026-08-21T15:40:40-04:00","https://www.mongodb.com/careers/job/?gh_jid=8089124"
"1452","8111979","4","Software Engineer 3, AI Builder Experience","Gurugram","AI Builder Experience","Gurugram","Unspecified","3+ years","Internship","Remote","Engineering","2026-08-19T10:42:57-04:00","2026-08-25T08:58:17-04:00","https://www.mongodb.com/careers/job/?gh_jid=8111979"
"1453","7523878","4","Software Engineer 3, App Analysis & Modelling","Sydney","App Modernization ENG","Sydney","Unspecified","3+ years","Unspecified","Remote","Engineering","2026-05-06T04:39:19-04:00","2026-08-21T15:40:40-04:00","https://www.mongodb.com/careers/job/?gh_jid=7523878"
"1454","8089859","4","Software Engineer 3, Atlas Clusters Platform","New York City","Atlas Core Data Services","New York City","Unspecified","20+ years","Unspecified","Remote","Engineering","2026-08-21T13:39:19-04:00","2026-08-21T15:40:40-04:00","https://www.mongodb.com/careers/job/?gh_jid=8089859"
"1455","8064448","4","Software Engineer 3, Atlas Growth 2","Dublin, Ireland","Observability & Adoption Engineering","Dublin","Unspecified","3+ years","Unspecified","Remote","Engineering","2026-07-16T11:04:19-04:00","2026-08-21T15:40:40-04:00","https://www.mongodb.com/careers/job/?gh_jid=8064448"
"1456","8069776","4","Software Engineer 3, Atlas Identity and Access Management","New York City","Identity and Access Management","New York City","Unspecified","2+ years","Internship","Remote","Engineering","2026-07-21T10:57:33-04:00","2026-08-21T15:40:40-04:00","https://www.mongodb.com/careers/job/?gh_jid=8069776"
"1457","7523920","4","Software Engineer 3, Atlas Search Systems","San Francisco","Atlas Search","San Francisco","Unspecified","2+ years","Unspecified","Remote","Engineering","2026-02-03T15:26:48-05:00","2026-08-21T15:40:40-04:00","https://www.mongodb.com/careers/job/?gh_jid=7523920"
"1458","7662950","4","Software Engineer 3, Atlas Search Systems","Toronto","Atlas Search","Toronto","Unspecified","2+ years","Unspecified","Remote","Engineering","2026-02-27T12:56:25-05:00","2026-08-21T15:40:40-04:00","https://www.mongodb.com/careers/job/?gh_jid=7662950"
"1459","7523911","4","Software Engineer 3, Atlas Vector Search","San Francisco","Atlas Search","San Francisco","Chief","3+ years","Unspecified","Remote","Engineering","2026-02-02T11:34:02-05:00","2026-08-21T15:40:40-04:00","https://www.mongodb.com/careers/job/?gh_jid=7523911"
"1460","8119841","4","Software Engineer 3, Networking & Observability","New York City; United States","Clusters & Interfaces","Remote North Carolina","Unspecified","3+ years","Internship","Remote","Engineering","2026-08-21T01:24:09-04:00","2026-09-01T00:36:04-04:00","https://www.mongodb.com/careers/job/?gh_jid=8119841"
"1461","8119843","4","Software Engineer 3, Networking & Observability","Alberta; British Columbia; Ontario; Quebec","Clusters & Interfaces","Remote North Carolina","Unspecified","3+ years","Internship","Remote","Engineering","2026-08-21T01:24:10-04:00","2026-09-01T00:36:04-04:00","https://www.mongodb.com/careers/job/?gh_jid=8119843"
"1462","7235322","4","Software Engineer 3, Search Systems Replication & Routing","San Francisco","Atlas Search","San Francisco","Unspecified","2+ years","Unspecified","Remote","Engineering","2025-09-10T14:54:44-04:00","2026-08-21T15:40:40-04:00","https://www.mongodb.com/careers/job/?gh_jid=7235322"
"1463","8111814","4","Solutions Architect","Great Britain","Solutions Architecture, Growth EMEA","Remote Great Britain","Unspecified","11+ years","Unspecified","Remote","Solutions Architecture","2026-08-07T10:44:25-04:00","2026-08-28T09:03:13-04:00","https://www.mongodb.com/careers/job/?gh_jid=8111814"
"1464","8066560","4","Solutions Architect","Germany","Solutions Architecture, Growth EMEA","Berlin","Unspecified","8+ years","Unspecified","Remote","Solutions Architecture","2026-07-15T04:15:11-04:00","2026-08-29T00:40:34-04:00","https://www.mongodb.com/careers/job/?gh_jid=8066560"
"1465","8066544","4","Solutions Architect","Berlin; Cologne; Frankfurt; Hamburg; Munich; Stuttgart","Solutions Architecture, Growth EMEA","Berlin","Unspecified","8+ years","Unspecified","Remote","Solutions Architecture","2026-07-15T04:15:10-04:00","2026-08-29T00:40:33-04:00","https://www.mongodb.com/careers/job/?gh_jid=8066544"
"1466","8106419","4","Solutions Architect - French Speaking","Dublin, Ireland; Ireland","Scaled Solutions Architecture","Dublin","Unspecified","8+ years","Unspecified","Remote","Solutions Architecture","2026-08-07T05:28:56-04:00","2026-08-21T15:40:40-04:00","https://www.mongodb.com/careers/job/?gh_jid=8106419"
"1467","7557618","4","Solutions Architect, German speaker","Poland","Solutions Architecture","Remote Poland","Unspecified","8+ years","Unspecified","Remote","Solutions Architecture","2026-01-22T12:51:37-05:00","2026-09-01T00:36:53-04:00","https://www.mongodb.com/careers/job/?gh_jid=7557618"
"1468","8077145","4","Solutions Architect - Italian Speaker","Dublin, Ireland","Solutions Architecture","Dublin","Unspecified","8+ years","Unspecified","Remote","Solutions Architecture","2026-07-23T09:31:38-04:00","2026-08-21T15:40:40-04:00","https://www.mongodb.com/careers/job/?gh_jid=8077145"
"1469","8109873","4","Solutions Architect / Sr. Solutions Architect (Pre-Sales)","Mexico City","Solutions Architecture, LATAM","Mexico City","Senior","8+ years","Unspecified","Remote","Sales","2026-08-06T08:40:31-04:00","2026-08-30T00:32:05-04:00","https://www.mongodb.com/careers/job/?gh_jid=8109873"
"1470","7558720","4","Specialist, Sales Compensation","Gurugram","Controllership","Gurugram","Unspecified","Unspecified","Internship","Remote","Sales","2026-02-03T23:55:16-05:00","2026-08-21T15:40:40-04:00","https://www.mongodb.com/careers/job/?gh_jid=7558720"
"1471","8003065","4","Sr. Director, IT Product Management – Post Sales and Partner Technology","Palo Alto","GTM Tech","Palo Alto","Senior","15+ years","Unspecified","Remote","Sales","2026-06-12T16:20:33-04:00","2026-08-21T15:40:40-04:00","https://www.mongodb.com/careers/job/?gh_jid=8003065"
"1472","7961719","4","Sr. Executive Assistant, Chief Legal Officer","Palo Alto","Legal & Risk Mgmt","Palo Alto","Senior","8+ years","Contract","Remote","Legal","2026-05-29T11:48:43-04:00","2026-08-21T15:40:40-04:00","https://www.mongodb.com/careers/job/?gh_jid=7961719"
"1473","8017380","4","Sr Finance Systems Admin (L1 Support & Admin)","Gurugram","FIN Tech","Gurugram","Senior","8+ years","Contract","Remote","Finance","2026-07-02T07:32:06-04:00","2026-08-21T15:40:40-04:00","https://www.mongodb.com/careers/job/?gh_jid=8017380"
"1474","8125813","4","Sr. Partner Marketing Manager","Bengaluru","Global Demand Center","Bengaluru","Senior","6+ years","Internship","Remote","Marketing","2026-08-14T06:36:20-04:00","2026-08-21T15:40:40-04:00","https://www.mongodb.com/careers/job/?gh_jid=8125813"
"1475","8065459","4","Sr. Technical Program Manager, FDE Engagements","Mexico City","Magenta","New York City","Senior","5+ years","Contract","Remote","Program Management","2026-07-30T10:24:17-04:00","2026-08-21T15:40:40-04:00","https://www.mongodb.com/careers/job/?gh_jid=8065459"
"1476","8077182","4","Staff Analyst","Gurugram","Analytics","Gurugram","Staff","6+ years","Internship","Remote","Uncategorized","2026-07-31T06:44:38-04:00","2026-08-21T15:40:40-04:00","https://www.mongodb.com/careers/job/?gh_jid=8077182"
"1477","7858063","4","Staff Data Engineer","Gurugram","Data & Platform","Gurugram","Staff","10+ years","Internship","Remote","Engineering","2026-05-20T07:36:57-04:00","2026-08-21T16:40:15-04:00","https://www.mongodb.com/careers/job/?gh_jid=7858063"
"1478","7523861","4","Staff Engineer","Gurugram","App Modernization ENG","Gurugram","Staff","8+ years","Unspecified","Remote","Engineering","2026-08-31T23:51:51-04:00","2026-08-31T23:51:51-04:00","https://www.mongodb.com/careers/job/?gh_jid=7523861"
"1479","7613562","4","Staff Engineer","Dublin, Ireland","Observability & Adoption Engineering","Dublin","Staff","10+ years","Internship","Remote","Engineering","2026-07-03T04:41:32-04:00","2026-08-29T00:40:33-04:00","https://www.mongodb.com/careers/job/?gh_jid=7613562"
"1480","8075467","4","Staff Engineer","Sydney","Durable TXs & Availability","Sydney","Staff","10+ years","Unspecified","Remote","Engineering","2026-08-06T23:51:20-04:00","2026-08-21T15:40:40-04:00","https://www.mongodb.com/careers/job/?gh_jid=8075467"
"1481","8045017","4","Staff Engineer","Cork, Ireland","Observability & Adoption Engineering","Dublin","Staff","10+ years","Internship","Remote","Engineering","2026-07-03T04:41:33-04:00","2026-08-29T00:40:33-04:00","https://www.mongodb.com/careers/job/?gh_jid=8045017"
"1482","8003635","4","Staff Engineer","Dublin","Atlas Core Data Services","Dublin","Staff","10+ years","Unspecified","Remote","Engineering","2026-06-16T04:44:56-04:00","2026-08-29T00:32:59-04:00","https://www.mongodb.com/careers/job/?gh_jid=8003635"
"1483","7590587","4","Staff Engineer","Gurugram","Magenta","Gurugram","Staff","8+ years","Unspecified","Remote","Engineering","2026-02-05T03:47:04-05:00","2026-08-21T15:40:40-04:00","https://www.mongodb.com/careers/job/?gh_jid=7590587"
"1484","7583617","4","Staff Engineer, AMP","Gurugram","App Modernization ENG","Gurugram","Staff","8+ years","Internship","Remote","Engineering","2026-03-02T03:07:30-05:00","2026-08-21T15:40:40-04:00","https://www.mongodb.com/careers/job/?gh_jid=7583617"
"1485","7778981","4","Staff Engineer - Business Systems (Integrations)","Gurugram","GTM Tech","Gurugram","Staff","10+ years","Unspecified","Remote","Engineering","2026-04-30T02:43:04-04:00","2026-08-21T15:40:40-04:00","https://www.mongodb.com/careers/job/?gh_jid=7778981"
"1486","7613587","4","Staff Engineer, Observability","Dublin, Ireland","Observability & Adoption Engineering","Dublin","Staff","10+ years","Internship","Remote","Engineering","2026-02-27T11:16:24-05:00","2026-08-31T10:12:03-04:00","https://www.mongodb.com/careers/job/?gh_jid=7613587"
"1487","7870876","4","Staff Engineer, Query Optimization","United States","Query","Remote New York","Staff","10+ years","Internship","Remote","Engineering","2026-08-07T11:00:03-04:00","2026-09-01T00:33:59-04:00","https://www.mongodb.com/careers/job/?gh_jid=7870876"
"1488","8094522","4","Staff Forward Deployed Engineer","Gurugram","Magenta","Gurugram","Staff","9+ years","Internship","Remote","Engineering","2026-08-04T05:42:30-04:00","2026-08-21T15:40:40-04:00","https://www.mongodb.com/careers/job/?gh_jid=8094522"
"1489","8111736","4","Staff Product Manager","Dublin, Ireland","Product Management","Dublin","Staff","10+ years","Internship","Remote","Product","2026-08-07T12:41:52-04:00","2026-08-21T15:40:40-04:00","https://www.mongodb.com/careers/job/?gh_jid=8111736"
"1490","8126620","4","Staff Product Manager, Identity and Security","Alberta; British Columbia; Manitoba; Nova Scotia; Ontario; Quebec; Toronto","Security Product Management","Remote California","Staff","8+ years","Unspecified","Remote","Product","2026-08-14T13:46:08-04:00","2026-08-21T15:40:40-04:00","https://www.mongodb.com/careers/job/?gh_jid=8126620"
"1491","8126618","4","Staff Product Manager, Identity and Security","United States","Security Product Management","Remote California","Staff","8+ years","Unspecified","Remote","Product","2026-08-14T13:46:07-04:00","2026-08-21T15:40:40-04:00","https://www.mongodb.com/careers/job/?gh_jid=8126618"
"1492","7781724","4","Staff Product Manager - Internal AI","Palo Alto","Internal AI","Palo Alto","Intern","10+ years","Internship","Remote","Product","2026-04-07T16:53:39-04:00","2026-08-21T15:40:40-04:00","https://www.mongodb.com/careers/job/?gh_jid=7781724"
"1493","8054250","4","Staff Product Manager, Security and Compliance (Public Sector)","United States","Security Product Management","Remote New York","Staff","10+ years","Internship","Remote","Product","2026-07-14T12:45:53-04:00","2026-08-21T15:40:40-04:00","https://www.mongodb.com/careers/job/?gh_jid=8054250"
"1494","8072861","4","Staff Product Marketing Manager","United States","Product Marketing","New York City","Staff","8+ years","Contract","Remote","Marketing","2026-07-17T18:52:28-04:00","2026-08-21T15:40:40-04:00","https://www.mongodb.com/careers/job/?gh_jid=8072861"
"1495","7956670","4","Staff Research Scientist","Palo Alto","Voyage AI Research","New York City","Staff","Unspecified","Unspecified","Remote","Uncategorized","2026-05-28T13:21:23-04:00","2026-08-21T15:40:40-04:00","https://www.mongodb.com/careers/job/?gh_jid=7956670"
"1496","8051387","4","Staff Site Reliability Engineer","Bengaluru","Magenta","Bengaluru","Staff","10+ years","Internship","Remote","Engineering","2026-07-21T13:03:54-04:00","2026-08-21T15:40:40-04:00","https://www.mongodb.com/careers/job/?gh_jid=8051387"
"1497","7915330","4","Staff Software Engineer - Query Execution","United States","Query","Remote New York","Staff","10+ years","Internship","Remote","Engineering","2026-05-13T16:14:53-04:00","2026-08-21T15:40:40-04:00","https://www.mongodb.com/careers/job/?gh_jid=7915330"
"1498","7696228","4","Staff Software Engineer, Server Networking Security (Rust)","Cork, Ireland; Dublin, Ireland","Clusters & Interfaces","Dublin","Staff","10+ years","Unspecified","Remote","Engineering","2026-03-20T13:29:25-04:00","2026-08-29T00:32:42-04:00","https://www.mongodb.com/careers/job/?gh_jid=7696228"
"1499","8121863","4","Staff Technical Product Marketing Manager, Context Engineering","Dublin, Ireland","Product Marketing","Dublin","Staff","7+ years","Internship","Remote","Engineering","2026-08-12T09:56:15-04:00","2026-09-01T00:36:35-04:00","https://www.mongodb.com/careers/job/?gh_jid=8121863"
"1500","8044870","4","Staff Technical Program Manager","Dublin, Ireland","Observability & Adoption Engineering","Dublin","Staff","10+ years","Unspecified","Remote","Program Management","2026-07-06T11:07:08-04:00","2026-08-21T15:40:40-04:00","https://www.mongodb.com/careers/job/?gh_jid=8044870"
"1501","7465124","4","Staff Technical Program Manager","Cork, Ireland; Dublin, Ireland","Atlas Core Data Services","Dublin","Staff","15+ years","Unspecified","Remote","Program Management","2025-12-12T09:50:40-05:00","2026-08-21T15:40:40-04:00","https://www.mongodb.com/careers/job/?gh_jid=7465124"
"1502","7493634","4","Staff Technical Program Manager, GTM Tech","Gurugram","GTM Tech","Mumbai","Staff","10+ years","Unspecified","Remote","Program Management","2026-01-14T06:05:28-05:00","2026-08-23T23:03:34-04:00","https://www.mongodb.com/careers/job/?gh_jid=7493634"
"1503","7555398","4","Staff Technical Program Manager, Site Reliability Engineering","Atlanta; Boston; Florida; Georgia; Maine; Miami; New Hampshire; New Jersey; New York; New York City; Pennsylvania; Philadelphia; Pittsburgh; Raleigh; Vermont; Virginia; Washington DC","Site Reliability Engineering","New York City","Staff","8+ years","Unspecified","Remote","Engineering","2026-05-28T09:36:48-04:00","2026-08-21T15:40:40-04:00","https://www.mongodb.com/careers/job/?gh_jid=7555398"
"1504","7831454","4","Staff Technical Program Manager, Site Reliability Engineering","Cork, Ireland; Dublin, Ireland; Ireland","Site Reliability Engineering","Dublin","Staff","8+ years","Unspecified","Remote","Engineering","2026-05-14T11:10:16-04:00","2026-08-21T15:40:40-04:00","https://www.mongodb.com/careers/job/?gh_jid=7831454"
"1505","7779540","4","Startup & Venture Ecosystem Lead","San Francisco","Marketing Management","San Francisco","Lead","8+ years","Internship","Remote","Uncategorized","2026-04-08T17:54:25-04:00","2026-08-21T15:40:40-04:00","https://www.mongodb.com/careers/job/?gh_jid=7779540"
"1506","8129880","4","Strategic Customer Success Manager","New York City; Philadelphia","Customer Success Americas","New York City","Manager","12+ years","Internship","Remote","Customer Success","2026-08-19T12:18:36-04:00","2026-08-21T15:40:40-04:00","https://www.mongodb.com/careers/job/?gh_jid=8129880"
"1507","7993078","4","Technical Director, Builder Relations","India","Developer Advocacy","Gurugram","Director","10+ years","Unspecified","Remote","Design","2026-06-10T06:29:23-04:00","2026-08-21T15:40:40-04:00","https://www.mongodb.com/careers/job/?gh_jid=7993078"
"1508","8045345","4","Technical Lead Manager","Cork, Ireland","Atlas Core Data Services","Dublin","Lead","6+ years","Unspecified","Remote","Uncategorized","2026-07-06T11:06:41-04:00","2026-08-29T00:32:59-04:00","https://www.mongodb.com/careers/job/?gh_jid=8045345"
"1509","7711876","4","Technical Lead Manager","Dublin, Ireland","Atlas Core Data Services","Dublin","Lead","6+ years","Unspecified","Remote","Uncategorized","2026-07-06T11:06:40-04:00","2026-08-29T00:32:59-04:00","https://www.mongodb.com/careers/job/?gh_jid=7711876"
"1510","7968777","4","Technical Services Curriculum Engineer","Vancouver","Technical Support Operations","Vancouver","Unspecified","Unspecified","Internship","Remote","Engineering","2026-06-15T14:22:57-04:00","2026-08-21T15:40:40-04:00","https://www.mongodb.com/careers/job/?gh_jid=7968777"
"1511","7947090","4","Technical Services Engineer","Dublin, Ireland","Technical Support EMEA","Dublin","Unspecified","20+ years","Unspecified","Remote","Engineering","2026-06-04T12:31:30-04:00","2026-08-21T15:40:40-04:00","https://www.mongodb.com/careers/job/?gh_jid=7947090"
"1512","7948529","4","Technical Services Engineer","Dublin","Technical Support EMEA","Dublin","Unspecified","Unspecified","Internship","Remote","Engineering","2026-05-25T09:20:05-04:00","2026-08-21T15:40:40-04:00","https://www.mongodb.com/careers/job/?gh_jid=7948529"
"1513","8007613","4","Technical Services Engineer","Bengaluru","Technical Support APAC","Bengaluru","Unspecified","Unspecified","Internship","Remote","Engineering","2026-06-23T05:26:46-04:00","2026-08-29T00:40:33-04:00","https://www.mongodb.com/careers/job/?gh_jid=8007613"
"1514","8070880","4","Technical Services Engineer","Sydney","Technical Support APAC","Sydney","Unspecified","5+ years","Internship","Remote","Engineering","2026-07-22T01:11:54-04:00","2026-08-21T15:40:40-04:00","https://www.mongodb.com/careers/job/?gh_jid=8070880"
"1515","8055356","4","Technical Services Engineer","Mexico City","Technical Support AMER","Mexico City","Unspecified","Unspecified","Internship","Remote","Engineering","2026-08-03T20:39:17-04:00","2026-08-29T00:37:17-04:00","https://www.mongodb.com/careers/job/?gh_jid=8055356"
"1516","8065812","4","Technical Services Engineer","Palo Alto","Technical Support AMER","Palo Alto","Unspecified","Unspecified","Unspecified","Remote","Engineering","2026-07-22T17:42:16-04:00","2026-08-21T15:40:40-04:00","https://www.mongodb.com/careers/job/?gh_jid=8065812"
"1517","8043909","4","Technical Services Engineer","Dublin","Technical Support EMEA","Dublin","Unspecified","5+ years","Internship","Remote","Engineering","2026-07-14T07:04:34-04:00","2026-08-21T15:40:40-04:00","https://www.mongodb.com/careers/job/?gh_jid=8043909"
"1518","8030936","4","Technical Services Engineer, 1st shift (Weekend)","United States","Technical Support AMER Public Sector","New York City","Unspecified","Unspecified","Internship","Remote","Engineering","2026-07-02T14:42:52-04:00","2026-08-26T11:08:21-04:00","https://www.mongodb.com/careers/job/?gh_jid=8030936"
"1519","7460019","4","Technical Services Engineer, Infrastructure - Weekend","Palo Alto","Technical Support AMER","Palo Alto","Unspecified","1+ years","Internship","Remote","Engineering","2025-12-12T11:22:38-05:00","2026-08-21T15:40:40-04:00","https://www.mongodb.com/careers/job/?gh_jid=7460019"
"1520","8053152","4","Technical Services Engineer - Partners","Dublin, Ireland","Technical Support Partners & Migrations","Dublin","Unspecified","20+ years","Internship","Remote","Engineering","2026-07-27T12:59:24-04:00","2026-08-21T15:40:40-04:00","https://www.mongodb.com/careers/job/?gh_jid=8053152"
"1521","8070616","4","Technical Services Engineer - Weekend Shift","United States","Technical Support AMER Public Sector","Remote Texas","Unspecified","Unspecified","Internship","Remote","Engineering","2026-08-18T16:47:40-04:00","2026-08-26T11:02:59-04:00","https://www.mongodb.com/careers/job/?gh_jid=8070616"
"1522","8138914","4","Vice President, Solutions Architect","Austin; New York City; San Francisco","Solutions Architecture, Leadership","Los Angeles","VP","15+ years","Unspecified","Remote","Solutions Architecture","2026-08-24T13:10:41-04:00","2026-08-31T18:50:23-04:00","https://www.mongodb.com/careers/job/?gh_jid=8138914"
"1523","8072839","4","VP, AI Marketing Strategy","Palo Alto; San Francisco","Marketing Management","Palo Alto","VP","Unspecified","Unspecified","Remote","Marketing","2026-07-20T17:20:13-04:00","2026-08-21T15:40:40-04:00","https://www.mongodb.com/careers/job/?gh_jid=8072839"
"1524","8077553","4","VP, Global Specialist Sales","Austin; New York City; Palo Alto; San Francisco","Sales Growth NAMER","Austin","VP","12+ years","Unspecified","Remote","Sales","2026-07-21T15:18:12-04:00","2026-08-21T15:40:40-04:00","https://www.mongodb.com/careers/job/?gh_jid=8077553"
"1525","5364702004","5","Account Executive, Emerging Enterprise (Berlin, Germany)","Berlin, Germany","Sales","Berlin, DE","Unspecified","3+ years","Full-time","Remote","Sales","2024-11-01T06:05:10-04:00","2026-07-22T05:37:08-04:00","https://boards.greenhouse.io/figma/jobs/5364702004?gh_jid=5364702004"
"1526","5426468004","5","Account Executive, Enterprise","San Francisco, CA • New York, NY • United States","Sales","US","Unspecified","Unspecified","Full-time","Remote","Sales","2025-01-28T18:57:29-05:00","2026-07-22T05:37:08-04:00","https://boards.greenhouse.io/figma/jobs/5426468004?gh_jid=5426468004"
"1527","5579204004","5","Account Executive, Enterprise (Bengaluru, India)","Bengaluru, India","Sales","Bengaluru, India","Unspecified","Unspecified","Full-time","Unspecified","Sales","2025-07-21T23:53:16-04:00","2026-07-22T05:37:08-04:00","https://boards.greenhouse.io/figma/jobs/5579204004?gh_jid=5579204004"
"1528","5783812004","5","Account Executive, Enterprise (Berlin, Germany)","Berlin, Germany","Sales","Berlin, DE","Unspecified","Unspecified","Full-time","Remote","Sales","2026-02-03T07:13:56-05:00","2026-07-22T05:37:08-04:00","https://boards.greenhouse.io/figma/jobs/5783812004?gh_jid=5783812004"
"1529","5753209004","5","Account Executive, Enterprise, Mandarin Speaking (Singapore)","Singapore","Sales","Singapore","Unspecified","8+ years","Full-time","Unspecified","Sales","2026-01-13T01:12:25-05:00","2026-08-25T04:49:20-04:00","https://boards.greenhouse.io/figma/jobs/5753209004?gh_jid=5753209004"
"1530","5428656004","5","Account Executive, Enterprise (Paris, France)","Paris, France","Sales","Paris, FR","Unspecified","Unspecified","Contract","Unspecified","Sales","2025-01-28T08:48:46-05:00","2026-07-22T05:37:08-04:00","https://boards.greenhouse.io/figma/jobs/5428656004?gh_jid=5428656004"
"1531","5803515004","5","Account Executive, Enterprise (Sydney or Melbourne, Australia)","Sydney, Australia • Melbourne, Australia","Sales","Sydney, Australia","Unspecified","Unspecified","Full-time","Unspecified","Sales","2026-02-17T21:22:34-05:00","2026-07-22T05:37:08-04:00","https://boards.greenhouse.io/figma/jobs/5803515004?gh_jid=5803515004"
"1532","5806875004","5","Account Executive, Enterprise (Tokyo, Japan)","Tokyo, Japan","Sales","Tokyo, JP","Unspecified","Unspecified","Contract","Unspecified","Sales","2026-02-20T00:56:33-05:00","2026-07-22T05:37:08-04:00","https://boards.greenhouse.io/figma/jobs/5806875004?gh_jid=5806875004"
"1533","6143113004","5","Account Executive, Federal - Civilian","Washington, DC","Sales","US","Unspecified","7+ years","Contract","Remote","Sales","2026-08-14T13:07:45-04:00","2026-08-14T13:07:45-04:00","https://boards.greenhouse.io/figma/jobs/6143113004?gh_jid=6143113004"
"1534","6163045004","5","Account Executive, Federal - Federal Systems Integrators","San Francisco, CA • New York, NY • United States","Sales","US","Unspecified","8+ years","Contract","Remote","Sales","2026-08-31T19:51:45-04:00","2026-08-31T19:51:45-04:00","https://boards.greenhouse.io/figma/jobs/6163045004?gh_jid=6163045004"
"1535","5422236004","5","Account Executive, Mid-Market","San Francisco, CA • New York, NY • United States","Sales","US","Unspecified","Unspecified","Full-time","Remote","Sales","2025-01-22T09:27:24-05:00","2026-08-20T13:31:29-04:00","https://boards.greenhouse.io/figma/jobs/5422236004?gh_jid=5422236004"
"1536","5415515004","5","Account Executive, Mid-Market (London, United Kingdom)","London, England","Sales","London, UK","Unspecified","Unspecified","Full-time","Hybrid","Sales","2025-01-13T07:43:20-05:00","2026-07-22T05:37:08-04:00","https://boards.greenhouse.io/figma/jobs/5415515004?gh_jid=5415515004"
"1537","5844225004","5","Account Executive, Mid-Market (Paris, France)","Paris, France","Sales","Paris, FR","Unspecified","Unspecified","Full-time","Hybrid","Sales","2026-04-09T12:16:08-04:00","2026-07-22T05:37:08-04:00","https://boards.greenhouse.io/figma/jobs/5844225004?gh_jid=5844225004"
"1538","6117206004","5","Account Executive, Mid-Market (Sydney, Australia)","Sydney, Australia","Sales","Sydney, Australia","Unspecified","Unspecified","Full-time","Hybrid","Sales","2026-07-19T17:47:57-04:00","2026-07-22T05:37:08-04:00","https://boards.greenhouse.io/figma/jobs/6117206004?gh_jid=6117206004"
"1539","5694259004","5","Account Executive, SMB","San Francisco, CA • New York, NY","Sales","US","Unspecified","Unspecified","Full-time","Unspecified","Sales","2025-11-01T18:28:07-04:00","2026-07-22T05:37:08-04:00","https://boards.greenhouse.io/figma/jobs/5694259004?gh_jid=5694259004"
"1540","5985397004","5","Account Executive, SMB (Berlin, Germany)","Berlin, Germany","Sales","Berlin, DE","Unspecified","Unspecified","Unspecified","Unspecified","Sales","2026-04-30T11:58:02-04:00","2026-07-22T05:37:08-04:00","https://boards.greenhouse.io/figma/jobs/5985397004?gh_jid=5985397004"
"1541","5647851004","5","Account Executive, SMB (London, United Kingdom)","London, England","Sales","London, UK","Unspecified","Unspecified","Full-time","Hybrid","Sales","2025-10-02T12:53:25-04:00","2026-07-28T04:29:46-04:00","https://boards.greenhouse.io/figma/jobs/5647851004?gh_jid=5647851004"
"1542","5675771004","5","Account Executive, SMB (Paris, France)","Paris, France","Sales","Paris, FR","Unspecified","Unspecified","Unspecified","Unspecified","Sales","2025-10-14T01:55:15-04:00","2026-08-10T11:43:54-04:00","https://boards.greenhouse.io/figma/jobs/5675771004?gh_jid=5675771004"
"1543","5729844004","5","Account Executive, SMB (Tokyo, Japan)","Tokyo, Japan","Sales","Tokyo, JP","Unspecified","Unspecified","Full-time","Unspecified","Sales","2025-12-08T22:44:45-05:00","2026-07-22T05:37:08-04:00","https://boards.greenhouse.io/figma/jobs/5729844004?gh_jid=5729844004"
"1544","5558737004","5","Account Executive, Strategic","San Francisco, CA • New York, NY • United States","Sales","US","Unspecified","Unspecified","Full-time","Remote","Sales","2025-06-16T20:54:46-04:00","2026-07-22T05:37:08-04:00","https://boards.greenhouse.io/figma/jobs/5558737004?gh_jid=5558737004"
"1545","5565921004","5","Account Executive, Strategic (Paris, France)","Paris, France","Sales","Paris, FR","Unspecified","Unspecified","Unspecified","Unspecified","Sales","2025-06-17T05:53:27-04:00","2026-07-22T05:37:08-04:00","https://boards.greenhouse.io/figma/jobs/5565921004?gh_jid=5565921004"
"1546","6132643004","5","Account Executive, Strategic (Sydney or Melbourne, Australia)","Sydney, Australia • Melbourne, Australia","Sales","Sydney, Australia","Unspecified","8+ years","Unspecified","Unspecified","Sales","2026-08-20T01:44:01-04:00","2026-08-20T01:44:01-04:00","https://boards.greenhouse.io/figma/jobs/6132643004?gh_jid=6132643004"
"1547","5756182004","5","Account Executive, Strategic (Tokyo, Japan)","Tokyo, Japan","Sales","Tokyo, JP","Unspecified","Unspecified","Unspecified","Unspecified","Sales","2026-01-12T19:00:53-05:00","2026-07-22T05:37:08-04:00","https://boards.greenhouse.io/figma/jobs/5756182004?gh_jid=5756182004"
"1548","5707966004","5","AI Applied Scientist","San Francisco, CA • New York, NY • United States","Engineering","Canada","Unspecified","4+ years","Full-time","Remote","Uncategorized","2025-12-17T13:52:04-05:00","2026-07-22T05:37:08-04:00","https://boards.greenhouse.io/figma/jobs/5707966004?gh_jid=5707966004"
"1549","6138907004","5","AV Production Specialist","San Francisco, CA","Business Operations","Canada","Unspecified","2+ years","Full-time","Hybrid","Uncategorized","2026-08-12T16:56:17-04:00","2026-08-13T17:38:03-04:00","https://boards.greenhouse.io/figma/jobs/6138907004?gh_jid=6138907004"
"1550","6131079004","5","Brand Designer,  Product Launches","San Francisco, CA • New York, NY • United States","Design","Canada","Unspecified","Unspecified","Full-time","Remote","Marketing","2026-08-14T20:02:16-04:00","2026-08-14T20:02:16-04:00","https://boards.greenhouse.io/figma/jobs/6131079004?gh_jid=6131079004"
"1551","6119180004","5","Business Operations","San Francisco, CA • New York, NY • United States","Business Operations","US","Unspecified","6+ years","Full-time","Remote","Operations","2026-07-29T13:26:26-04:00","2026-08-05T09:01:58-04:00","https://boards.greenhouse.io/figma/jobs/6119180004?gh_jid=6119180004"
"1552","5832782004","5","Business Recruiter (São Paulo, Brazil)","São Paulo, Brazil","Talent","São Paulo, Brazil","Unspecified","6+ years","Full-time","Unspecified","HR","2026-03-24T14:31:00-04:00","2026-07-22T05:37:08-04:00","https://boards.greenhouse.io/figma/jobs/5832782004?gh_jid=5832782004"
"1553","6123890004","5","Community Support Specialist (Tokyo, Japan)","Tokyo, Japan","Customer Operations and Support","Tokyo, JP","Unspecified","2+ years","Unspecified","Unspecified","Marketing","2026-07-28T04:17:30-04:00","2026-07-28T04:17:30-04:00","https://boards.greenhouse.io/figma/jobs/6123890004?gh_jid=6123890004"
"1554","5817899004","5","Customer Enablement Manager","San Francisco, CA • New York, NY • United States","Sales","US","Manager","4+ years","Full-time","Remote","Uncategorized","2026-03-04T10:06:15-05:00","2026-07-22T05:37:08-04:00","https://boards.greenhouse.io/figma/jobs/5817899004?gh_jid=5817899004"
"1555","6133181004","5","Customer Enablement Manager (Berlin, Germany)","Berlin, Germany","Sales","Berlin, DE","Manager","4+ years","Full-time","Remote","Uncategorized","2026-08-04T03:53:26-04:00","2026-08-04T13:14:37-04:00","https://boards.greenhouse.io/figma/jobs/6133181004?gh_jid=6133181004"
"1556","6130557004","5","Customer Enablement Manager (London, United Kingdom)","London, England","Sales","London, UK","Manager","4+ years","Full-time","Unspecified","Uncategorized","2026-07-30T13:55:47-04:00","2026-07-30T13:55:47-04:00","https://boards.greenhouse.io/figma/jobs/6130557004?gh_jid=6130557004"
"1557","5976498004","5","Customer Enablement Manager (Paris, France)","Paris, France","Sales","Paris, FR","Manager","4+ years","Internship","Unspecified","Uncategorized","2026-04-21T05:32:12-04:00","2026-08-20T05:57:59-04:00","https://boards.greenhouse.io/figma/jobs/5976498004?gh_jid=5976498004"
"1558","6104028004","5","Customer Enablement Manager (São Paulo, Brazil)","São Paulo, Brazil","Sales","São Paulo, Brazil","Manager","4+ years","Internship","Unspecified","Uncategorized","2026-07-06T13:15:29-04:00","2026-08-18T12:50:33-04:00","https://boards.greenhouse.io/figma/jobs/6104028004?gh_jid=6104028004"
"1559","5220003004","5","Data Engineer","San Francisco, CA • New York, NY • United States","Engineering","Canada","Unspecified","4+ years","Full-time","Remote","Engineering","2024-07-08T12:15:29-04:00","2026-08-10T15:16:19-04:00","https://boards.greenhouse.io/figma/jobs/5220003004?gh_jid=5220003004"
"1560","5976930004","5","Data Scientist, Core Data -  PhD (2026)","San Francisco, CA • New York, NY","Early Career","US","Unspecified","Unspecified","Full-time","Remote","Data","2026-04-22T22:44:22-04:00","2026-07-22T05:37:08-04:00","https://boards.greenhouse.io/figma/jobs/5976930004?gh_jid=5976930004"
"1561","6013304004","5","Data Scientist, Finance","San Francisco, CA • New York, NY • United States","Engineering","Canada","Unspecified","3+ years","Full-time","Remote","Data","2026-06-12T15:20:07-04:00","2026-08-11T19:46:06-04:00","https://boards.greenhouse.io/figma/jobs/6013304004?gh_jid=6013304004"
"1562","5692764004","5","Designer Advocate - Figma Weave (New York, United States)","New York, NY","Weavy - Figma Weave","US","Unspecified","Unspecified","Full-time","Unspecified","Design","2025-10-30T10:05:53-04:00","2026-07-22T05:37:08-04:00","https://boards.greenhouse.io/figma/jobs/5692764004?gh_jid=5692764004"
"1563","6122399004","5","Designer Advocate (London, United Kingdom)","London, England","Marketing","London, UK","Unspecified","Unspecified","Full-time","Hybrid","Design","2026-07-23T10:50:39-04:00","2026-07-23T10:50:39-04:00","https://boards.greenhouse.io/figma/jobs/6122399004?gh_jid=6122399004"
"1564","6114301004","5","Designer Advocate, Partnerships","San Francisco, CA","Marketing","US","Unspecified","Unspecified","Internship","Unspecified","Design","2026-07-13T16:44:56-04:00","2026-07-22T05:37:08-04:00","https://boards.greenhouse.io/figma/jobs/6114301004?gh_jid=6114301004"
"1565","6022151004","5","Designer Advocate (São Paulo, Brazil)","São Paulo, Brazil","Marketing","São Paulo, Brazil","Unspecified","Unspecified","Full-time","Hybrid","Design","2026-06-23T15:49:23-04:00","2026-07-22T05:37:08-04:00","https://boards.greenhouse.io/figma/jobs/6022151004?gh_jid=6022151004"
"1566","6135395004","5","Design Program Manager, Context Platform","San Francisco, CA • New York, NY • United States","Design","Canada","Manager","5+ years","Full-time","Remote","Program Management","2026-08-27T11:41:17-04:00","2026-08-27T11:41:17-04:00","https://boards.greenhouse.io/figma/jobs/6135395004?gh_jid=6135395004"
"1567","6092343004","5","Director, Business Operations","San Francisco, CA • New York, NY • United States","Business Operations","US","Director","Unspecified","Full-time","Remote","Operations","2026-06-18T16:59:01-04:00","2026-07-22T05:37:08-04:00","https://boards.greenhouse.io/figma/jobs/6092343004?gh_jid=6092343004"
"1568","6019394004","5","Director, Business Systems","San Francisco, CA • New York, NY • United States","Business Operations","US","Director","10+ years","Full-time","Remote","Uncategorized","2026-06-11T12:26:45-04:00","2026-07-22T05:37:08-04:00","https://boards.greenhouse.io/figma/jobs/6019394004?gh_jid=6019394004"
"1569","6130865004","5","Director, Data Science","San Francisco, CA • New York, NY • United States","Engineering","Canada","Director","8+ years","Full-time","Remote","Uncategorized","2026-07-31T15:25:07-04:00","2026-07-31T15:25:07-04:00","https://boards.greenhouse.io/figma/jobs/6130865004?gh_jid=6130865004"
"1570","6130524004","5","Director, Enterprise Sales (London, United Kingdom)","London, England","Sales","London, UK","Director","10+ years","Full-time","Unspecified","Sales","2026-07-30T11:34:52-04:00","2026-07-30T11:34:52-04:00","https://boards.greenhouse.io/figma/jobs/6130524004?gh_jid=6130524004"
"1571","6112135004","5","Director, Marketing - Figma Weave (New York, United States)","New York, NY","Weavy - Figma Weave","US","Director","Unspecified","Full-time","Remote","Marketing","2026-08-27T17:49:49-04:00","2026-08-27T17:58:24-04:00","https://boards.greenhouse.io/figma/jobs/6112135004?gh_jid=6112135004"
"1572","6150563004","5","Director, People Partners - Product, Design & Engineering","San Francisco, CA","People","US","Director","Unspecified","Full-time","Unspecified","Engineering","2026-08-21T18:09:25-04:00","2026-08-24T19:43:59-04:00","https://boards.greenhouse.io/figma/jobs/6150563004?gh_jid=6150563004"
"1573","6112112004","5","Director, Research - AI Evals","San Francisco, CA • New York, NY • United States","Design","Canada","Director","10+ years","Full-time","Remote","Uncategorized","2026-07-13T12:16:39-04:00","2026-07-22T05:37:08-04:00","https://boards.greenhouse.io/figma/jobs/6112112004?gh_jid=6112112004"
"1574","5820284004","5","Director, Solutions Consulting","San Francisco, CA • New York, NY • United States","Sales","US","Director","10+ years","Full-time","Remote","Uncategorized","2026-03-12T18:53:29-04:00","2026-08-27T19:53:07-04:00","https://boards.greenhouse.io/figma/jobs/5820284004?gh_jid=5820284004"
"1575","6143018004","5","Director, Strategic Sales (Berlin, Germany)","Berlin, Germany","Sales","Berlin, DE","Director","7+ years","Unspecified","Unspecified","Sales","2026-08-17T11:55:11-04:00","2026-08-17T11:55:11-04:00","https://boards.greenhouse.io/figma/jobs/6143018004?gh_jid=6143018004"
"1576","5835172004","5","Director, Technical Revenue Accounting","San Francisco, CA • New York, NY • United States","Business Operations","US","Director","12+ years","Full-time","Remote","Finance","2026-03-25T21:44:20-04:00","2026-07-22T05:37:08-04:00","https://boards.greenhouse.io/figma/jobs/5835172004?gh_jid=5835172004"
"1577","5813967004","5","Distribution Partner Manager","San Francisco, CA • New York, NY • United States","Business Development","US","Manager","10+ years","Full-time","Remote","Uncategorized","2026-02-27T19:00:43-05:00","2026-07-22T05:37:08-04:00","https://boards.greenhouse.io/figma/jobs/5813967004?gh_jid=5813967004"
"1578","6100732004","5","Employment Counsel (London, United Kingdom)","London, England","Legal","London, UK","Unspecified","8+ years","Full-time","Remote","Legal","2026-06-25T16:49:34-04:00","2026-07-22T05:37:08-04:00","https://boards.greenhouse.io/figma/jobs/6100732004?gh_jid=6100732004"
"1579","5615966004","5","Enterprise Solutions Consultant (Bengaluru, India)","Bengaluru, India","Sales","Bengaluru, India","Unspecified","8+ years","Full-time","Unspecified","Uncategorized","2025-08-12T09:15:50-04:00","2026-07-22T05:37:08-04:00","https://boards.greenhouse.io/figma/jobs/5615966004?gh_jid=5615966004"
"1580","6105678004","5","Enterprise Support Specialist, Korean Speaking (London, United Kingdom)","London, England","Customer Operations and Support","London, UK","Unspecified","3+ years","Full-time","Hybrid","Support","2026-07-15T05:30:30-04:00","2026-08-11T19:13:31-04:00","https://boards.greenhouse.io/figma/jobs/6105678004?gh_jid=6105678004"
"1581","6126728004","5","Events Manager - Figma Weave (New York, United States)","New York, NY","Weavy - Figma Weave","Canada","Manager","Unspecified","Full-time","Unspecified","Marketing","2026-07-26T17:29:05-04:00","2026-07-26T17:29:05-04:00","https://boards.greenhouse.io/figma/jobs/6126728004?gh_jid=6126728004"
"1582","6132356004","5","Executive Assistant, Chief People Officer","San Francisco, CA","People","Canada","Chief","7+ years","Full-time","Unspecified","HR","2026-08-03T13:37:18-04:00","2026-08-03T13:37:18-04:00","https://boards.greenhouse.io/figma/jobs/6132356004?gh_jid=6132356004"
"1583","6115082004","5","Executive Assistant, Design","San Francisco, CA • New York, NY • United States","Design","Canada","Unspecified","5+ years","Full-time","Remote","Design","2026-07-15T18:44:03-04:00","2026-07-22T05:37:08-04:00","https://boards.greenhouse.io/figma/jobs/6115082004?gh_jid=6115082004"
"1584","5969046004","5","Executive Assistant, People","San Francisco, CA","People","Canada","Unspecified","6+ years","Full-time","Unspecified","HR","2026-04-15T11:50:10-04:00","2026-08-03T19:12:20-04:00","https://boards.greenhouse.io/figma/jobs/5969046004?gh_jid=5969046004"
"1585","6150074004","5","Executive Communications Manager","San Francisco, CA • New York, NY","Marketing","US","Manager","Unspecified","Full-time","Unspecified","Marketing","2026-08-23T19:41:58-04:00","2026-08-23T19:41:58-04:00","https://boards.greenhouse.io/figma/jobs/6150074004?gh_jid=6150074004"
"1586","6141591004","5","Executive Recruiter","San Francisco, CA • New York, NY • United States","Talent","US","Unspecified","8+ years","Full-time","Remote","HR","2026-08-13T12:23:48-04:00","2026-08-13T18:30:42-04:00","https://boards.greenhouse.io/figma/jobs/6141591004?gh_jid=6141591004"
"1587","6145639004","5","Federal Compliance Manager","San Francisco, CA • New York, NY • United States","Business Operations","US","Manager","5+ years","Full-time","Remote","Risk & Security","2026-08-28T18:31:15-04:00","2026-08-28T18:31:15-04:00","https://boards.greenhouse.io/figma/jobs/6145639004?gh_jid=6145639004"
"1588","6141213004","5","Field Marketing Manager, Third Party & Partner Events","San Francisco, CA • New York, NY • United States","Marketing","US","Manager","4+ years","Full-time","Remote","Marketing","2026-08-17T15:56:43-04:00","2026-08-17T16:18:32-04:00","https://boards.greenhouse.io/figma/jobs/6141213004?gh_jid=6141213004"
"1589","6158162004","5","Forward Deployed Engineer","San Francisco, CA • New York, NY • United States","Engineering","Canada","Unspecified","5+ years","Full-time","Remote","Engineering","2026-08-25T17:42:20-04:00","2026-08-27T13:21:25-04:00","https://boards.greenhouse.io/figma/jobs/6158162004?gh_jid=6158162004"
"1590","6173031004","5","Immigration Program Manager","San Francisco, CA • New York, NY • United States","People","Canada","Manager","5+ years","Full-time","Remote","Program Management","2026-08-28T13:26:45-04:00","2026-08-28T13:44:24-04:00","https://boards.greenhouse.io/figma/jobs/6173031004?gh_jid=6173031004"
"1591","6122269004","5","Inside Sales Representative, French or German Speaking (London, United Kingdom)","London, England","Sales","London, UK","Unspecified","Unspecified","Full-time","Unspecified","Sales","2026-07-22T12:04:38-04:00","2026-08-25T20:36:47-04:00","https://boards.greenhouse.io/figma/jobs/6122269004?gh_jid=6122269004"
"1592","6142782004","5","Inside Sales Representative (Singapore)","Singapore","Sales","Singapore","Unspecified","Unspecified","Full-time","Unspecified","Sales","2026-08-19T03:33:08-04:00","2026-08-19T03:33:08-04:00","https://boards.greenhouse.io/figma/jobs/6142782004?gh_jid=6142782004"
"1593","6164379004","5","IT Engineer, Internal AI Infrastructure","San Francisco, CA • New York, NY • United States","Business Operations","US","Intern","5+ years","Full-time","Remote","Engineering","2026-08-27T14:11:40-04:00","2026-08-27T14:11:40-04:00","https://boards.greenhouse.io/figma/jobs/6164379004?gh_jid=6164379004"
"1594","6144873004","5","Manager, Customer Enablement (Tokyo, Japan)","Tokyo, Japan","Sales","Tokyo, JP","Manager","3+ years","Full-time","Unspecified","Uncategorized","2026-08-17T21:56:24-04:00","2026-08-31T05:01:41-04:00","https://boards.greenhouse.io/figma/jobs/6144873004?gh_jid=6144873004"
"1595","6135656004","5","Manager, Design - Systems & Infrastructure","San Francisco, CA • New York, NY • United States","Design","Canada","Manager","4+ years","Full-time","Remote","Engineering","2026-08-14T12:47:07-04:00","2026-08-14T12:47:44-04:00","https://boards.greenhouse.io/figma/jobs/6135656004?gh_jid=6135656004"
"1596","6118332004","5","Manager, Distribution Partnerships","San Francisco, CA • New York, NY • United States","Business Development","US","Manager","12+ years","Full-time","Remote","Partnerships","2026-07-20T11:21:43-04:00","2026-07-22T05:37:08-04:00","https://boards.greenhouse.io/figma/jobs/6118332004?gh_jid=6118332004"
"1597","5996930004","5","Manager, Enterprise Sales","San Francisco, CA • New York, NY • United States","Sales","US","Manager","7+ years","Full-time","Remote","Sales","2026-05-19T21:44:07-04:00","2026-07-22T05:37:08-04:00","https://boards.greenhouse.io/figma/jobs/5996930004?gh_jid=5996930004"
"1598","6104574004","5","Manager, Enterprise Support (Singapore)","Singapore","Customer Operations and Support","Singapore","Manager","4+ years","Unspecified","Unspecified","Support","2026-07-01T22:33:38-04:00","2026-07-22T05:37:08-04:00","https://boards.greenhouse.io/figma/jobs/6104574004?gh_jid=6104574004"
"1599","6132269004","5","Manager, HRIS","San Francisco, CA • New York, NY • United States","People","US","Manager","8+ years","Full-time","Remote","HR","2026-08-03T11:23:59-04:00","2026-08-04T12:58:17-04:00","https://boards.greenhouse.io/figma/jobs/6132269004?gh_jid=6132269004"
"1600","6010992004","5","Manager, Inside Sales (London, United Kingdom)","London, England","Sales","London, UK","Manager","5+ years","Full-time","Unspecified","Sales","2026-06-04T12:21:29-04:00","2026-07-22T05:37:08-04:00","https://boards.greenhouse.io/figma/jobs/6010992004?gh_jid=6010992004"
"1601","6110744004","5","Manager, Mid-Market Sales (Berlin, Germany)","Berlin, Germany","Sales","Berlin, DE","Manager","7+ years","Full-time","On-site","Sales","2026-07-20T12:36:59-04:00","2026-07-22T05:37:08-04:00","https://boards.greenhouse.io/figma/jobs/6110744004?gh_jid=6110744004"
"1602","5790585004","5","Manager, Product Design","San Francisco, CA • New York, NY • United States","Design","Canada","Manager","3+ years","Full-time","Remote","Design","2026-02-04T11:41:24-05:00","2026-07-22T05:37:08-04:00","https://boards.greenhouse.io/figma/jobs/5790585004?gh_jid=5790585004"
"1603","6160732004","5","Manager, Product Management - Figma Platform Experience","San Francisco, CA • New York, NY • United States","Product","Canada","Manager","5+ years","Full-time","Remote","Uncategorized","2026-08-26T14:40:04-04:00","2026-08-27T13:03:13-04:00","https://boards.greenhouse.io/figma/jobs/6160732004?gh_jid=6160732004"
"1604","6104919004","5","Manager, Product Management - Roundtripping","New York, NY • United States","Product","Canada","Manager","3+ years","Full-time","Remote","Uncategorized","2026-07-24T16:05:13-04:00","2026-08-25T14:07:22-04:00","https://boards.greenhouse.io/figma/jobs/6104919004?gh_jid=6104919004"
"1605","6149007004","5","Manager, Product Management - Roundtripping (London, United Kingdom)","London, England","Product","London, UK","Manager","3+ years","Full-time","Remote","Uncategorized","2026-08-21T10:02:32-04:00","2026-08-25T14:08:24-04:00","https://boards.greenhouse.io/figma/jobs/6149007004?gh_jid=6149007004"
"1606","6015609004","5","Manager, Security Operations","San Francisco, CA • New York, NY • United States","Business Operations","US","Manager","7+ years","Full-time","Remote","Operations","2026-06-05T19:54:47-04:00","2026-07-22T05:37:08-04:00","https://boards.greenhouse.io/figma/jobs/6015609004?gh_jid=6015609004"
"1607","6166608004","5","Manager, SMB Sales","San Francisco, CA • New York, NY • United States","Sales","US","Manager","5+ years","Full-time","Remote","Sales","2026-08-28T09:28:09-04:00","2026-08-28T09:28:09-04:00","https://boards.greenhouse.io/figma/jobs/6166608004?gh_jid=6166608004"
"1608","6099616004","5","Manager, Software Engineering - AI Product (London, United Kingdom)","London, England","Engineering","London, UK","Manager","2+ years","Full-time","Remote","Engineering","2026-06-25T11:08:52-04:00","2026-07-22T05:37:08-04:00","https://boards.greenhouse.io/figma/jobs/6099616004?gh_jid=6099616004"
"1609","5722244004","5","Manager, Software Engineering - Billing","San Francisco, CA • New York, NY • United States","Engineering","Canada","Manager","4+ years","Full-time","Remote","Engineering","2025-12-01T13:41:32-05:00","2026-07-22T05:37:08-04:00","https://boards.greenhouse.io/figma/jobs/5722244004?gh_jid=5722244004"
"1610","6135721004","5","Manager, Software Engineering - Data Platform","San Francisco, CA • New York, NY • United States","Engineering","Canada","Manager","3+ years","Full-time","Remote","Engineering","2026-08-11T00:21:51-04:00","2026-08-28T17:33:15-04:00","https://boards.greenhouse.io/figma/jobs/6135721004?gh_jid=6135721004"
"1611","6008752004","5","Manager, Software Engineering - DevEx AI Tools","San Francisco, CA • New York, NY • United States","Engineering","Canada","Manager","3+ years","Full-time","Remote","Engineering","2026-06-03T16:01:07-04:00","2026-07-22T05:37:08-04:00","https://boards.greenhouse.io/figma/jobs/6008752004?gh_jid=6008752004"
"1612","6105734004","5","Manager, Software Engineering - Figma Weave (Tel Aviv, Israel)","Tel Aviv, Israel","Weavy - Figma Weave","Tel Aviv, Israel","Senior","4+ years","Full-time","Hybrid","Engineering","2026-07-02T13:40:31-04:00","2026-07-22T05:37:08-04:00","https://boards.greenhouse.io/figma/jobs/6105734004?gh_jid=6105734004"
"1613","6010279004","5","Manager, Software Engineering - Growth Platform","San Francisco, CA • New York, NY • United States","Engineering","Canada","Manager","3+ years","Full-time","Remote","Engineering","2026-06-03T16:02:13-04:00","2026-08-28T17:34:35-04:00","https://boards.greenhouse.io/figma/jobs/6010279004?gh_jid=6010279004"
"1614","5778796004","5","Manager, Software Engineering - Interaction Design","San Francisco, CA • New York, NY • United States","Engineering","Canada","Manager","2+ years","Full-time","Remote","Engineering","2026-01-22T15:48:32-05:00","2026-07-22T05:37:08-04:00","https://boards.greenhouse.io/figma/jobs/5778796004?gh_jid=5778796004"
"1615","5807963004","5","Manager, Software Engineering - Observability","San Francisco, CA • New York, NY • United States","Engineering","Canada","Manager","4+ years","Full-time","Remote","Engineering","2026-02-27T16:31:36-05:00","2026-08-28T17:33:53-04:00","https://boards.greenhouse.io/figma/jobs/5807963004?gh_jid=5807963004"
"1616","6111591004","5","Manager, Solutions Consulting (London, United Kingdom)","London, England","Sales","London, UK","Manager","8+ years","Unspecified","Hybrid","Uncategorized","2026-07-09T06:10:51-04:00","2026-08-06T12:07:19-04:00","https://boards.greenhouse.io/figma/jobs/6111591004?gh_jid=6111591004"
"1617","6134908004","5","Manager, Solutions Consulting (Tokyo, Japan)","Tokyo, Japan","Sales","Tokyo, JP","Manager","3+ years","Unspecified","Unspecified","Uncategorized","2026-08-06T18:08:00-04:00","2026-08-06T18:08:00-04:00","https://boards.greenhouse.io/figma/jobs/6134908004?gh_jid=6134908004"
"1618","5697641004","5","Manager, Solutions Consulting (United States)","San Francisco, CA • New York, NY • United States","Sales","US","Manager","3+ years","Full-time","Remote","Uncategorized","2025-11-10T07:47:53-05:00","2026-08-06T15:51:28-04:00","https://boards.greenhouse.io/figma/jobs/5697641004?gh_jid=5697641004"
"1619","5620034004","5","Manager, Strategic Sales","San Francisco, CA • New York, NY","Sales","Canada","Manager","7+ years","Full-time","Remote","Sales","2025-08-15T14:40:21-04:00","2026-07-22T05:37:08-04:00","https://boards.greenhouse.io/figma/jobs/5620034004?gh_jid=5620034004"
"1620","6013495004","5","Marketing Engineer","San Francisco, CA • New York, NY • United States","Marketing","US","Unspecified","5+ years","Full-time","Remote","Engineering","2026-06-05T16:57:53-04:00","2026-07-22T05:37:08-04:00","https://boards.greenhouse.io/figma/jobs/6013495004?gh_jid=6013495004"
"1621","6051050004","5","Onboarding Manager, Customer Experience (Tokyo, Japan)","Tokyo, Japan","Sales","Tokyo, JP","Manager","3+ years","Full-time","Hybrid","Uncategorized","2026-06-16T10:45:51-04:00","2026-07-22T05:37:08-04:00","https://boards.greenhouse.io/figma/jobs/6051050004?gh_jid=6051050004"
"1622","5711913004","5","Product Designer, AI Models","San Francisco, CA • New York, NY • United States","Design","Canada","Unspecified","Unspecified","Full-time","Remote","Product","2025-11-21T11:05:35-05:00","2026-07-22T05:37:08-04:00","https://boards.greenhouse.io/figma/jobs/5711913004?gh_jid=5711913004"
"1623","6126976004","5","Product Designer, CMS","San Francisco, CA • New York, NY • United States","Design","Canada","Unspecified","4+ years","Full-time","Remote","Product","2026-07-29T12:33:52-04:00","2026-08-03T14:29:30-04:00","https://boards.greenhouse.io/figma/jobs/6126976004?gh_jid=6126976004"
"1624","5711468004","5","Product Designer, Design, Dev, & AI Tools","San Francisco, CA • New York, NY • United States","Design","Canada","Unspecified","3+ years","Full-time","Remote","Product","2025-11-21T10:54:56-05:00","2026-07-22T05:37:08-04:00","https://boards.greenhouse.io/figma/jobs/5711468004?gh_jid=5711468004"
"1625","5787576004","5","Product Designer, Design Systems","San Francisco, CA • New York, NY • United States","Design","Canada","Unspecified","5+ years","Full-time","Remote","Product","2026-08-14T14:28:33-04:00","2026-08-14T14:28:33-04:00","https://boards.greenhouse.io/figma/jobs/5787576004?gh_jid=5787576004"
"1626","5991320004","5","Product Designer - Figma Weave (Tel Aviv, Israel)","Tel Aviv, Israel","Weavy - Figma Weave","Tel Aviv, Israel","Senior","5+ years","Unspecified","Hybrid","Product","2026-05-12T05:16:37-04:00","2026-07-22T05:37:08-04:00","https://boards.greenhouse.io/figma/jobs/5991320004?gh_jid=5991320004"
"1627","5711595004","5","Product Designer, Growth & Monetization","San Francisco, CA • New York, NY • United States","Design","Canada","Unspecified","3+ years","Full-time","Remote","Product","2025-11-21T10:48:47-05:00","2026-07-22T05:37:08-04:00","https://boards.greenhouse.io/figma/jobs/5711595004?gh_jid=5711595004"
"1628","6119781004","5","Product Manager, Acquisition","San Francisco, CA • New York, NY • United States","Product","Canada","Manager","5+ years","Full-time","Remote","Product","2026-07-22T12:38:28-04:00","2026-07-22T12:38:28-04:00","https://boards.greenhouse.io/figma/jobs/6119781004?gh_jid=6119781004"
"1629","5989185004","5","Product Manager, AI Growth","San Francisco, CA • New York, NY • United States","Product","Canada","Manager","7+ years","Internship","Unspecified","Product","2026-05-06T14:54:55-04:00","2026-07-22T05:37:08-04:00","https://boards.greenhouse.io/figma/jobs/5989185004?gh_jid=5989185004"
"1630","6100482004","5","Product Manager, Developer Platform","San Francisco, CA • New York, NY • United States","Product","Canada","Manager","6+ years","Full-time","Remote","Engineering","2026-07-10T17:48:31-04:00","2026-08-07T17:26:03-04:00","https://boards.greenhouse.io/figma/jobs/6100482004?gh_jid=6100482004"
"1631","5991338004","5","Product Manager - Figma Weave (Tel Aviv, Israel)","Tel Aviv, Israel","Weavy - Figma Weave","Tel Aviv, Israel","Senior","6+ years","Full-time","Unspecified","Product","2026-07-17T06:55:51-04:00","2026-08-25T20:54:43-04:00","https://boards.greenhouse.io/figma/jobs/5991338004?gh_jid=5991338004"
"1632","6105673004","5","Product Marketing Manager - Figma Weave (Tel Aviv, Israel)","Tel Aviv, Israel","Weavy - Figma Weave","Tel Aviv, Israel","Senior","6+ years","Unspecified","Unspecified","Marketing","2026-07-09T10:24:34-04:00","2026-07-22T05:37:08-04:00","https://boards.greenhouse.io/figma/jobs/6105673004?gh_jid=6105673004"
"1633","5822583004","5","Product Partner Manager","San Francisco, CA • New York, NY • United States","Business Development","US","Manager","5+ years","Full-time","Remote","Uncategorized","2026-03-11T11:56:35-04:00","2026-08-28T12:15:26-04:00","https://boards.greenhouse.io/figma/jobs/5822583004?gh_jid=5822583004"
"1634","6130540004","5","Program Manager, Scale Onboarding (London, United Kingdom)","London, England","Sales","London, UK","Manager","4+ years","Full-time","Unspecified","Program Management","2026-08-04T16:52:51-04:00","2026-08-04T16:52:51-04:00","https://boards.greenhouse.io/figma/jobs/6130540004?gh_jid=6130540004"
"1635","6014235004","5","Recruiter (Berlin, Germany)","Berlin, Germany","Talent","Berlin, DE","Unspecified","7+ years","Full-time","Hybrid","HR","2026-06-05T06:03:13-04:00","2026-07-22T05:37:08-04:00","https://boards.greenhouse.io/figma/jobs/6014235004?gh_jid=6014235004"
"1636","6019700004","5","Recruiter, French Speaking (London, United Kingdom)","London, England","Talent","London, UK","Unspecified","7+ years","Full-time","Hybrid","HR","2026-06-15T08:54:49-04:00","2026-08-28T12:05:20-04:00","https://boards.greenhouse.io/figma/jobs/6019700004?gh_jid=6019700004"
"1637","6144871004","5","Recruiter (Singapore)","Singapore","Talent","Singapore","Unspecified","5+ years","Full-time","Hybrid","HR","2026-08-21T01:00:40-04:00","2026-08-21T01:00:40-04:00","https://boards.greenhouse.io/figma/jobs/6144871004?gh_jid=6144871004"
"1638","5810842004","5","Regional Marketing Manager, LATAM (São Paulo, Brazil)","São Paulo, Brazil","Marketing","São Paulo, Brazil","Manager","8+ years","Full-time","Unspecified","Marketing","2026-03-02T11:55:51-05:00","2026-08-21T13:29:59-04:00","https://boards.greenhouse.io/figma/jobs/5810842004?gh_jid=5810842004"
"1639","5651744004","5","Researcher, Figma Agentic Experiences","San Francisco, CA • New York, NY • United States","Design","Canada","Unspecified","7+ years","Full-time","Remote","Uncategorized","2025-09-17T15:52:00-04:00","2026-08-26T10:10:45-04:00","https://boards.greenhouse.io/figma/jobs/5651744004?gh_jid=5651744004"
"1640","6123146004","5","Sales Operations Manager (Singapore)","Singapore","Sales","Singapore","Manager","7+ years","Unspecified","Hybrid","Sales","2026-07-24T13:49:49-04:00","2026-07-24T13:49:49-04:00","https://boards.greenhouse.io/figma/jobs/6123146004?gh_jid=6123146004"
"1641","5829751004","5","Security Engineer","San Francisco, CA • New York, NY • United States","Engineering","US","Unspecified","5+ years","Full-time","Remote","Engineering","2026-03-16T17:53:45-04:00","2026-07-22T05:37:08-04:00","https://boards.greenhouse.io/figma/jobs/5829751004?gh_jid=5829751004"
"1642","6119198004","5","Senior Accountant","San Francisco, CA • New York, NY • United States","Business Operations","US","Senior","5+ years","Full-time","Remote","Uncategorized","2026-07-21T23:18:04-04:00","2026-07-22T06:09:51-04:00","https://boards.greenhouse.io/figma/jobs/6119198004?gh_jid=6119198004"
"1643","5565447004","5","Senior Account Executive, SMB","San Francisco, CA • New York, NY • United States","Sales","US","Senior","Unspecified","Full-time","Unspecified","Sales","2025-06-13T17:45:06-04:00","2026-07-22T05:37:08-04:00","https://boards.greenhouse.io/figma/jobs/5565447004?gh_jid=5565447004"
"1644","5988684004","5","Senior Account Executive, UK Government (London, United Kingdom)","London, England","Sales","London, UK","Senior","Unspecified","Unspecified","Unspecified","Sales","2026-05-07T11:43:38-04:00","2026-07-22T05:37:08-04:00","https://boards.greenhouse.io/figma/jobs/5988684004?gh_jid=5988684004"
"1645","6105538004","5","Senior Analyst, SEC Reporting & Technical Accounting","San Francisco, CA • New York, NY • United States","Business Operations","US","Senior","3+ years","Full-time","Remote","Finance","2026-07-08T14:21:34-04:00","2026-07-22T05:37:08-04:00","https://boards.greenhouse.io/figma/jobs/6105538004?gh_jid=6105538004"
"1646","6003308004","5","Senior Field Enablement Manager (Tokyo, Japan)","Tokyo, Japan","Sales","Tokyo, JP","Senior","6+ years","Full-time","Hybrid","Uncategorized","2026-05-26T23:20:03-04:00","2026-08-25T21:03:53-04:00","https://boards.greenhouse.io/figma/jobs/6003308004?gh_jid=6003308004"
"1647","6124232004","5","Senior Manager, Enterprise Sales (London, United Kingdom)","London, England","Sales","London, UK","Senior","7+ years","Full-time","Unspecified","Sales","2026-07-24T07:16:26-04:00","2026-07-24T07:16:26-04:00","https://boards.greenhouse.io/figma/jobs/6124232004?gh_jid=6124232004"
"1648","5753194004","5","Senior Manager, Enterprise Sales (Tokyo, Japan)","Tokyo, Japan","Sales","Tokyo, JP","Senior","15+ years","Full-time","Unspecified","Sales","2026-01-09T12:17:19-05:00","2026-07-22T05:37:08-04:00","https://boards.greenhouse.io/figma/jobs/5753194004?gh_jid=5753194004"
"1649","6104505004","5","Senior Product Counsel","San Francisco, CA • New York, NY • United States","Legal","US","Senior","8+ years","Full-time","Remote","Legal","2026-07-02T13:45:17-04:00","2026-07-22T05:37:08-04:00","https://boards.greenhouse.io/figma/jobs/6104505004?gh_jid=6104505004"
"1650","6139275004","5","Senior Revenue Analyst","San Francisco, CA • New York, NY • United States","Business Operations","US","Senior","4+ years","Full-time","Remote","Uncategorized","2026-08-10T17:26:59-04:00","2026-08-10T17:26:59-04:00","https://boards.greenhouse.io/figma/jobs/6139275004?gh_jid=6139275004"
"1651","5835673004","5","Senior Technical Revenue Analyst (Dublin, Ireland)","Dublin, Ireland","Business Operations","Dublin, IE","Senior","3+ years","Full-time","Hybrid","Uncategorized","2026-03-26T15:26:47-04:00","2026-07-22T05:37:08-04:00","https://boards.greenhouse.io/figma/jobs/5835673004?gh_jid=5835673004"
"1652","5691886004","5","Software Engineer - AI Platforms","San Francisco, CA • New York, NY • United States","Engineering","Canada","Unspecified","5+ years","Full-time","Remote","Engineering","2025-11-01T15:10:47-04:00","2026-08-11T20:04:09-04:00","https://boards.greenhouse.io/figma/jobs/5691886004?gh_jid=5691886004"
"1653","5551730004","5","Software Engineer - AI Product","San Francisco, CA • New York, NY • United States","Engineering","Canada","Unspecified","5+ years","Full-time","Remote","Engineering","2025-06-02T05:59:53-04:00","2026-08-11T20:04:41-04:00","https://boards.greenhouse.io/figma/jobs/5551730004?gh_jid=5551730004"
"1654","5551697004","5","Software Engineer - AI Product (London, United Kingdom)","London, England","Engineering","London, UK","Unspecified","3+ years","Unspecified","Unspecified","Engineering","2025-06-02T05:52:39-04:00","2026-08-27T06:24:15-04:00","https://boards.greenhouse.io/figma/jobs/5551697004?gh_jid=5551697004"
"1655","6142506004","5","Software Engineer - Application Platform","San Francisco, CA • New York, NY • United States","Engineering","Canada","Unspecified","5+ years","Full-time","Remote","Engineering","2026-08-17T13:48:59-04:00","2026-08-18T19:32:16-04:00","https://boards.greenhouse.io/figma/jobs/6142506004?gh_jid=6142506004"
"1656","5552530004","5","Software Engineer - C++","San Francisco, CA • New York, NY • United States","Engineering","Canada","Unspecified","4+ years","Full-time","Remote","Engineering","2025-06-02T06:02:45-04:00","2026-08-11T20:05:21-04:00","https://boards.greenhouse.io/figma/jobs/5552530004?gh_jid=5552530004"
"1657","5551686004","5","Software Engineer - Data Infrastructure","San Francisco, CA • New York, NY • United States","Engineering","Canada","Unspecified","5+ years","Full-time","Remote","Engineering","2025-06-02T06:16:21-04:00","2026-08-11T20:06:06-04:00","https://boards.greenhouse.io/figma/jobs/5551686004?gh_jid=5551686004"
"1658","5790627004","5","Software Engineer - Developer Experience","San Francisco, CA • New York, NY • United States","Engineering","Canada","Unspecified","5+ years","Full-time","Remote","Engineering","2026-02-03T23:28:07-05:00","2026-08-11T20:06:40-04:00","https://boards.greenhouse.io/figma/jobs/5790627004?gh_jid=5790627004"
"1659","5552549004","5","Software Engineer - Distributed Systems","San Francisco, CA • New York, NY • United States","Engineering","Canada","Unspecified","5+ years","Full-time","Remote","Engineering","2025-06-02T06:14:45-04:00","2026-08-11T20:08:53-04:00","https://boards.greenhouse.io/figma/jobs/5552549004?gh_jid=5552549004"
"1660","6073106004","5","Software Engineer - Figma Weave (Tel Aviv, Israel)","Tel Aviv, Israel","Weavy - Figma Weave","Tel Aviv, Israel","Senior","5+ years","Internship","Unspecified","Engineering","2026-06-17T15:34:54-04:00","2026-07-22T05:37:08-04:00","https://boards.greenhouse.io/figma/jobs/6073106004?gh_jid=6073106004"
"1661","5691911004","5","Software Engineer - Full Stack","San Francisco, CA • New York, NY • United States","Engineering","Canada","Unspecified","Unspecified","Full-time","Remote","Engineering","2025-11-01T15:16:06-04:00","2026-08-11T20:07:17-04:00","https://boards.greenhouse.io/figma/jobs/5691911004?gh_jid=5691911004"
"1662","5552522004","5","Software Engineer - Graphics & Media","San Francisco, CA • New York, NY • United States","Engineering","Canada","Unspecified","5+ years","Full-time","Remote","Engineering","2025-06-02T06:08:58-04:00","2026-08-11T20:07:50-04:00","https://boards.greenhouse.io/figma/jobs/5552522004?gh_jid=5552522004"
"1663","5552560004","5","Software Engineer - Growth & Monetization","San Francisco, CA • New York, NY • United States","Engineering","Canada","Unspecified","4+ years","Full-time","Remote","Engineering","2025-06-02T06:07:15-04:00","2026-08-11T20:08:21-04:00","https://boards.greenhouse.io/figma/jobs/5552560004?gh_jid=5552560004"
"1664","6131089004","5","Software Engineer Intern (Winter 2027)","San Francisco, CA • New York, NY","Early Career","US","Intern","Unspecified","Internship","Remote","Engineering","2026-08-10T15:03:06-04:00","2026-08-24T18:00:23-04:00","https://boards.greenhouse.io/figma/jobs/6131089004?gh_jid=6131089004"
"1665","5551532004","5","Software Engineer - Machine Learning","San Francisco, CA • New York, NY • United States","Engineering","Canada","Unspecified","5+ years","Full-time","Remote","Engineering","2025-06-02T06:24:11-04:00","2026-08-11T20:09:33-04:00","https://boards.greenhouse.io/figma/jobs/5551532004?gh_jid=5551532004"
"1666","6100023004","5","Software Engineer - Mobile Web","San Francisco, CA • New York, NY • United States","Engineering","Canada","Unspecified","4+ years","Full-time","Remote","Engineering","2026-06-25T19:54:17-04:00","2026-08-11T20:09:58-04:00","https://boards.greenhouse.io/figma/jobs/6100023004?gh_jid=6100023004"
"1667","5781928004","5","Software Engineer - Production Engineering (London, United Kingdom)","London, England","Engineering","London, UK","Unspecified","5+ years","Unspecified","Remote","Engineering","2026-02-03T13:52:45-05:00","2026-08-11T20:11:34-04:00","https://boards.greenhouse.io/figma/jobs/5781928004?gh_jid=5781928004"
"1668","6102379004","5","Software Engineer - Traffic","San Francisco, CA • New York, NY • United States","Engineering","Canada","Unspecified","4+ years","Full-time","Remote","Engineering","2026-06-26T12:43:35-04:00","2026-08-11T20:12:13-04:00","https://boards.greenhouse.io/figma/jobs/6102379004?gh_jid=6102379004"
"1669","5783377004","5","Solutions Consultant","San Francisco, CA • New York, NY • United States","Sales","US","Unspecified","8+ years","Full-time","Remote","Uncategorized","2026-02-06T20:22:27-05:00","2026-07-22T05:37:08-04:00","https://boards.greenhouse.io/figma/jobs/5783377004?gh_jid=5783377004"
"1670","5735853004","5","Solutions Consultant (Berlin, Germany)","Berlin, Germany","Sales","Berlin, DE","Unspecified","6+ years","Full-time","Unspecified","Uncategorized","2025-12-16T02:55:42-05:00","2026-08-11T06:40:38-04:00","https://boards.greenhouse.io/figma/jobs/5735853004?gh_jid=5735853004"
"1671","5735493004","5","Solutions Consultant (London, United Kingdom)","London, England","Sales","London, UK","Unspecified","6+ years","Full-time","Unspecified","Uncategorized","2025-12-16T02:56:21-05:00","2026-07-22T05:37:08-04:00","https://boards.greenhouse.io/figma/jobs/5735493004?gh_jid=5735493004"
"1672","6111166004","5","Solutions Consultant, Payload","San Francisco, CA • New York, NY • United States","Sales","US","Unspecified","4+ years","Full-time","Remote","Uncategorized","2026-07-10T16:37:37-04:00","2026-07-22T05:37:08-04:00","https://boards.greenhouse.io/figma/jobs/6111166004?gh_jid=6111166004"
"1673","5993635004","5","Solutions Consultant (Sydney, Australia)","Sydney, Australia","Sales","Sydney, Australia","Unspecified","8+ years","Internship","Unspecified","Uncategorized","2026-05-18T14:31:19-04:00","2026-07-22T05:37:08-04:00","https://boards.greenhouse.io/figma/jobs/5993635004?gh_jid=5993635004"
"1674","5792631004","5","Strategic Finance","San Francisco, CA • New York, NY • United States","Business Operations","US","Unspecified","5+ years","Full-time","Remote","Finance","2026-02-04T23:55:46-05:00","2026-07-22T05:37:08-04:00","https://boards.greenhouse.io/figma/jobs/5792631004?gh_jid=5792631004"
"1675","6112961004","5","Strategic Finance, AI Innovation","San Francisco, CA • New York, NY • United States","Business Operations","US","Unspecified","5+ years","Full-time","Remote","Finance","2026-07-22T11:47:48-04:00","2026-08-18T20:30:05-04:00","https://boards.greenhouse.io/figma/jobs/6112961004?gh_jid=6112961004"
"1676","6146574004","5","Strategic Partner Manager","San Francisco, CA • New York, NY • United States","Business Development","Canada","Manager","10+ years","Full-time","Remote","Uncategorized","2026-08-21T10:06:22-04:00","2026-08-21T10:06:22-04:00","https://boards.greenhouse.io/figma/jobs/6146574004?gh_jid=6146574004"
"1677","6144522004","5","Strategic Program Manager, Information Security","San Francisco, CA • New York, NY • United States","Business Operations","US","Manager","5+ years","Full-time","Remote","Program Management","2026-08-19T17:30:55-04:00","2026-08-19T17:30:55-04:00","https://boards.greenhouse.io/figma/jobs/6144522004?gh_jid=6144522004"
"1678","5802956004","5","Support Engineer, AI Infrastructure","San Francisco, CA • New York, NY • United States","Customer Operations and Support","US","Unspecified","3+ years","Full-time","Remote","Engineering","2026-02-12T19:52:24-05:00","2026-07-22T05:37:08-04:00","https://boards.greenhouse.io/figma/jobs/5802956004?gh_jid=5802956004"
"1679","6037719004","5","Support Engineer, Content Systems","San Francisco, CA • New York, NY • United States","Customer Operations and Support","US","Unspecified","5+ years","Full-time","Remote","Engineering","2026-06-22T19:26:48-04:00","2026-08-19T23:55:16-04:00","https://boards.greenhouse.io/figma/jobs/6037719004?gh_jid=6037719004"
"1680","6113161004","5","Technical Account Manager, Mandarin Speaking (Singapore)","Singapore","Sales","Singapore","Manager","5+ years","Full-time","Unspecified","Sales","2026-08-09T21:25:44-04:00","2026-08-11T19:04:47-04:00","https://boards.greenhouse.io/figma/jobs/6113161004?gh_jid=6113161004"
"1681","6006175004","5","Technical Account Manager (Tokyo, Japan)","Tokyo, Japan","Sales","Tokyo, JP","Manager","5+ years","Full-time","Unspecified","Sales","2026-05-27T22:25:02-04:00","2026-07-28T05:38:26-04:00","https://boards.greenhouse.io/figma/jobs/6006175004?gh_jid=6006175004"
"1682","6009613004","5","Technical Program Manager - Data","San Francisco, CA • New York, NY • United States","Engineering","Canada","Manager","5+ years","Full-time","Remote","Program Management","2026-06-01T18:48:58-04:00","2026-08-10T15:43:04-04:00","https://boards.greenhouse.io/figma/jobs/6009613004?gh_jid=6009613004"
"1683","6020719004","5","Technical Program Manager - Infrastructure","San Francisco, CA • New York, NY • United States","Engineering","Canada","Manager","8+ years","Full-time","Remote","Engineering","2026-06-12T15:00:55-04:00","2026-08-25T13:25:19-04:00","https://boards.greenhouse.io/figma/jobs/6020719004?gh_jid=6020719004"
"1684","6111625004","5","Technical Quality Specialist","San Francisco, CA • New York, NY • United States","Customer Operations and Support","US","Unspecified","4+ years","Full-time","Remote","Uncategorized","2026-07-10T10:16:06-04:00","2026-07-22T05:37:08-04:00","https://boards.greenhouse.io/figma/jobs/6111625004?gh_jid=6111625004"
"1685","6008343004","5","Voice of the Customer Program Manager","San Francisco, CA • New York, NY • United States","Customer Operations and Support","US","Manager","Unspecified","Full-time","Remote","Program Management","2026-06-04T12:40:21-04:00","2026-07-22T05:37:08-04:00","https://boards.greenhouse.io/figma/jobs/6008343004?gh_jid=6008343004"
"1686","8686667002","6","Account Executive, Small Business","San Francisco, California, United States","Sales","New York, NY","Unspecified","Unspecified","Internship","Remote","Sales","2026-08-06T18:06:22-04:00","2026-08-19T09:52:59-04:00","https://www.brex.com/careers/8686667002?gh_jid=8686667002"
"1687","8688112002","6","Account Executive, Small Business","Salt Lake City, Utah, United States","Sales","New York, NY","Unspecified","Unspecified","Internship","Remote","Sales","2026-08-06T18:06:24-04:00","2026-08-19T09:52:59-04:00","https://www.brex.com/careers/8688112002?gh_jid=8688112002"
"1688","8688110002","6","Account Executive, Small Business","New York, New York, United States","Sales","New York, NY","Unspecified","Unspecified","Internship","Remote","Sales","2026-08-06T18:06:23-04:00","2026-08-19T09:52:59-04:00","https://www.brex.com/careers/8688110002?gh_jid=8688110002"
"1689","8721806002","6","Account Executive, YC","San Francisco, California, United States","Sales","San Francisco, CA","Unspecified","2+ years","Internship","Remote","Sales","2026-08-17T14:48:31-04:00","2026-08-19T09:53:00-04:00","https://www.brex.com/careers/8721806002?gh_jid=8721806002"
"1690","8387049002","6","Account Manager","San Francisco, California, United States","Sales","New York, NY","Manager","2+ years","Internship","Remote","Sales","2026-01-28T14:58:18-05:00","2026-08-19T09:52:58-04:00","https://www.brex.com/careers/8387049002?gh_jid=8387049002"
"1691","8606890002","6","AI Engineer, Ecosystem","San Francisco, California, United States","Engineering","San Francisco, CA","Unspecified","Unspecified","Internship","Remote","Engineering","2026-06-24T17:25:11-04:00","2026-08-19T09:52:59-04:00","https://www.brex.com/careers/8606890002?gh_jid=8606890002"
"1692","8606885002","6","AI Engineer, Ecosystem","Seattle, Washington, United States","Engineering","San Francisco, CA","Unspecified","Unspecified","Internship","Remote","Engineering","2026-06-24T17:25:10-04:00","2026-08-19T09:52:59-04:00","https://www.brex.com/careers/8606885002?gh_jid=8606885002"
"1693","8606845002","6","AI Engineer, Product","San Francisco, California, United States","Engineering","San Francisco, CA","Unspecified","Unspecified","Contract","Remote","Engineering","2026-06-24T17:03:04-04:00","2026-08-19T09:52:59-04:00","https://www.brex.com/careers/8606845002?gh_jid=8606845002"
"1694","8743271002","6","Banking Specialist","San Francisco, California, United States","Sales","San Francisco, CA","Unspecified","3+ years","Internship","Remote","Uncategorized","2026-08-27T13:52:42-04:00","2026-08-27T13:52:42-04:00","https://www.brex.com/careers/8743271002?gh_jid=8743271002"
"1695","8551693002","6","BizOps Senior Manager (Technical)","New York, New York, United States","Finance","New York, NY","Senior","5+ years","Internship","Remote","Uncategorized","2026-05-15T10:30:27-04:00","2026-06-11T15:08:13-04:00","https://www.brex.com/careers/8551693002?gh_jid=8551693002"
"1696","8551701002","6","BizOps Senior Manager (Technical)","Vancouver, British Columbia, Canada","Finance","New York, NY","Senior","5+ years","Internship","Remote","Uncategorized","2026-05-15T10:32:03-04:00","2026-06-11T15:09:39-04:00","https://www.brex.com/careers/8551701002?gh_jid=8551701002"
"1697","8551699002","6","BizOps Senior Manager (Technical)","Salt Lake City, Utah, United States","Finance","New York, NY","Senior","5+ years","Internship","Remote","Uncategorized","2026-05-15T10:39:08-04:00","2026-06-11T15:08:53-04:00","https://www.brex.com/careers/8551699002?gh_jid=8551699002"
"1698","8551745002","6","BizOps Senior Manager (Technical)","São Paulo, São Paulo, Brazil","Finance","New York, NY","Senior","5+ years","Internship","Remote","Uncategorized","2026-05-15T11:01:15-04:00","2026-08-28T14:27:15-04:00","https://www.brex.com/careers/8551745002?gh_jid=8551745002"
"1699","8550065002","6","BizOps Senior Manager (Technical)","San Francisco, California, United States","Finance","New York, NY","Senior","5+ years","Internship","Remote","Uncategorized","2026-05-15T10:24:12-04:00","2026-08-28T14:29:13-04:00","https://www.brex.com/careers/8550065002?gh_jid=8550065002"
"1700","8551691002","6","BizOps Senior Manager (Technical)","Seattle, Washington, United States","Finance","New York, NY","Senior","5+ years","Internship","Remote","Uncategorized","2026-05-15T10:30:25-04:00","2026-08-31T15:37:58-04:00","https://www.brex.com/careers/8551691002?gh_jid=8551691002"
"1701","8735431002","6","Business Development (Embedded Finance) Director","New York, New York, United States","Sales","New York, NY","Director","8+ years","Contract","Remote","Sales","2026-08-20T21:55:12-04:00","2026-08-31T12:03:59-04:00","https://www.brex.com/careers/8735431002?gh_jid=8735431002"
"1702","8735520002","6","Business Development (Embedded Finance) Director","San Francisco, California, United States","Sales","New York, NY","Director","8+ years","Contract","Remote","Sales","2026-08-20T21:55:54-04:00","2026-08-31T12:03:42-04:00","https://www.brex.com/careers/8735520002?gh_jid=8735520002"
"1703","8503146002","6","Business Recruiter","Salt Lake City, Utah, United States","People","New York, NY","Unspecified","1+ years","Internship","Remote","HR","2026-04-11T11:12:18-04:00","2026-08-27T15:16:08-04:00","https://www.brex.com/careers/8503146002?gh_jid=8503146002"
"1704","8503148002","6","Business Recruiter","San Francisco, California, United States","People","New York, NY","Unspecified","1+ years","Internship","Remote","HR","2026-04-11T11:15:21-04:00","2026-08-27T15:16:09-04:00","https://www.brex.com/careers/8503148002?gh_jid=8503148002"
"1705","8503147002","6","Business Recruiter","New York, New York, United States","People","New York, NY","Unspecified","1+ years","Internship","Remote","HR","2026-04-11T11:14:35-04:00","2026-08-27T15:16:13-04:00","https://www.brex.com/careers/8503147002?gh_jid=8503147002"
"1706","8503145002","6","Business Recruiter","Vancouver, British Columbia, Canada","People","New York, NY","Unspecified","1+ years","Internship","Remote","HR","2026-04-11T11:11:14-04:00","2026-08-27T15:16:11-04:00","https://www.brex.com/careers/8503145002?gh_jid=8503145002"
"1707","8756194002","6","Client Development Representative","New York, New York, United States; San Francisco, California, United States; Seattle, Washington, United States; Vancouver, British Columbia, Canada","Sales","New York, NY","Unspecified","2+ years","Internship","Remote","Uncategorized","2026-08-27T15:30:53-04:00","2026-08-28T15:58:10-04:00","https://www.brex.com/careers/8756194002?gh_jid=8756194002"
"1708","8678396002","6","Commercial Counsel","San Francisco, California, United States","Legal","New York, NY","Unspecified","3+ years","Contract","Remote","Legal","2026-08-04T16:45:44-04:00","2026-08-31T09:44:46-04:00","https://www.brex.com/careers/8678396002?gh_jid=8678396002"
"1709","8678769002","6","Commercial Counsel","New York, New York, United States","Legal","New York, NY","Unspecified","3+ years","Contract","Remote","Legal","2026-08-04T16:45:45-04:00","2026-08-31T09:45:08-04:00","https://www.brex.com/careers/8678769002?gh_jid=8678769002"
"1710","8678831002","6","Commercial Counsel","Salt Lake City, Utah, United States","Legal","New York, NY","Unspecified","3+ years","Contract","Remote","Legal","2026-08-04T16:45:47-04:00","2026-08-31T09:45:54-04:00","https://www.brex.com/careers/8678831002?gh_jid=8678831002"
"1711","8678771002","6","Commercial Counsel","Seattle, Washington, United States","Legal","New York, NY","Unspecified","3+ years","Contract","Remote","Legal","2026-08-04T16:45:46-04:00","2026-08-31T09:45:29-04:00","https://www.brex.com/careers/8678771002?gh_jid=8678771002"
"1712","8742343002","6","Compliance Manager, Marketing","United States","Legal","San Francisco, CA","Manager","6+ years","Internship","Remote","Marketing","2026-08-24T11:31:13-04:00","2026-08-25T10:21:46-04:00","https://www.brex.com/careers/8742343002?gh_jid=8742343002"
"1713","8544881002","6","Compliance Manager, Marketing","New York, New York, United States","Legal","San Francisco, CA","Manager","6+ years","Internship","Remote","Marketing","2026-05-12T00:09:18-04:00","2026-08-19T09:52:59-04:00","https://www.brex.com/careers/8544881002?gh_jid=8544881002"
"1714","8544757002","6","Compliance Manager, Marketing","San Francisco, California, United States","Legal","San Francisco, CA","Manager","6+ years","Internship","Remote","Marketing","2026-05-12T00:09:16-04:00","2026-08-19T09:52:59-04:00","https://www.brex.com/careers/8544757002?gh_jid=8544757002"
"1715","8544882002","6","Compliance Manager, Marketing","Seattle, Washington, United States","Legal","San Francisco, CA","Manager","6+ years","Internship","Remote","Marketing","2026-05-12T00:09:19-04:00","2026-08-19T09:52:59-04:00","https://www.brex.com/careers/8544882002?gh_jid=8544882002"
"1716","8698360002","6","Credit Card Counsel","Salt Lake City, Utah, United States","Legal","San Francisco, CA","Unspecified","4+ years","Contract","Remote","Legal","2026-08-11T20:26:42-04:00","2026-08-31T09:44:06-04:00","https://www.brex.com/careers/8698360002?gh_jid=8698360002"
"1717","8698359002","6","Credit Card Counsel","Seattle, Washington, United States","Legal","San Francisco, CA","Unspecified","4+ years","Contract","Remote","Legal","2026-08-11T20:26:41-04:00","2026-08-31T09:43:48-04:00","https://www.brex.com/careers/8698359002?gh_jid=8698359002"
"1718","8698358002","6","Credit Card Counsel","San Francisco, California, United States","Legal","San Francisco, CA","Unspecified","4+ years","Contract","Remote","Legal","2026-08-11T20:26:40-04:00","2026-08-31T09:43:24-04:00","https://www.brex.com/careers/8698358002?gh_jid=8698358002"
"1719","8697069002","6","Credit Card Counsel","New York, New York, United States","Legal","San Francisco, CA","Unspecified","4+ years","Contract","Remote","Legal","2026-08-11T20:26:40-04:00","2026-08-31T09:42:57-04:00","https://www.brex.com/careers/8697069002?gh_jid=8697069002"
"1720","8463703002","6","Data Analyst II","São Paulo, São Paulo, Brazil","Finance","New York, NY","Unspecified","4+ years","Unspecified","Remote","Data","2026-03-14T16:31:19-04:00","2026-06-10T13:59:16-04:00","https://www.brex.com/careers/8463703002?gh_jid=8463703002"
"1721","8463696002","6","Data Analyst II","San Francisco, California, United States","Finance","New York, NY","Unspecified","3+ years","Internship","Remote","Data","2026-03-14T16:27:33-04:00","2026-06-10T13:59:16-04:00","https://www.brex.com/careers/8463696002?gh_jid=8463696002"
"1722","8463702002","6","Data Analyst II","New York, New York, United States","Finance","New York, NY","Unspecified","3+ years","Internship","Remote","Data","2026-03-14T16:27:34-04:00","2026-06-10T13:59:16-04:00","https://www.brex.com/careers/8463702002?gh_jid=8463702002"
"1723","8366850002","6","Data Engineer","San Francisco, California, United States","Finance","San Francisco, CA","Unspecified","3+ years","Internship","Remote","Engineering","2026-01-08T17:13:05-05:00","2026-06-10T13:59:16-04:00","https://www.brex.com/careers/8366850002?gh_jid=8366850002"
"1724","8523806002","6","Data Engineer","São Paulo, São Paulo, Brazil","Finance","San Francisco, CA","Unspecified","3+ years","Unspecified","Remote","Engineering","2026-04-24T16:47:23-04:00","2026-07-14T16:30:36-04:00","https://www.brex.com/careers/8523806002?gh_jid=8523806002"
"1725","8735070002","6","Data Scientist II, Applied ML","São Paulo, São Paulo, Brazil","Engineering","São Paulo","Unspecified","3+ years","Unspecified","Unspecified","Data","2026-08-20T23:09:34-04:00","2026-08-26T12:55:58-04:00","https://www.brex.com/careers/8735070002?gh_jid=8735070002"
"1726","8627225002","6","Director, Credit Risk","San Francisco, California, United States","Risk & Credit","New York, NY","Director","10+ years","Internship","Remote","Risk & Security","2026-07-09T15:52:40-04:00","2026-07-09T16:00:06-04:00","https://www.brex.com/careers/8627225002?gh_jid=8627225002"
"1727","8627283002","6","Director, Credit Risk","Salt Lake City, Utah, United States","Risk & Credit","New York, NY","Director","10+ years","Internship","Remote","Risk & Security","2026-07-09T15:59:36-04:00","2026-07-09T15:59:36-04:00","https://www.brex.com/careers/8627283002?gh_jid=8627283002"
"1728","8627269002","6","Director, Credit Risk","Seattle, Washington, United States","Risk & Credit","New York, NY","Director","10+ years","Internship","Remote","Risk & Security","2026-07-09T15:57:17-04:00","2026-07-09T15:57:17-04:00","https://www.brex.com/careers/8627269002?gh_jid=8627269002"
"1729","8627262002","6","Director, Credit Risk","New York, New York, United States","Risk & Credit","New York, NY","Director","10+ years","Internship","Remote","Risk & Security","2026-07-09T15:54:07-04:00","2026-07-09T15:54:07-04:00","https://www.brex.com/careers/8627262002?gh_jid=8627262002"
"1730","8433470002","6","Director of Product, Growth/AI","Seattle, Washington, United States","Product","San Francisco, CA","Director","10+ years","Internship","Remote","Uncategorized","2026-02-23T11:36:58-05:00","2026-07-20T16:18:05-04:00","https://www.brex.com/careers/8433470002?gh_jid=8433470002"
"1731","8432707002","6","Director of Product, Growth/AI","San Francisco, California, United States","Product","San Francisco, CA","Director","10+ years","Internship","Remote","Uncategorized","2026-02-22T13:21:57-05:00","2026-07-20T16:17:43-04:00","https://www.brex.com/careers/8432707002?gh_jid=8432707002"
"1732","8433461002","6","Director of Product, Growth/AI","New York, New York, United States","Product","San Francisco, CA","Director","10+ years","Internship","Remote","Uncategorized","2026-02-23T11:32:26-05:00","2026-07-20T16:17:54-04:00","https://www.brex.com/careers/8433461002?gh_jid=8433461002"
"1733","8433546002","6","Director of Product, Growth/AI","Vancouver, British Columbia, Canada","Product","San Francisco, CA","Director","10+ years","Internship","Remote","Uncategorized","2026-02-23T11:52:07-05:00","2026-07-20T16:18:16-04:00","https://www.brex.com/careers/8433546002?gh_jid=8433546002"
"1734","8522876002","6","Director, Organic Growth & Discoverability","San Francisco, California, United States","Marketing","New York, NY","Director","8+ years","Internship","Remote","Uncategorized","2026-04-24T11:14:21-04:00","2026-08-28T14:25:02-04:00","https://www.brex.com/careers/8522876002?gh_jid=8522876002"
"1735","8522918002","6","Director, Organic Growth & Discoverability","Seattle, Washington, United States","Marketing","New York, NY","Director","8+ years","Internship","Remote","Uncategorized","2026-04-24T11:14:22-04:00","2026-08-28T14:24:48-04:00","https://www.brex.com/careers/8522918002?gh_jid=8522918002"
"1736","8522919002","6","Director, Organic Growth & Discoverability","New York, New York, United States","Marketing","New York, NY","Director","8+ years","Internship","Remote","Uncategorized","2026-04-24T11:14:23-04:00","2026-08-28T14:25:19-04:00","https://www.brex.com/careers/8522919002?gh_jid=8522919002"
"1737","8446669002","6","Director, Product Marketing","San Francisco, California, United States","Marketing","Salt Lake City, UT","Director","12+ years","Internship","Remote","Marketing","2026-03-03T16:47:18-05:00","2026-06-10T13:59:16-04:00","https://www.brex.com/careers/8446669002?gh_jid=8446669002"
"1738","8447171002","6","Director, Product Marketing","New York, New York, United States","Marketing","Salt Lake City, UT","Director","12+ years","Internship","Remote","Marketing","2026-03-03T16:48:15-05:00","2026-06-10T13:59:16-04:00","https://www.brex.com/careers/8447171002?gh_jid=8447171002"
"1739","8716945002","6","Director, Revenue Operations","New York, New York, United States","Sales","New York, NY","Director","8+ years","Internship","Remote","Operations","2026-08-14T18:53:47-04:00","2026-08-14T18:53:47-04:00","https://www.brex.com/careers/8716945002?gh_jid=8716945002"
"1740","8716927002","6","Director, Revenue Operations","San Francisco, California, United States","Sales","New York, NY","Director","8+ years","Internship","Remote","Operations","2026-08-14T18:52:42-04:00","2026-08-14T18:52:42-04:00","https://www.brex.com/careers/8716927002?gh_jid=8716927002"
"1741","8643416002","6","Director, Technical Accounting and Financial Reporting","New York, New York, United States","Finance","New York, NY","Director","10+ years","Internship","Remote","Finance","2026-07-21T15:14:45-04:00","2026-07-31T14:34:33-04:00","https://www.brex.com/careers/8643416002?gh_jid=8643416002"
"1742","8643415002","6","Director, Technical Accounting and Financial Reporting","Seattle, Washington, United States","Finance","New York, NY","Director","10+ years","Internship","Remote","Finance","2026-07-21T15:14:44-04:00","2026-07-31T14:34:31-04:00","https://www.brex.com/careers/8643415002?gh_jid=8643415002"
"1743","8615152002","6","Director, Technical Accounting and Financial Reporting","San Francisco, California, United States","Finance","New York, NY","Director","10+ years","Internship","Remote","Finance","2026-07-21T15:13:03-04:00","2026-07-31T14:34:30-04:00","https://www.brex.com/careers/8615152002?gh_jid=8615152002"
"1744","8534634002","6","Engineering Manager, Cloud Infrastructure","New York, New York, United States","Engineering","New York, NY","Manager","3+ years","Internship","Remote","Engineering","2026-05-04T12:06:56-04:00","2026-06-10T13:59:16-04:00","https://www.brex.com/careers/8534634002?gh_jid=8534634002"
"1745","8534633002","6","Engineering Manager, Cloud Infrastructure","San Francisco, California, United States","Engineering","New York, NY","Manager","3+ years","Internship","Remote","Engineering","2026-05-04T12:06:13-04:00","2026-06-10T13:59:16-04:00","https://www.brex.com/careers/8534633002?gh_jid=8534633002"
"1746","8534621002","6","Engineering Manager, Cloud Infrastructure","Seattle, Washington, United States","Engineering","New York, NY","Manager","3+ years","Internship","Remote","Engineering","2026-05-04T12:04:08-04:00","2026-06-10T13:59:16-04:00","https://www.brex.com/careers/8534621002?gh_jid=8534621002"
"1747","8367549002","6","Engineering Manager, GTM Engineering","New York, New York, United States","Engineering","New York, NY","Manager","6+ years","Internship","Remote","Engineering","2026-01-08T18:05:06-05:00","2026-06-10T13:59:16-04:00","https://www.brex.com/careers/8367549002?gh_jid=8367549002"
"1748","8367553002","6","Engineering Manager, GTM Engineering","Vancouver, British Columbia, Canada","Engineering","New York, NY","Manager","6+ years","Internship","Remote","Engineering","2026-01-08T18:07:00-05:00","2026-06-10T13:59:16-04:00","https://www.brex.com/careers/8367553002?gh_jid=8367553002"
"1749","8367552002","6","Engineering Manager, GTM Engineering","Seattle, Washington, United States","Engineering","New York, NY","Manager","6+ years","Internship","Remote","Engineering","2026-01-08T18:06:08-05:00","2026-06-10T13:59:16-04:00","https://www.brex.com/careers/8367552002?gh_jid=8367552002"
"1750","8339037002","6","Engineering Manager, GTM Engineering","San Francisco, California, United States","Engineering","New York, NY","Manager","6+ years","Internship","Remote","Engineering","2025-12-12T17:04:58-05:00","2026-06-10T13:59:16-04:00","https://www.brex.com/careers/8339037002?gh_jid=8339037002"
"1751","8461598002","6","Engineering Manager, Onboarding","Seattle, Washington, United States","Engineering","New York, NY","Manager","6+ years","Internship","Remote","Engineering","2026-03-12T18:58:31-04:00","2026-06-10T13:59:16-04:00","https://www.brex.com/careers/8461598002?gh_jid=8461598002"
"1752","8461597002","6","Engineering Manager, Onboarding","Vancouver, British Columbia, Canada","Engineering","New York, NY","Manager","6+ years","Internship","Remote","Engineering","2026-03-12T18:57:47-04:00","2026-06-10T13:59:16-04:00","https://www.brex.com/careers/8461597002?gh_jid=8461597002"
"1753","8461600002","6","Engineering Manager, Onboarding","San Francisco, California, United States","Engineering","New York, NY","Manager","6+ years","Internship","Remote","Engineering","2026-03-12T18:59:38-04:00","2026-06-10T13:59:16-04:00","https://www.brex.com/careers/8461600002?gh_jid=8461600002"
"1754","8461599002","6","Engineering Manager, Onboarding","New York, New York, United States","Engineering","New York, NY","Manager","6+ years","Internship","Remote","Engineering","2026-03-12T18:59:03-04:00","2026-06-10T13:59:16-04:00","https://www.brex.com/careers/8461599002?gh_jid=8461599002"
"1755","8641189002","6","Engineering Manager, Travel","New York, New York, United States","Engineering","New York, NY","Manager","Unspecified","Internship","Remote","Engineering","2026-07-20T11:54:07-04:00","2026-07-20T11:57:03-04:00","https://www.brex.com/careers/8641189002?gh_jid=8641189002"
"1756","8641194002","6","Engineering Manager, Travel","San Francisco, California, United States","Engineering","New York, NY","Manager","Unspecified","Internship","Remote","Engineering","2026-07-20T11:54:08-04:00","2026-07-20T11:57:03-04:00","https://www.brex.com/careers/8641194002?gh_jid=8641194002"
"1757","8641195002","6","Engineering Manager, Travel","Vancouver, British Columbia, Canada","Engineering","New York, NY","Manager","Unspecified","Internship","Remote","Engineering","2026-07-20T11:54:09-04:00","2026-07-20T11:57:03-04:00","https://www.brex.com/careers/8641195002?gh_jid=8641195002"
"1758","8623291002","6","Engineering Manager, Travel","Seattle, Washington, United States","Engineering","New York, NY","Manager","Unspecified","Internship","Remote","Engineering","2026-07-20T11:54:06-04:00","2026-07-20T11:57:02-04:00","https://www.brex.com/careers/8623291002?gh_jid=8623291002"
"1759","8502529002","6","Enterprise Account Executive, Embedded Finance","New York, New York, United States","Sales","San Francisco, CA","Unspecified","4+ years","Contract","Remote","Sales","2026-04-13T11:46:32-04:00","2026-07-24T15:28:19-04:00","https://www.brex.com/careers/8502529002?gh_jid=8502529002"
"1760","8659812002","6","Enterprise Account Executive II","Seattle, Washington, United States","Sales","New York, NY","Unspecified","6+ years","Internship","Remote","Sales","2026-07-30T16:49:42-04:00","2026-07-30T16:49:42-04:00","https://www.brex.com/careers/8659812002?gh_jid=8659812002"
"1761","7732133002","6","Enterprise Account Executive II","New York, New York, United States","Sales","New York, NY","Unspecified","6+ years","Internship","Remote","Sales","2024-11-15T10:57:14-05:00","2026-08-19T10:38:19-04:00","https://www.brex.com/careers/7732133002?gh_jid=7732133002"
"1762","7814866002","6","Enterprise Account Executive II","Vancouver, British Columbia, Canada","Sales","New York, NY","Unspecified","6+ years","Internship","Remote","Sales","2025-01-15T14:15:33-05:00","2026-08-19T10:38:34-04:00","https://www.brex.com/careers/7814866002?gh_jid=7814866002"
"1763","7732107002","6","Enterprise Account Executive II","San Francisco, California, United States","Sales","New York, NY","Unspecified","6+ years","Internship","Remote","Sales","2024-11-15T10:56:07-05:00","2026-08-19T10:38:09-04:00","https://www.brex.com/careers/7732107002?gh_jid=7732107002"
"1764","8326211002","6","Enterprise Account Executive II","Salt Lake City, Utah, United States","Sales","New York, NY","Unspecified","6+ years","Internship","Remote","Sales","2026-05-27T13:15:02-04:00","2026-08-19T10:37:56-04:00","https://www.brex.com/careers/8326211002?gh_jid=8326211002"
"1765","7844195002","6","Enterprise Account Executive II, Embedded Finance","New York, New York, United States","Sales","San Francisco, CA","Unspecified","5+ years","Contract","Remote","Sales","2025-02-03T11:05:45-05:00","2026-08-11T15:24:17-04:00","https://www.brex.com/careers/7844195002?gh_jid=7844195002"
"1766","8134354002","6","Enterprise Account Executive II, Embedded Finance","San Francisco, California, United States","Sales","San Francisco, CA","Unspecified","5+ years","Contract","Remote","Sales","2025-08-22T18:28:27-04:00","2026-08-11T15:24:19-04:00","https://www.brex.com/careers/8134354002?gh_jid=8134354002"
"1767","8461476002","6","Enterprise Account Manager","San Francisco, California, United States","Sales","San Francisco, CA","Manager","10+ years","Internship","Remote","Sales","2026-03-12T19:01:18-04:00","2026-08-21T12:04:34-04:00","https://www.brex.com/careers/8461476002?gh_jid=8461476002"
"1768","8461601002","6","Enterprise Account Manager","New York, New York, United States","Sales","San Francisco, CA","Manager","10+ years","Internship","Remote","Sales","2026-03-12T19:02:04-04:00","2026-08-21T12:06:19-04:00","https://www.brex.com/careers/8461601002?gh_jid=8461601002"
"1769","8461603002","6","Enterprise Account Manager","Seattle, Washington, United States","Sales","San Francisco, CA","Manager","10+ years","Internship","Remote","Sales","2026-03-12T19:02:38-04:00","2026-08-21T12:06:41-04:00","https://www.brex.com/careers/8461603002?gh_jid=8461603002"
"1770","8662161002","6","Enterprise Client Sales Executive","Seattle, Washington, United States","Sales","San Francisco, CA","Unspecified","10+ years","Internship","Remote","Sales","2026-07-31T16:24:04-04:00","2026-08-21T12:06:51-04:00","https://www.brex.com/careers/8662161002?gh_jid=8662161002"
"1771","8662162002","6","Enterprise Client Sales Executive","New York, New York, United States","Sales","San Francisco, CA","Unspecified","10+ years","Internship","Remote","Sales","2026-07-31T16:25:01-04:00","2026-08-21T12:07:01-04:00","https://www.brex.com/careers/8662162002?gh_jid=8662162002"
"1772","8662157002","6","Enterprise Client Sales Executive","San Francisco, California, United States","Sales","San Francisco, CA","Unspecified","10+ years","Internship","Remote","Sales","2026-07-31T16:24:05-04:00","2026-08-21T12:07:11-04:00","https://www.brex.com/careers/8662157002?gh_jid=8662157002"
"1773","8335440002","6","Enterprise Customer Success Manager","Seattle, Washington, United States","Sales","New York, NY","Manager","4+ years","Internship","Remote","Customer Success","2025-12-11T16:42:00-05:00","2026-06-22T21:43:43-04:00","https://www.brex.com/careers/8335440002?gh_jid=8335440002"
"1774","8335464002","6","Enterprise Customer Success Manager","San Francisco, California, United States","Sales","New York, NY","Manager","4+ years","Internship","Remote","Customer Success","2025-12-11T16:46:29-05:00","2026-06-22T21:44:06-04:00","https://www.brex.com/careers/8335464002?gh_jid=8335464002"
"1775","8335473002","6","Enterprise Customer Success Manager","Salt Lake City, Utah, United States","Sales","New York, NY","Manager","4+ years","Internship","Remote","Customer Success","2025-12-11T16:49:09-05:00","2026-06-22T21:44:30-04:00","https://www.brex.com/careers/8335473002?gh_jid=8335473002"
"1776","8335470002","6","Enterprise Customer Success Manager","Vancouver, British Columbia, Canada","Sales","New York, NY","Manager","4+ years","Internship","Remote","Customer Success","2025-12-11T16:48:33-05:00","2026-06-22T21:44:18-04:00","https://www.brex.com/careers/8335470002?gh_jid=8335470002"
"1777","8152963002","6","Enterprise Implementation Consultant","Seattle, Washington, United States","Sales","New York, NY","Unspecified","4+ years","Internship","Remote","Operations","2025-09-04T13:12:43-04:00","2026-06-10T13:59:16-04:00","https://www.brex.com/careers/8152963002?gh_jid=8152963002"
"1778","8153310002","6","Enterprise Implementation Consultant","Vancouver, British Columbia, Canada","Sales","New York, NY","Unspecified","4+ years","Internship","Remote","Operations","2025-09-04T15:11:13-04:00","2026-06-10T13:59:16-04:00","https://www.brex.com/careers/8153310002?gh_jid=8153310002"
"1779","8152968002","6","Enterprise Implementation Consultant","Salt Lake City, Utah, United States","Sales","New York, NY","Unspecified","4+ years","Internship","Remote","Operations","2025-09-04T13:14:38-04:00","2026-06-10T13:59:16-04:00","https://www.brex.com/careers/8152968002?gh_jid=8152968002"
"1780","8152938002","6","Enterprise Implementation Consultant","New York, New York, United States","Sales","New York, NY","Unspecified","4+ years","Internship","Remote","Operations","2025-09-04T13:05:00-04:00","2026-06-10T13:59:16-04:00","https://www.brex.com/careers/8152938002?gh_jid=8152938002"
"1781","8152870002","6","Enterprise Implementation Consultant","San Francisco, California, United States","Sales","New York, NY","Unspecified","4+ years","Internship","Remote","Operations","2025-09-04T13:04:22-04:00","2026-06-10T13:59:16-04:00","https://www.brex.com/careers/8152870002?gh_jid=8152870002"
"1782","8645961002","6","Event Marketing Manager","New York, New York, United States","Marketing","New York, NY","Manager","3+ years","Contract","Remote","Marketing","2026-07-22T16:45:47-04:00","2026-07-23T16:18:16-04:00","https://www.brex.com/careers/8645961002?gh_jid=8645961002"
"1783","8646194002","6","Event Marketing Manager","Vancouver, British Columbia, Canada","Marketing","New York, NY","Manager","3+ years","Contract","Remote","Marketing","2026-07-22T16:45:51-04:00","2026-07-23T16:24:37-04:00","https://www.brex.com/careers/8646194002?gh_jid=8646194002"
"1784","8645963002","6","Event Marketing Manager","Salt Lake City, Utah, United States","Marketing","New York, NY","Manager","3+ years","Contract","Remote","Marketing","2026-07-22T16:45:49-04:00","2026-07-23T16:24:48-04:00","https://www.brex.com/careers/8645963002?gh_jid=8645963002"
"1785","8645769002","6","Event Marketing Manager","Seattle, Washington, United States","Marketing","New York, NY","Manager","3+ years","Contract","Remote","Marketing","2026-07-22T16:45:45-04:00","2026-07-23T16:26:52-04:00","https://www.brex.com/careers/8645769002?gh_jid=8645769002"
"1786","8645962002","6","Event Marketing Manager","San Francisco, California, United States","Marketing","New York, NY","Manager","3+ years","Contract","Remote","Marketing","2026-07-22T16:45:48-04:00","2026-07-23T16:19:08-04:00","https://www.brex.com/careers/8645962002?gh_jid=8645962002"
"1787","8606825002","6","Finance Manager","New York, New York, United States","Finance","New York, NY","Manager","4+ years","Internship","Remote","Finance","2026-06-24T16:58:50-04:00","2026-08-10T19:51:49-04:00","https://www.brex.com/careers/8606825002?gh_jid=8606825002"
"1788","8606210002","6","Finance Manager","San Francisco, California, United States","Finance","New York, NY","Manager","4+ years","Internship","Remote","Finance","2026-06-24T16:58:17-04:00","2026-08-10T19:51:48-04:00","https://www.brex.com/careers/8606210002?gh_jid=8606210002"
"1789","8606833002","6","Finance Manager","Vancouver, British Columbia, Canada","Finance","New York, NY","Manager","4+ years","Internship","Remote","Finance","2026-06-24T17:00:46-04:00","2026-08-10T19:51:51-04:00","https://www.brex.com/careers/8606833002?gh_jid=8606833002"
"1790","8494245002","6","Finance Manager, Commissions","Seattle, Washington, United States","Finance","New York, NY","Manager","4+ years","Internship","Remote","Finance","2026-04-03T21:17:11-04:00","2026-06-26T16:27:16-04:00","https://www.brex.com/careers/8494245002?gh_jid=8494245002"
"1791","8495859002","6","Finance Manager, Commissions","Vancouver, British Columbia, Canada","Finance","New York, NY","Manager","4+ years","Internship","Remote","Finance","2026-04-06T18:57:28-04:00","2026-06-26T16:28:02-04:00","https://www.brex.com/careers/8495859002?gh_jid=8495859002"
"1792","8494242002","6","Finance Manager, Commissions","San Francisco, California, United States","Finance","New York, NY","Manager","4+ years","Internship","Remote","Finance","2026-04-03T21:17:10-04:00","2026-06-26T16:26:49-04:00","https://www.brex.com/careers/8494242002?gh_jid=8494242002"
"1793","8494244002","6","Finance Manager, Commissions","New York, New York, United States","Finance","New York, NY","Manager","4+ years","Internship","Remote","Finance","2026-04-03T21:17:10-04:00","2026-06-26T16:27:05-04:00","https://www.brex.com/careers/8494244002?gh_jid=8494244002"
"1794","8495855002","6","Finance Manager, Commissions","Salt Lake City, Utah, United States","Finance","New York, NY","Manager","4+ years","Internship","Remote","Finance","2026-04-06T18:56:42-04:00","2026-06-26T16:27:31-04:00","https://www.brex.com/careers/8495855002?gh_jid=8495855002"
"1795","8627541002","6","Finance Manager, Partnerships","San Francisco, California, United States","Finance","New York, NY","Manager","4+ years","Contract","Remote","Finance","2026-07-09T19:28:49-04:00","2026-07-21T17:34:06-04:00","https://www.brex.com/careers/8627541002?gh_jid=8627541002"
"1796","8627546002","6","Finance Manager, Partnerships","New York, New York, United States","Finance","New York, NY","Manager","4+ years","Contract","Remote","Finance","2026-07-09T19:28:50-04:00","2026-07-31T15:18:56-04:00","https://www.brex.com/careers/8627546002?gh_jid=8627546002"
"1797","8698160002","6","Fraud Operations Associate","Salt Lake City, Utah, United States","Risk & Credit","New York, NY","Associate","3+ years","Internship","Remote","Operations","2026-08-11T18:59:20-04:00","2026-08-31T09:48:32-04:00","https://www.brex.com/careers/8698160002?gh_jid=8698160002"
"1798","8750674002","6","Fraud Operations Associate","Vancouver, British Columbia, Canada","Risk & Credit","New York, NY","Associate","3+ years","Internship","Remote","Operations","2026-08-26T10:38:24-04:00","2026-08-31T09:49:33-04:00","https://www.brex.com/careers/8750674002?gh_jid=8750674002"
"1799","8698277002","6","Fraud Operations Associate","Seattle, Washington, United States","Risk & Credit","New York, NY","Associate","3+ years","Internship","Remote","Operations","2026-08-11T19:05:57-04:00","2026-08-31T09:49:19-04:00","https://www.brex.com/careers/8698277002?gh_jid=8698277002"
"1800","8698276002","6","Fraud Operations Associate","San Francisco, California, United States","Risk & Credit","New York, NY","Associate","3+ years","Internship","Remote","Operations","2026-08-11T19:04:12-04:00","2026-08-31T09:49:01-04:00","https://www.brex.com/careers/8698276002?gh_jid=8698276002"
"1801","8698248002","6","Fraud Operations Associate","New York, New York, United States","Risk & Credit","New York, NY","Associate","3+ years","Internship","Remote","Operations","2026-08-11T19:02:48-04:00","2026-08-31T09:48:46-04:00","https://www.brex.com/careers/8698248002?gh_jid=8698248002"
"1802","8438580002","6","Group Product Manager","San Francisco, California, United States","Product","San Francisco, CA","Manager","7+ years","Internship","Remote","Product","2026-02-25T18:10:20-05:00","2026-07-20T16:18:26-04:00","https://www.brex.com/careers/8438580002?gh_jid=8438580002"
"1803","8438584002","6","Group Product Manager","Vancouver, British Columbia, Canada","Product","San Francisco, CA","Manager","7+ years","Internship","Remote","Product","2026-02-25T18:11:40-05:00","2026-07-20T16:18:50-04:00","https://www.brex.com/careers/8438584002?gh_jid=8438584002"
"1804","8438582002","6","Group Product Manager","Seattle, Washington, United States","Product","San Francisco, CA","Manager","7+ years","Internship","Remote","Product","2026-02-25T18:10:54-05:00","2026-07-20T16:19:03-04:00","https://www.brex.com/careers/8438582002?gh_jid=8438582002"
"1805","8438581002","6","Group Product Manager","New York, New York, United States","Product","San Francisco, CA","Manager","7+ years","Internship","Remote","Product","2026-02-25T18:10:21-05:00","2026-07-20T16:18:38-04:00","https://www.brex.com/careers/8438581002?gh_jid=8438581002"
"1806","8632000002","6","Growth Partnerships Manager","San Francisco, California, United States","Sales","San Francisco, CA","Manager","3+ years","Internship","Remote","Partnerships","2026-07-13T16:56:09-04:00","2026-07-21T16:15:14-04:00","https://www.brex.com/careers/8632000002?gh_jid=8632000002"
"1807","8654459002","6","GTM AI Revenue Enablement, Senior Manager","Salt Lake City, Utah, United States","Sales","New York, NY","Senior","4+ years","Internship","Remote","Uncategorized","2026-07-28T18:16:26-04:00","2026-07-28T19:29:54-04:00","https://www.brex.com/careers/8654459002?gh_jid=8654459002"
"1808","8654461002","6","GTM AI Revenue Enablement, Senior Manager","Vancouver, British Columbia, Canada","Sales","New York, NY","Senior","4+ years","Internship","Remote","Uncategorized","2026-07-28T18:16:28-04:00","2026-07-28T19:30:06-04:00","https://www.brex.com/careers/8654461002?gh_jid=8654461002"
"1809","8654358002","6","GTM AI Revenue Enablement, Senior Manager","New York, New York, United States","Sales","New York, NY","Senior","4+ years","Internship","Remote","Uncategorized","2026-07-28T18:13:44-04:00","2026-07-28T19:28:52-04:00","https://www.brex.com/careers/8654358002?gh_jid=8654358002"
"1810","8654424002","6","GTM AI Revenue Enablement, Senior Manager","San Francisco, California, United States","Sales","New York, NY","Senior","4+ years","Internship","Remote","Uncategorized","2026-07-28T18:13:46-04:00","2026-07-28T19:29:06-04:00","https://www.brex.com/careers/8654424002?gh_jid=8654424002"
"1811","8654453002","6","GTM AI Revenue Enablement, Senior Manager","Seattle, Washington, United States","Sales","New York, NY","Senior","4+ years","Internship","Remote","Uncategorized","2026-07-28T18:13:48-04:00","2026-07-28T19:29:34-04:00","https://www.brex.com/careers/8654453002?gh_jid=8654453002"
"1812","8536968002","6","Implementation Consultant I, Commercial","San Francisco, California, United States","Sales","New York, NY","Unspecified","2+ years","Internship","Remote","Operations","2026-05-05T20:40:39-04:00","2026-08-19T09:52:59-04:00","https://www.brex.com/careers/8536968002?gh_jid=8536968002"
"1813","8536983002","6","Implementation Consultant I, Commercial","New York, New York, United States","Sales","New York, NY","Unspecified","2+ years","Internship","Remote","Operations","2026-05-05T20:44:29-04:00","2026-08-19T09:52:59-04:00","https://www.brex.com/careers/8536983002?gh_jid=8536983002"
"1814","8536985002","6","Implementation Consultant I, Commercial","Seattle, Washington, United States","Sales","New York, NY","Unspecified","2+ years","Internship","Remote","Operations","2026-05-05T20:44:59-04:00","2026-08-19T09:52:59-04:00","https://www.brex.com/careers/8536985002?gh_jid=8536985002"
"1815","8536986002","6","Implementation Consultant I, Commercial","Salt Lake City, Utah, United States","Sales","New York, NY","Unspecified","2+ years","Internship","Remote","Operations","2026-05-05T20:45:57-04:00","2026-08-19T09:52:59-04:00","https://www.brex.com/careers/8536986002?gh_jid=8536986002"
"1816","8536988002","6","Implementation Consultant I, Commercial","Vancouver, British Columbia, Canada","Sales","New York, NY","Unspecified","2+ years","Internship","Remote","Operations","2026-05-05T20:47:00-04:00","2026-08-19T09:52:59-04:00","https://www.brex.com/careers/8536988002?gh_jid=8536988002"
"1817","8590271002","6","Lead, Social Media","New York, New York, United States; San Francisco, California, United States","Marketing","New York, NY","Lead","5+ years","Internship","Unspecified","Marketing","2026-06-12T15:54:26-04:00","2026-07-07T14:45:17-04:00","https://www.brex.com/careers/8590271002?gh_jid=8590271002"
"1818","8527501002","6","Manager, Account Management","New York, New York, United States","Sales","New York, NY","Manager","3+ years","Internship","Remote","Uncategorized","2026-04-28T18:40:06-04:00","2026-07-01T15:28:55-04:00","https://www.brex.com/careers/8527501002?gh_jid=8527501002"
"1819","8453712002","6","Manager, Account Management","Vancouver, British Columbia, Canada","Sales","New York, NY","Manager","3+ years","Internship","Remote","Uncategorized","2026-03-06T18:47:13-05:00","2026-07-01T15:29:03-04:00","https://www.brex.com/careers/8453712002?gh_jid=8453712002"
"1820","8687485002","6","Manager, Back Office & Payment Operations","Seattle, Washington, United States","Risk & Credit","New York, NY","Manager","5+ years","Internship","Remote","Operations","2026-08-06T13:26:06-04:00","2026-08-21T14:53:18-04:00","https://www.brex.com/careers/8687485002?gh_jid=8687485002"
"1821","8687488002","6","Manager, Back Office & Payment Operations","San Francisco, California, United States","Risk & Credit","New York, NY","Manager","5+ years","Internship","Remote","Operations","2026-08-06T13:27:28-04:00","2026-08-21T14:54:17-04:00","https://www.brex.com/careers/8687488002?gh_jid=8687488002"
"1822","8687493002","6","Manager, Back Office & Payment Operations","New York, New York, United States","Risk & Credit","New York, NY","Manager","5+ years","Internship","Remote","Operations","2026-08-06T13:27:59-04:00","2026-08-21T14:55:29-04:00","https://www.brex.com/careers/8687493002?gh_jid=8687493002"
"1823","8579396002","6","Manager, Back Office & Payment Operations","Salt Lake City, Utah, United States","Risk & Credit","New York, NY","Manager","5+ years","Internship","Remote","Operations","2026-06-05T13:10:36-04:00","2026-08-24T15:31:40-04:00","https://www.brex.com/careers/8579396002?gh_jid=8579396002"
"1824","8580566002","6","Manager, Back Office & Payment Operations","São Paulo, São Paulo, Brazil","Risk & Credit","New York, NY","Manager","5+ years","Unspecified","Remote","Operations","2026-06-05T13:15:33-04:00","2026-08-21T14:52:20-04:00","https://www.brex.com/careers/8580566002?gh_jid=8580566002"
"1825","8615156002","6","Manager, CX AI Strategy","Seattle, Washington, United States","Sales","New York, NY","Manager","4+ years","Internship","Remote","Operations","2026-07-01T00:23:34-04:00","2026-08-24T15:23:41-04:00","https://www.brex.com/careers/8615156002?gh_jid=8615156002"
"1826","8615154002","6","Manager, CX AI Strategy","New York, New York, United States","Sales","New York, NY","Manager","4+ years","Internship","Remote","Operations","2026-07-01T00:21:04-04:00","2026-08-24T15:23:17-04:00","https://www.brex.com/careers/8615154002?gh_jid=8615154002"
"1827","8615157002","6","Manager, CX AI Strategy","Salt Lake City, Utah, United States","Sales","New York, NY","Manager","4+ years","Internship","Remote","Operations","2026-07-01T00:25:15-04:00","2026-08-24T15:23:04-04:00","https://www.brex.com/careers/8615157002?gh_jid=8615157002"
"1828","8615158002","6","Manager, CX AI Strategy","Vancouver, British Columbia, Canada","Sales","New York, NY","Manager","4+ years","Internship","Remote","Operations","2026-07-01T00:26:33-04:00","2026-08-24T15:24:01-04:00","https://www.brex.com/careers/8615158002?gh_jid=8615158002"
"1829","8615155002","6","Manager, CX AI Strategy","San Francisco, California, United States","Sales","New York, NY","Manager","4+ years","Internship","Remote","Operations","2026-07-01T00:22:51-04:00","2026-08-24T15:23:28-04:00","https://www.brex.com/careers/8615155002?gh_jid=8615155002"
"1830","8477485002","6","Manager, Sales Development","Seattle, Washington, United States","Sales","New York, NY","Manager","1+ years","Internship","Unspecified","Sales","2026-03-24T14:07:50-04:00","2026-07-31T10:52:53-04:00","https://www.brex.com/careers/8477485002?gh_jid=8477485002"
"1831","8477508002","6","Manager, Sales Development","New York, New York, United States","Sales","New York, NY","Manager","1+ years","Internship","Unspecified","Sales","2026-03-24T14:12:25-04:00","2026-07-31T10:52:35-04:00","https://www.brex.com/careers/8477508002?gh_jid=8477508002"
"1832","8477507002","6","Manager, Sales Development","Vancouver, British Columbia, Canada","Sales","New York, NY","Manager","1+ years","Internship","Unspecified","Sales","2026-03-24T14:10:46-04:00","2026-07-31T10:52:41-04:00","https://www.brex.com/careers/8477507002?gh_jid=8477507002"
"1833","8477492002","6","Manager, Sales Development","Salt Lake City, Utah, United States","Sales","New York, NY","Manager","1+ years","Internship","Unspecified","Sales","2026-03-24T14:09:25-04:00","2026-07-31T10:52:47-04:00","https://www.brex.com/careers/8477492002?gh_jid=8477492002"
"1834","8475632002","6","Manager, Sales Development","San Francisco, California, United States","Sales","New York, NY","Manager","1+ years","Internship","Unspecified","Sales","2026-03-23T16:09:51-04:00","2026-07-31T10:52:59-04:00","https://www.brex.com/careers/8475632002?gh_jid=8475632002"
"1835","8504607002","6","Mid-Market Client Sales Executive","San Francisco, California, United States","Sales","New York, NY","Unspecified","3+ years","Internship","Remote","Sales","2026-04-13T14:49:48-04:00","2026-08-25T17:18:51-04:00","https://www.brex.com/careers/8504607002?gh_jid=8504607002"
"1836","8504608002","6","Mid-Market Client Sales Executive","New York, New York, United States","Sales","New York, NY","Unspecified","3+ years","Internship","Remote","Sales","2026-04-13T14:49:49-04:00","2026-08-25T17:19:15-04:00","https://www.brex.com/careers/8504608002?gh_jid=8504608002"
"1837","8660218002","6","Outbound Sales Development Representative","São Paulo, São Paulo, Brazil","Sales","Brazil","Unspecified","Unspecified","Internship","Remote","Sales","2026-07-30T23:22:27-04:00","2026-07-30T23:22:27-04:00","https://www.brex.com/careers/8660218002?gh_jid=8660218002"
"1838","8660039002","6","Outbound Sales Development Representative","Vancouver, British Columbia, Canada","Sales","Brazil","Unspecified","Unspecified","Internship","Remote","Sales","2026-07-30T18:48:06-04:00","2026-07-30T18:48:06-04:00","https://www.brex.com/careers/8660039002?gh_jid=8660039002"
"1839","8614548002","6","Outbound Sales Development Representative","San Francisco, California, United States","Sales","Brazil","Unspecified","Unspecified","Internship","Remote","Sales","2026-07-07T14:20:35-04:00","2026-07-30T18:45:03-04:00","https://www.brex.com/careers/8614548002?gh_jid=8614548002"
"1840","8660043002","6","Outbound Sales Development Representative","Salt Lake City, Utah, United States","Sales","Brazil","Unspecified","Unspecified","Internship","Remote","Sales","2026-07-30T18:48:07-04:00","2026-07-30T18:48:07-04:00","https://www.brex.com/careers/8660043002?gh_jid=8660043002"
"1841","8599314002","6","Partner Manager, Private Equity","San Francisco, California, United States","Sales","San Francisco, CA","Manager","3+ years","Internship","Remote","Design","2026-06-18T13:42:39-04:00","2026-08-18T17:47:22-04:00","https://www.brex.com/careers/8599314002?gh_jid=8599314002"
"1842","8672976002","6","Partnerships Manager, Accounting Channel","San Francisco, California, United States","Sales","New York, NY","Manager","3+ years","Internship","Remote","Finance","2026-08-03T14:39:16-04:00","2026-08-19T09:52:59-04:00","https://www.brex.com/careers/8672976002?gh_jid=8672976002"
"1843","8672997002","6","Partnerships Manager, Accounting Channel","New York, New York, United States","Sales","New York, NY","Manager","3+ years","Internship","Remote","Finance","2026-08-03T14:39:53-04:00","2026-08-19T09:52:59-04:00","https://www.brex.com/careers/8672997002?gh_jid=8672997002"
"1844","8512238002","6","People Business Partner Director, Engineering","San Francisco, California, United States","People","San Francisco, CA","Director","8+ years","Internship","Unspecified","Engineering","2026-04-17T12:55:34-04:00","2026-06-10T13:59:16-04:00","https://www.brex.com/careers/8512238002?gh_jid=8512238002"
"1845","8548930002","6","People Business Partner Director, Engineering","New York, New York, United States","People","San Francisco, CA","Director","8+ years","Internship","Remote","Engineering","2026-05-13T18:54:27-04:00","2026-06-10T13:59:16-04:00","https://www.brex.com/careers/8548930002?gh_jid=8548930002"
"1846","8683894002","6","Principal Design Recruiter","San Francisco, California, United States","People","New York, NY","Principal","Unspecified","Internship","Remote","HR","2026-08-05T11:44:08-04:00","2026-08-05T11:52:38-04:00","https://www.brex.com/careers/8683894002?gh_jid=8683894002"
"1847","8683993002","6","Principal Design Recruiter","Vancouver, British Columbia, Canada","People","New York, NY","Principal","Unspecified","Internship","Remote","HR","2026-08-05T11:57:16-04:00","2026-08-05T11:57:36-04:00","https://www.brex.com/careers/8683993002?gh_jid=8683993002"
"1848","8683984002","6","Principal Design Recruiter","Seattle, Washington, United States","People","New York, NY","Principal","Unspecified","Internship","Remote","HR","2026-08-05T11:52:50-04:00","2026-08-05T11:52:50-04:00","https://www.brex.com/careers/8683984002?gh_jid=8683984002"
"1849","8683972002","6","Principal Design Recruiter","New York, New York, United States","People","New York, NY","Principal","Unspecified","Internship","Remote","HR","2026-08-05T11:51:54-04:00","2026-08-05T11:52:47-04:00","https://www.brex.com/careers/8683972002?gh_jid=8683972002"
"1850","8728491002","6","Private Equity Partnerships Associate","New York, New York, United States","Sales","New York, NY","Associate","1+ years","Internship","Remote","Design","2026-08-18T17:50:26-04:00","2026-08-18T18:22:30-04:00","https://www.brex.com/careers/8728491002?gh_jid=8728491002"
"1851","8728523002","6","Private Equity Partnerships Associate","San Francisco, California, United States","Sales","New York, NY","Associate","1+ years","Internship","Remote","Design","2026-08-18T17:54:15-04:00","2026-08-18T18:22:38-04:00","https://www.brex.com/careers/8728523002?gh_jid=8728523002"
"1852","8079278002","6","Product Marketing Lead","New York, New York, United States","Marketing","New York, NY","Lead","10+ years","Internship","Remote","Marketing","2025-07-16T21:49:20-04:00","2026-07-29T19:11:10-04:00","https://www.brex.com/careers/8079278002?gh_jid=8079278002"
"1853","8402259002","6","Product Marketing Lead","San Francisco, California, United States","Marketing","New York, NY","Lead","10+ years","Internship","Remote","Marketing","2026-02-03T12:00:30-05:00","2026-07-29T19:11:28-04:00","https://www.brex.com/careers/8402259002?gh_jid=8402259002"
"1854","8728427002","6","Product & Privacy Counsel","Seattle, Washington, United States","Legal","New York, NY","Unspecified","4+ years","Contract","Remote","Legal","2026-08-18T17:20:33-04:00","2026-08-31T09:47:08-04:00","https://www.brex.com/careers/8728427002?gh_jid=8728427002"
"1855","8728420002","6","Product & Privacy Counsel","San Francisco, California, United States","Legal","New York, NY","Unspecified","4+ years","Contract","Remote","Legal","2026-08-18T17:20:32-04:00","2026-08-31T09:46:48-04:00","https://www.brex.com/careers/8728420002?gh_jid=8728420002"
"1856","8727946002","6","Product & Privacy Counsel","New York, New York, United States","Legal","New York, NY","Unspecified","4+ years","Contract","Remote","Legal","2026-08-18T17:20:31-04:00","2026-08-31T09:46:25-04:00","https://www.brex.com/careers/8727946002?gh_jid=8727946002"
"1857","8728439002","6","Product & Privacy Counsel","Salt Lake City, Utah, United States","Legal","New York, NY","Unspecified","4+ years","Contract","Remote","Legal","2026-08-18T17:20:34-04:00","2026-08-31T09:47:28-04:00","https://www.brex.com/careers/8728439002?gh_jid=8728439002"
"1858","8519256002","6","Relationship Manager","San Francisco, California, United States","Sales","New York, NY","Manager","4+ years","Internship","Remote","Uncategorized","2026-04-22T12:16:37-04:00","2026-07-07T10:13:30-04:00","https://www.brex.com/careers/8519256002?gh_jid=8519256002"
"1859","8426273002","6","Senior Application Security Engineer (Remote)","Canada","Engineering","Remote","Senior","5+ years","Internship","Remote","Engineering","2026-02-17T17:58:22-05:00","2026-07-16T18:45:45-04:00","https://www.brex.com/careers/8426273002?gh_jid=8426273002"
"1860","8590025002","6","Senior Application Security Engineer (Remote)","United States","Engineering","Remote","Senior","5+ years","Internship","Remote","Engineering","2026-06-12T13:23:41-04:00","2026-07-16T18:46:04-04:00","https://www.brex.com/careers/8590025002?gh_jid=8590025002"
"1861","8393510002","6","Senior Brand Designer","New York, New York, United States","Design","New York, NY","Senior","6+ years","Internship","Remote","Marketing","2026-01-27T18:12:06-05:00","2026-06-26T16:16:39-04:00","https://www.brex.com/careers/8393510002?gh_jid=8393510002"
"1862","8706688002","6","Senior Candidate Experience Coordinator","Vancouver, British Columbia, Canada","People","New York, NY","Senior","2+ years","Internship","Remote","Administration","2026-08-13T19:03:56-04:00","2026-08-19T09:52:59-04:00","https://www.brex.com/careers/8706688002?gh_jid=8706688002"
"1863","8709977002","6","Senior Candidate Experience Coordinator","São Paulo, São Paulo, Brazil","People","New York, NY","Senior","2+ years","Unspecified","Remote","Administration","2026-08-13T19:29:40-04:00","2026-08-24T18:21:49-04:00","https://www.brex.com/careers/8709977002?gh_jid=8709977002"
"1864","8434398002","6","Senior Design Recruiter","San Francisco, California, United States","People","New York, NY","Senior","Unspecified","Internship","Remote","HR","2026-02-23T19:41:36-05:00","2026-08-05T11:44:49-04:00","https://www.brex.com/careers/8434398002?gh_jid=8434398002"
"1865","8434439002","6","Senior Design Recruiter","Vancouver, British Columbia, Canada","People","New York, NY","Senior","Unspecified","Internship","Remote","HR","2026-02-23T20:09:40-05:00","2026-08-05T11:46:41-04:00","https://www.brex.com/careers/8434439002?gh_jid=8434439002"
"1866","8434436002","6","Senior Design Recruiter","Seattle, Washington, United States","People","New York, NY","Senior","Unspecified","Internship","Remote","HR","2026-02-23T20:08:14-05:00","2026-08-05T11:46:30-04:00","https://www.brex.com/careers/8434436002?gh_jid=8434436002"
"1867","8434435002","6","Senior Design Recruiter","New York, New York, United States","People","New York, NY","Senior","Unspecified","Internship","Remote","HR","2026-02-23T20:07:56-05:00","2026-08-05T11:45:05-04:00","https://www.brex.com/careers/8434435002?gh_jid=8434435002"
"1868","8434443002","6","Senior Design Sourcer","Seattle, Washington, United States","People","San Francisco, CA","Senior","Unspecified","Internship","Remote","Design","2026-02-23T20:40:31-05:00","2026-07-24T13:26:45-04:00","https://www.brex.com/careers/8434443002?gh_jid=8434443002"
"1869","8434444002","6","Senior Design Sourcer","Vancouver, British Columbia, Canada","People","San Francisco, CA","Senior","Unspecified","Internship","Remote","Design","2026-02-23T20:40:32-05:00","2026-07-24T13:26:46-04:00","https://www.brex.com/careers/8434444002?gh_jid=8434444002"
"1870","8434432002","6","Senior Design Sourcer","San Francisco, California, United States","People","San Francisco, CA","Senior","Unspecified","Internship","Remote","Design","2026-02-23T20:05:17-05:00","2026-07-24T13:26:44-04:00","https://www.brex.com/careers/8434432002?gh_jid=8434432002"
"1871","8434442002","6","Senior Design Sourcer","New York, New York, United States","People","San Francisco, CA","Senior","Unspecified","Internship","Remote","Design","2026-02-23T20:40:30-05:00","2026-07-24T13:26:45-04:00","https://www.brex.com/careers/8434442002?gh_jid=8434442002"
"1872","8618615002","6","Senior Manager, Sales Development","San Francisco, California, United States","Sales","New York, NY","Senior","6+ years","Internship","Remote","Sales","2026-07-02T18:48:06-04:00","2026-08-24T12:21:23-04:00","https://www.brex.com/careers/8618615002?gh_jid=8618615002"
"1873","8618616002","6","Senior Manager, Sales Development","Seattle, Washington, United States","Sales","New York, NY","Senior","6+ years","Internship","Remote","Sales","2026-07-02T18:48:04-04:00","2026-08-24T12:21:23-04:00","https://www.brex.com/careers/8618616002?gh_jid=8618616002"
"1874","8618619002","6","Senior Manager, Sales Development","Salt Lake City, Utah, United States","Sales","New York, NY","Senior","6+ years","Internship","Remote","Sales","2026-07-02T18:48:02-04:00","2026-08-24T12:21:23-04:00","https://www.brex.com/careers/8618619002?gh_jid=8618619002"
"1875","8618620002","6","Senior Manager, Sales Development","Vancouver, British Columbia, Canada","Sales","New York, NY","Senior","6+ years","Internship","Remote","Sales","2026-07-02T18:48:01-04:00","2026-08-24T12:21:23-04:00","https://www.brex.com/careers/8618620002?gh_jid=8618620002"
"1876","8618610002","6","Senior Manager, Sales Development","New York, New York, United States","Sales","New York, NY","Senior","6+ years","Internship","Remote","Sales","2026-07-02T18:48:08-04:00","2026-08-24T12:21:23-04:00","https://www.brex.com/careers/8618610002?gh_jid=8618610002"
"1877","8659951002","6","Senior Manager, Supplier Enablement & Spend Conversion","Salt Lake City, Utah, United States","Sales","New York, NY","Senior","5+ years","Internship","Remote","Uncategorized","2026-07-30T17:28:04-04:00","2026-08-13T18:56:47-04:00","https://www.brex.com/careers/8659951002?gh_jid=8659951002"
"1878","8659953002","6","Senior Manager, Supplier Enablement & Spend Conversion","Vancouver, British Columbia, Canada","Sales","New York, NY","Senior","5+ years","Internship","Remote","Uncategorized","2026-07-30T17:28:41-04:00","2026-08-13T18:56:47-04:00","https://www.brex.com/careers/8659953002?gh_jid=8659953002"
"1879","8606572002","6","Senior Manager, Supplier Enablement & Spend Conversion","San Francisco, California, United States","Sales","New York, NY","Senior","5+ years","Internship","Remote","Uncategorized","2026-07-30T17:23:02-04:00","2026-08-13T18:56:45-04:00","https://www.brex.com/careers/8606572002?gh_jid=8606572002"
"1880","8659945002","6","Senior Manager, Supplier Enablement & Spend Conversion","Seattle, Washington, United States","Sales","New York, NY","Senior","5+ years","Internship","Remote","Uncategorized","2026-07-30T17:25:42-04:00","2026-08-13T18:56:45-04:00","https://www.brex.com/careers/8659945002?gh_jid=8659945002"
"1881","8659948002","6","Senior Manager, Supplier Enablement & Spend Conversion","New York, New York, United States","Sales","New York, NY","Senior","5+ years","Internship","Remote","Uncategorized","2026-07-30T17:26:24-04:00","2026-08-13T18:56:46-04:00","https://www.brex.com/careers/8659948002?gh_jid=8659948002"
"1882","8578103002","6","Senior Partner Marketing Manager","Seattle, Washington, United States","Marketing","New York, NY","Senior","5+ years","Internship","Remote","Marketing","2026-06-03T20:34:21-04:00","2026-06-10T13:59:16-04:00","https://www.brex.com/careers/8578103002?gh_jid=8578103002"
"1883","8578102002","6","Senior Partner Marketing Manager","New York, New York, United States","Marketing","New York, NY","Senior","5+ years","Internship","Remote","Marketing","2026-06-03T20:34:24-04:00","2026-06-10T13:59:16-04:00","https://www.brex.com/careers/8578102002?gh_jid=8578102002"
"1884","8578101002","6","Senior Partner Marketing Manager","San Francisco, California, United States","Marketing","New York, NY","Senior","5+ years","Internship","Remote","Marketing","2026-06-03T20:32:42-04:00","2026-06-10T13:59:16-04:00","https://www.brex.com/careers/8578101002?gh_jid=8578101002"
"1885","8614858002","6","Senior Product Manager, AI","San Francisco, California, United States","Product","New York, NY","Senior","5+ years","Internship","Remote","Product","2026-07-01T13:52:12-04:00","2026-07-24T15:46:47-04:00","https://www.brex.com/careers/8614858002?gh_jid=8614858002"
"1886","8616327002","6","Senior Product Manager, AI","Seattle, Washington, United States","Product","New York, NY","Senior","5+ years","Internship","Remote","Product","2026-07-01T13:52:13-04:00","2026-07-24T15:46:29-04:00","https://www.brex.com/careers/8616327002?gh_jid=8616327002"
"1887","8659249002","6","Senior Product Manager, Travel","San Francisco, California, United States","Product","New York, NY","Senior","Unspecified","Internship","Remote","Product","2026-07-30T14:01:18-04:00","2026-07-30T14:02:55-04:00","https://www.brex.com/careers/8659249002?gh_jid=8659249002"
"1888","8659250002","6","Senior Product Manager, Travel","Seattle, Washington, United States","Product","New York, NY","Senior","Unspecified","Internship","Remote","Product","2026-07-30T14:01:35-04:00","2026-07-30T14:03:04-04:00","https://www.brex.com/careers/8659250002?gh_jid=8659250002"
"1889","8659251002","6","Senior Product Manager, Travel","New York, New York, United States","Product","New York, NY","Senior","Unspecified","Internship","Remote","Product","2026-07-30T14:01:46-04:00","2026-07-30T14:03:15-04:00","https://www.brex.com/careers/8659251002?gh_jid=8659251002"
"1890","8599061002","6","Senior Salesforce Developer","São Paulo, São Paulo, Brazil","Engineering","São Paulo","Senior","5+ years","Unspecified","Remote","Engineering","2026-06-18T11:52:49-04:00","2026-07-20T16:57:25-04:00","https://www.brex.com/careers/8599061002?gh_jid=8599061002"
"1891","8339277002","6","Senior Security Operations Engineer","New York, New York, United States","Engineering","New York, NY","Senior","5+ years","Internship","Remote","Engineering","2025-12-12T18:00:05-05:00","2026-07-16T18:44:43-04:00","https://www.brex.com/careers/8339277002?gh_jid=8339277002"
"1892","8339287002","6","Senior Security Operations Engineer","Vancouver, British Columbia, Canada","Engineering","New York, NY","Senior","5+ years","Internship","Remote","Engineering","2025-12-12T18:01:38-05:00","2026-07-16T18:45:17-04:00","https://www.brex.com/careers/8339287002?gh_jid=8339287002"
"1893","8339283002","6","Senior Security Operations Engineer","Seattle, Washington, United States","Engineering","New York, NY","Senior","5+ years","Internship","Remote","Engineering","2025-12-12T18:00:39-05:00","2026-07-16T18:45:00-04:00","https://www.brex.com/careers/8339283002?gh_jid=8339283002"
"1894","8339252002","6","Senior Security Operations Engineer","San Francisco, California, United States","Engineering","New York, NY","Senior","5+ years","Internship","Remote","Engineering","2025-12-12T17:53:00-05:00","2026-07-16T18:44:23-04:00","https://www.brex.com/careers/8339252002?gh_jid=8339252002"
"1895","8706917002","6","Senior Software Engineer, Accounting Engineering","São Paulo, São Paulo, Brazil","Engineering","São Paulo","Senior","5+ years","Full-time","Remote","Engineering","2026-08-13T13:56:42-04:00","2026-08-19T09:53:00-04:00","https://www.brex.com/careers/8706917002?gh_jid=8706917002"
"1896","8603330002","6","Senior Software Engineer, Backend","Vancouver, British Columbia, Canada","Engineering","Vancouver","Senior","7+ years","Internship","Remote","Engineering","2026-06-22T18:34:53-04:00","2026-08-19T09:52:59-04:00","https://www.brex.com/careers/8603330002?gh_jid=8603330002"
"1897","8465003002","6","Senior Software Engineer, Backend (Product Engineering)","New York, New York, United States","Engineering","New York, NY","Senior","7+ years","Internship","Remote","Engineering","2026-03-16T15:19:28-04:00","2026-08-19T09:52:58-04:00","https://www.brex.com/careers/8465003002?gh_jid=8465003002"
"1898","8461333002","6","Senior Software Engineer, Backend (Product Engineering)","Seattle, Washington, United States","Engineering","New York, NY","Senior","7+ years","Internship","Remote","Engineering","2026-03-12T17:36:32-04:00","2026-08-19T09:52:58-04:00","https://www.brex.com/careers/8461333002?gh_jid=8461333002"
"1899","8461469002","6","Senior Software Engineer, Backend (Product Engineering)","San Francisco, California, United States","Engineering","New York, NY","Senior","7+ years","Internship","Remote","Engineering","2026-03-12T17:36:33-04:00","2026-08-19T09:52:58-04:00","https://www.brex.com/careers/8461469002?gh_jid=8461469002"
"1900","8605070002","6","Senior Software Engineer, Data Enablement Platform","San Francisco, California, United States","Engineering","New York, NY","Senior","5+ years","Internship","On-site","Engineering","2026-06-23T18:18:31-04:00","2026-06-25T13:55:35-04:00","https://www.brex.com/careers/8605070002?gh_jid=8605070002"
"1901","8605074002","6","Senior Software Engineer, Data Enablement Platform","Seattle, Washington, United States","Engineering","New York, NY","Senior","5+ years","Internship","On-site","Engineering","2026-06-23T18:18:33-04:00","2026-06-26T16:24:32-04:00","https://www.brex.com/careers/8605074002?gh_jid=8605074002"
"1902","8605062002","6","Senior Software Engineer, Data Enablement Platform","New York, New York, United States","Engineering","New York, NY","Senior","5+ years","Internship","On-site","Engineering","2026-06-23T18:18:32-04:00","2026-06-25T13:55:35-04:00","https://www.brex.com/careers/8605062002?gh_jid=8605062002"
"1903","8501025002","6","Senior Software Engineer, Frontend","Seattle, Washington, United States","Engineering","New York, NY","Senior","7+ years","Internship","Remote","Engineering","2026-04-09T17:33:58-04:00","2026-08-27T21:17:22-04:00","https://www.brex.com/careers/8501025002?gh_jid=8501025002"
"1904","8536763002","6","Senior Software Engineer, Frontend","Vancouver, British Columbia, Canada","Engineering","New York, NY","Senior","7+ years","Internship","Remote","Engineering","2026-05-05T17:24:36-04:00","2026-08-28T12:04:44-04:00","https://www.brex.com/careers/8536763002?gh_jid=8536763002"
"1905","8501052002","6","Senior Software Engineer, Frontend","New York, New York, United States","Engineering","New York, NY","Senior","7+ years","Internship","Remote","Engineering","2026-04-09T17:33:59-04:00","2026-08-27T21:17:27-04:00","https://www.brex.com/careers/8501052002?gh_jid=8501052002"
"1906","8501051002","6","Senior Software Engineer, Frontend","San Francisco, California, United States","Engineering","New York, NY","Senior","7+ years","Internship","Remote","Engineering","2026-04-09T17:33:58-04:00","2026-08-27T21:17:24-04:00","https://www.brex.com/careers/8501051002?gh_jid=8501051002"
"1907","8472635002","6","Senior Software Engineer, Full Stack","San Francisco, California, United States","Engineering","New York, NY","Senior","7+ years","Internship","Remote","Engineering","2026-03-24T12:43:04-04:00","2026-07-21T13:56:03-04:00","https://www.brex.com/careers/8472635002?gh_jid=8472635002"
"1908","8472632002","6","Senior Software Engineer, Full Stack","Vancouver, British Columbia, Canada","Engineering","New York, NY","Senior","7+ years","Internship","Remote","Engineering","2026-03-24T12:48:01-04:00","2026-07-21T13:54:56-04:00","https://www.brex.com/careers/8472632002?gh_jid=8472632002"
"1909","8472633002","6","Senior Software Engineer, Full Stack","Seattle, Washington, United States","Engineering","New York, NY","Senior","7+ years","Internship","Remote","Engineering","2026-03-24T12:43:05-04:00","2026-07-21T13:55:18-04:00","https://www.brex.com/careers/8472633002?gh_jid=8472633002"
"1910","8477314002","6","Senior Software Engineer, Full Stack","São Paulo, São Paulo, Brazil","Engineering","New York, NY","Senior","7+ years","Unspecified","Remote","Engineering","2026-03-24T14:02:30-04:00","2026-07-21T13:56:21-04:00","https://www.brex.com/careers/8477314002?gh_jid=8477314002"
"1911","8472634002","6","Senior Software Engineer, Full Stack","New York, New York, United States","Engineering","New York, NY","Senior","7+ years","Internship","Remote","Engineering","2026-03-24T12:43:04-04:00","2026-07-21T13:55:42-04:00","https://www.brex.com/careers/8472634002?gh_jid=8472634002"
"1912","8617115002","6","Senior Software Engineer, Release Infra","New York, New York, United States","Engineering","New York, NY","Senior","7+ years","Internship","Remote","Engineering","2026-07-01T17:52:08-04:00","2026-07-29T14:12:24-04:00","https://www.brex.com/careers/8617115002?gh_jid=8617115002"
"1913","8617113002","6","Senior Software Engineer, Release Infra","San Francisco, California, United States","Engineering","New York, NY","Senior","7+ years","Internship","Remote","Engineering","2026-07-01T17:50:44-04:00","2026-07-29T14:12:24-04:00","https://www.brex.com/careers/8617113002?gh_jid=8617113002"
"1914","8432614002","6","Senior Technical Recruiter","New York, New York, United States","People","New York, NY","Senior","Unspecified","Internship","Remote","HR","2026-02-21T02:05:37-05:00","2026-08-17T19:35:53-04:00","https://www.brex.com/careers/8432614002?gh_jid=8432614002"
"1915","8428989002","6","Senior Technical Recruiter","San Francisco, California, United States","People","New York, NY","Senior","Unspecified","Internship","Remote","HR","2026-02-20T17:00:11-05:00","2026-08-17T19:35:52-04:00","https://www.brex.com/careers/8428989002?gh_jid=8428989002"
"1916","8432615002","6","Senior Technical Recruiter","Seattle, Washington, United States","People","New York, NY","Senior","Unspecified","Internship","Remote","HR","2026-02-21T02:05:38-05:00","2026-08-17T19:35:54-04:00","https://www.brex.com/careers/8432615002?gh_jid=8432615002"
"1917","8432616002","6","Senior Technical Recruiter","Vancouver, British Columbia, Canada","People","New York, NY","Senior","Unspecified","Internship","Remote","HR","2026-02-21T02:05:39-05:00","2026-08-17T19:35:55-04:00","https://www.brex.com/careers/8432616002?gh_jid=8432616002"
"1918","8658821002","6","Servicing Collections Associate","Vancouver, British Columbia, Canada","Finance","Remote","Associate","1+ years","Internship","Remote","Uncategorized","2026-07-30T12:36:31-04:00","2026-08-25T18:01:23-04:00","https://www.brex.com/careers/8658821002?gh_jid=8658821002"
"1919","8658820002","6","Servicing Collections Associate","Salt Lake City, Utah, United States","Finance","Remote","Associate","1+ years","Internship","Remote","Uncategorized","2026-07-30T12:34:19-04:00","2026-08-25T18:01:23-04:00","https://www.brex.com/careers/8658820002?gh_jid=8658820002"
"1920","8523203002","6","Software Engineer, Forward Deployed Agent Builder","San Francisco, California, United States","Engineering","United States","Unspecified","4+ years","Internship","Remote","Engineering","2026-04-27T15:29:45-04:00","2026-06-10T13:59:16-04:00","https://www.brex.com/careers/8523203002?gh_jid=8523203002"
"1921","8523177002","6","Software Engineer, Forward Deployed Agent Builder","New York, New York, United States","Engineering","United States","Unspecified","4+ years","Internship","Remote","Engineering","2026-04-24T12:54:43-04:00","2026-06-10T13:59:16-04:00","https://www.brex.com/careers/8523177002?gh_jid=8523177002"
"1922","8523435002","6","Software Engineer, Forward Deployed Agent Builder","São Paulo, São Paulo, Brazil","Engineering","United States","Unspecified","4+ years","Internship","Remote","Engineering","2026-04-27T15:29:47-04:00","2026-06-10T13:59:16-04:00","https://www.brex.com/careers/8523435002?gh_jid=8523435002"
"1923","8523205002","6","Software Engineer, Forward Deployed Agent Builder","Seattle, Washington, United States","Engineering","United States","Unspecified","4+ years","Internship","Remote","Engineering","2026-04-27T15:29:46-04:00","2026-06-10T13:59:16-04:00","https://www.brex.com/careers/8523205002?gh_jid=8523205002"
"1924","8523430002","6","Software Engineer, Forward Deployed Agent Builder","Vancouver, British Columbia, Canada","Engineering","United States","Unspecified","4+ years","Internship","Remote","Engineering","2026-04-27T15:29:47-04:00","2026-06-10T13:59:16-04:00","https://www.brex.com/careers/8523430002?gh_jid=8523430002"
"1925","8536424002","6","Software Engineer II, Backend","New York, New York, United States","Engineering","New York, NY","Unspecified","4+ years","Internship","Remote","Engineering","2026-05-05T14:59:59-04:00","2026-08-19T09:52:58-04:00","https://www.brex.com/careers/8536424002?gh_jid=8536424002"
"1926","8459783002","6","Software Engineer II, Backend","San Francisco, California, United States","Engineering","New York, NY","Unspecified","4+ years","Internship","Remote","Engineering","2026-05-05T14:59:58-04:00","2026-08-19T09:52:58-04:00","https://www.brex.com/careers/8459783002?gh_jid=8459783002"
"1927","8603327002","6","Software Engineer II, Backend","Vancouver, British Columbia, Canada","Engineering","Vancouver","Unspecified","4+ years","Internship","Remote","Engineering","2026-06-22T18:35:00-04:00","2026-08-19T09:52:59-04:00","https://www.brex.com/careers/8603327002?gh_jid=8603327002"
"1928","8310523002","6","Software Engineer II, Frontend","São Paulo, São Paulo, Brazil","Engineering","Canada","Unspecified","Unspecified","Unspecified","Remote","Engineering","2025-11-26T15:17:03-05:00","2026-08-19T09:52:58-04:00","https://www.brex.com/careers/8310523002?gh_jid=8310523002"
"1929","8524941002","6","Software Engineer II, Product","São Paulo, São Paulo, Brazil","Engineering","São Paulo","Unspecified","3+ years","Internship","Remote","Engineering","2026-04-27T11:24:14-04:00","2026-08-19T09:52:59-04:00","https://www.brex.com/careers/8524941002?gh_jid=8524941002"
"1930","8584366002","6","Staff Application Security Engineer","United States","Engineering","Remote","Staff","8+ years","Internship","Remote","Engineering","2026-06-25T14:42:35-04:00","2026-08-19T12:59:51-04:00","https://www.brex.com/careers/8584366002?gh_jid=8584366002"
"1931","7595422002","6","Staff Brand Designer","San Francisco, California, United States","Design","San Francisco, CA","Staff","7+ years","Internship","Remote","Marketing","2024-08-23T14:01:11-04:00","2026-06-10T13:59:16-04:00","https://www.brex.com/careers/7595422002?gh_jid=7595422002"
"1932","8198574002","6","Staff Brand Designer, Interactive","San Francisco, California, United States","Design","San Francisco, CA","Staff","8+ years","Internship","Remote","Marketing","2025-10-03T21:00:19-04:00","2026-07-01T11:09:07-04:00","https://www.brex.com/careers/8198574002?gh_jid=8198574002"
"1933","7669111002","6","Staff Product Designer","San Francisco, California, United States","Design","San Francisco, CA","Staff","10+ years","Internship","Remote","Product","2024-10-03T14:09:29-04:00","2026-07-01T12:53:35-04:00","https://www.brex.com/careers/7669111002?gh_jid=7669111002"
"1934","8124973002","6","Staff Product Designer","New York, New York, United States","Design","San Francisco, CA","Staff","10+ years","Internship","Remote","Product","2025-08-18T14:45:19-04:00","2026-07-01T12:53:19-04:00","https://www.brex.com/careers/8124973002?gh_jid=8124973002"
"1935","8616214002","6","Staff Product Designer, AI","San Francisco, California, United States","Design","New York, NY","Staff","10+ years","Internship","Remote","Product","2026-07-08T17:32:08-04:00","2026-07-13T12:48:10-04:00","https://www.brex.com/careers/8616214002?gh_jid=8616214002"
"1936","8432702002","6","Staff Product Manager","New York, New York, United States","Product","New York, NY","Staff","10+ years","Internship","Remote","Product","2026-02-22T13:12:07-05:00","2026-07-20T16:15:08-04:00","https://www.brex.com/careers/8432702002?gh_jid=8432702002"
"1937","8432698002","6","Staff Product Manager","San Francisco, California, United States","Product","New York, NY","Staff","10+ years","Internship","Remote","Product","2026-02-22T13:11:39-05:00","2026-07-20T16:14:55-04:00","https://www.brex.com/careers/8432698002?gh_jid=8432698002"
"1938","8433764002","6","Staff Product Manager","Vancouver, British Columbia, Canada","Product","New York, NY","Staff","10+ years","Internship","Remote","Product","2026-02-23T13:25:03-05:00","2026-07-20T16:15:33-04:00","https://www.brex.com/careers/8433764002?gh_jid=8433764002"
"1939","8432703002","6","Staff Product Manager","Seattle, Washington, United States","Product","New York, NY","Staff","10+ years","Internship","Remote","Product","2026-02-22T13:12:39-05:00","2026-07-20T16:15:21-04:00","https://www.brex.com/careers/8432703002?gh_jid=8432703002"
"1940","8616324002","6","Staff Product Manager, AI","New York, New York, United States","Product","New York, NY","Staff","7+ years","Internship","Remote","Product","2026-07-01T13:52:14-04:00","2026-07-24T15:47:42-04:00","https://www.brex.com/careers/8616324002?gh_jid=8616324002"
"1941","8659221002","6","Staff Product Manager, Card","Seattle, Washington, United States","Product","New York, NY","Staff","Unspecified","Internship","Remote","Product","2026-07-30T14:03:43-04:00","2026-07-30T14:03:43-04:00","https://www.brex.com/careers/8659221002?gh_jid=8659221002"
"1942","8659220002","6","Staff Product Manager, Card","San Francisco, California, United States","Product","New York, NY","Staff","Unspecified","Internship","Remote","Product","2026-07-30T14:02:40-04:00","2026-07-30T14:02:40-04:00","https://www.brex.com/careers/8659220002?gh_jid=8659220002"
"1943","8659237002","6","Staff Product Manager, Card","New York, New York, United States","Product","New York, NY","Staff","Unspecified","Internship","Remote","Product","2026-07-30T14:03:57-04:00","2026-07-30T14:03:57-04:00","https://www.brex.com/careers/8659237002?gh_jid=8659237002"
"1944","8659204002","6","Staff Product Manager, Embedded","San Francisco, California, United States","Product","New York, NY","Staff","Unspecified","Internship","Remote","Product","2026-07-30T14:04:30-04:00","2026-07-30T14:04:30-04:00","https://www.brex.com/careers/8659204002?gh_jid=8659204002"
"1945","8659210002","6","Staff Product Manager, Embedded","Seattle, Washington, United States","Product","New York, NY","Staff","Unspecified","Internship","Remote","Product","2026-07-30T14:04:49-04:00","2026-07-30T14:04:49-04:00","https://www.brex.com/careers/8659210002?gh_jid=8659210002"
"1946","8659211002","6","Staff Product Manager,  Embedded","New York, New York, United States","Product","New York, NY","Staff","Unspecified","Internship","Remote","Product","2026-07-30T14:05:09-04:00","2026-07-30T14:05:09-04:00","https://www.brex.com/careers/8659211002?gh_jid=8659211002"
"1947","8659241002","6","Staff Product Manager, Expenses","Seattle, Washington, United States","Product","New York, NY","Staff","Unspecified","Internship","Remote","Product","2026-07-30T14:05:57-04:00","2026-07-30T14:05:57-04:00","https://www.brex.com/careers/8659241002?gh_jid=8659241002"
"1948","8659239002","6","Staff Product Manager, Expenses","San Francisco, California, United States","Product","New York, NY","Staff","Unspecified","Internship","Remote","Product","2026-07-30T14:05:32-04:00","2026-07-30T14:05:32-04:00","https://www.brex.com/careers/8659239002?gh_jid=8659239002"
"1949","8659242002","6","Staff Product Manager, Expenses","New York, New York, United States","Product","New York, NY","Staff","Unspecified","Internship","Remote","Product","2026-07-30T14:06:20-04:00","2026-07-30T14:06:20-04:00","https://www.brex.com/careers/8659242002?gh_jid=8659242002"
"1950","8436528002","6","Staff Product Manager, Growth","New York, New York, United States","Product","New York, NY","Staff","Unspecified","Internship","Remote","Product","2026-02-24T17:37:20-05:00","2026-07-20T16:16:02-04:00","https://www.brex.com/careers/8436528002?gh_jid=8436528002"
"1951","8436531002","6","Staff Product Manager, Growth","Vancouver, British Columbia, Canada","Product","New York, NY","Staff","Unspecified","Internship","Remote","Product","2026-02-24T17:38:11-05:00","2026-07-20T16:16:28-04:00","https://www.brex.com/careers/8436531002?gh_jid=8436531002"
"1952","8436530002","6","Staff Product Manager, Growth","Seattle, Washington, United States","Product","New York, NY","Staff","Unspecified","Internship","Remote","Product","2026-02-24T17:37:46-05:00","2026-07-20T16:16:15-04:00","https://www.brex.com/careers/8436530002?gh_jid=8436530002"
"1953","8436527002","6","Staff Product Manager, Growth","San Francisco, California, United States","Product","New York, NY","Staff","Unspecified","Internship","Remote","Product","2026-02-24T17:36:55-05:00","2026-07-20T16:15:47-04:00","https://www.brex.com/careers/8436527002?gh_jid=8436527002"
"1954","8618069002","6","Staff Software Engineer, Banking","New York, New York, United States","Engineering","New York, NY","Staff","8+ years","Internship","Remote","Engineering","2026-07-02T12:35:18-04:00","2026-07-22T13:26:01-04:00","https://www.brex.com/careers/8618069002?gh_jid=8618069002"
"1955","8618063002","6","Staff Software Engineer, Banking","Vancouver, British Columbia, Canada","Engineering","New York, NY","Staff","8+ years","Internship","Remote","Engineering","2026-07-02T12:35:17-04:00","2026-07-22T13:26:00-04:00","https://www.brex.com/careers/8618063002?gh_jid=8618063002"
"1956","8618076002","6","Staff Software Engineer, Banking","Seattle, Washington, United States","Engineering","New York, NY","Staff","8+ years","Internship","Remote","Engineering","2026-07-02T12:35:20-04:00","2026-07-22T13:26:02-04:00","https://www.brex.com/careers/8618076002?gh_jid=8618076002"
"1957","8612473002","6","Staff Software Engineer, Banking","San Francisco, California, United States","Engineering","New York, NY","Staff","8+ years","Internship","Remote","Engineering","2026-07-02T12:35:15-04:00","2026-07-22T13:25:59-04:00","https://www.brex.com/careers/8612473002?gh_jid=8612473002"
"1958","8430197002","6","Staff Software Engineer, Product Data Platform","Seattle, Washington, United States","Engineering","San Francisco, CA","Staff","8+ years","Internship","Remote","Engineering","2026-02-19T14:33:39-05:00","2026-08-14T19:06:09-04:00","https://www.brex.com/careers/8430197002?gh_jid=8430197002"
"1959","8430182002","6","Staff Software Engineer, Product Data Platform","San Francisco, California, United States","Engineering","San Francisco, CA","Staff","8+ years","Internship","Remote","Engineering","2026-02-19T14:33:37-05:00","2026-08-14T19:05:16-04:00","https://www.brex.com/careers/8430182002?gh_jid=8430182002"
"1960","8430196002","6","Staff Software Engineer, Product Data Platform","Vancouver, British Columbia, Canada","Engineering","San Francisco, CA","Staff","8+ years","Internship","Remote","Engineering","2026-02-19T14:33:37-05:00","2026-08-14T19:07:05-04:00","https://www.brex.com/careers/8430196002?gh_jid=8430196002"
"1961","8623289002","6","Staff Software Engineer, Travel & Expense","New York, New York, United States","Engineering","New York, NY","Staff","8+ years","Internship","Remote","Engineering","2026-07-15T14:02:52-04:00","2026-07-20T11:55:34-04:00","https://www.brex.com/careers/8623289002?gh_jid=8623289002"
"1962","8635342002","6","Staff Software Engineer, Travel & Expense","Vancouver, British Columbia, Canada","Engineering","New York, NY","Staff","8+ years","Internship","Remote","Engineering","2026-07-15T14:02:57-04:00","2026-07-20T11:55:34-04:00","https://www.brex.com/careers/8635342002?gh_jid=8635342002"
"1963","8635339002","6","Staff Software Engineer, Travel & Expense","San Francisco, California, United States","Engineering","New York, NY","Staff","8+ years","Internship","Remote","Engineering","2026-07-15T14:02:56-04:00","2026-07-20T11:55:34-04:00","https://www.brex.com/careers/8635339002?gh_jid=8635339002"
"1964","8635331002","6","Staff Software Engineer, Travel & Expense","Seattle, Washington, United States","Engineering","New York, NY","Staff","8+ years","Internship","Remote","Engineering","2026-07-15T14:02:55-04:00","2026-07-20T11:55:34-04:00","https://www.brex.com/careers/8635331002?gh_jid=8635331002"
"1965","8308368002","6","Startups Ambassador","San Francisco, California, United States","Sales","San Francisco, CA","Unspecified","3+ years","Internship","Remote","Uncategorized","2025-11-25T17:42:48-05:00","2026-08-13T14:28:10-04:00","https://www.brex.com/careers/8308368002?gh_jid=8308368002"
"1966","8642781002","6","Startups Partnerships Manager","San Francisco, California, United States","Sales","San Francisco, CA","Manager","2+ years","Internship","Remote","Partnerships","2026-07-24T14:42:03-04:00","2026-07-28T16:39:43-04:00","https://www.brex.com/careers/8642781002?gh_jid=8642781002"
"1967","8656548002","6","Support Specialist I","Salt Lake City, Utah, United States","Sales","United States","Unspecified","Unspecified","Internship","Remote","Support","2026-07-29T12:52:20-04:00","2026-08-06T14:39:27-04:00","https://www.brex.com/careers/8656548002?gh_jid=8656548002"
"1968","8656540002","6","Support Specialist I","Vancouver, British Columbia, Canada","Sales","United States","Unspecified","Unspecified","Internship","Remote","Support","2026-07-29T12:44:18-04:00","2026-08-06T14:38:40-04:00","https://www.brex.com/careers/8656540002?gh_jid=8656540002"
"1969","8641843002","6","Systems Analyst II","São Paulo, São Paulo, Brazil","Finance","New York, NY","Unspecified","4+ years","Internship","Remote","Uncategorized","2026-07-20T15:42:57-04:00","2026-08-17T13:47:27-04:00","https://www.brex.com/careers/8641843002?gh_jid=8641843002"
"1970","8641845002","6","Systems Analyst II","Salt Lake City, Utah, United States","Finance","New York, NY","Unspecified","4+ years","Internship","Remote","Uncategorized","2026-07-20T15:45:04-04:00","2026-08-17T13:47:28-04:00","https://www.brex.com/careers/8641845002?gh_jid=8641845002"
"1971","8641728002","6","Systems Analyst II","Seattle, Washington, United States","Finance","New York, NY","Unspecified","4+ years","Internship","Remote","Uncategorized","2026-07-20T15:24:53-04:00","2026-08-17T13:47:25-04:00","https://www.brex.com/careers/8641728002?gh_jid=8641728002"
"1972","8641732002","6","Systems Analyst II","New York, New York, United States","Finance","New York, NY","Unspecified","4+ years","Internship","Remote","Uncategorized","2026-07-20T15:30:59-04:00","2026-08-17T13:47:26-04:00","https://www.brex.com/careers/8641732002?gh_jid=8641732002"
"1973","8641833002","6","Systems Analyst II","Vancouver, British Columbia, Canada","Finance","New York, NY","Unspecified","4+ years","Internship","Remote","Uncategorized","2026-07-20T15:40:03-04:00","2026-08-17T13:47:26-04:00","https://www.brex.com/careers/8641833002?gh_jid=8641833002"
"1974","8641661002","6","Systems Analyst II","San Francisco, California, United States","Finance","New York, NY","Unspecified","4+ years","Internship","Remote","Uncategorized","2026-07-20T15:13:01-04:00","2026-08-17T13:47:24-04:00","https://www.brex.com/careers/8641661002?gh_jid=8641661002"
"1975","8579215002","6","Technical Consultant I","Salt Lake City, Utah, United States","Sales","New York, NY","Unspecified","2+ years","Internship","Remote","Uncategorized","2026-06-04T15:08:19-04:00","2026-07-09T12:10:45-04:00","https://www.brex.com/careers/8579215002?gh_jid=8579215002"
"1976","8579204002","6","Technical Consultant I","Seattle, Washington, United States","Sales","New York, NY","Unspecified","2+ years","Internship","Remote","Uncategorized","2026-06-04T15:02:49-04:00","2026-07-09T12:10:43-04:00","https://www.brex.com/careers/8579204002?gh_jid=8579204002"
"1977","8579194002","6","Technical Consultant I","San Francisco, California, United States","Sales","New York, NY","Unspecified","2+ years","Internship","Remote","Uncategorized","2026-06-04T15:02:47-04:00","2026-07-09T12:10:40-04:00","https://www.brex.com/careers/8579194002?gh_jid=8579194002"
"1978","8579199002","6","Technical Consultant I","New York, New York, United States","Sales","New York, NY","Unspecified","2+ years","Internship","Remote","Uncategorized","2026-06-04T15:02:48-04:00","2026-07-09T12:10:41-04:00","https://www.brex.com/careers/8579199002?gh_jid=8579199002"
"1979","8579209002","6","Technical Consultant I","Vancouver, British Columbia, Canada","Sales","New York, NY","Unspecified","2+ years","Internship","Remote","Uncategorized","2026-06-04T15:02:50-04:00","2026-07-09T12:10:44-04:00","https://www.brex.com/careers/8579209002?gh_jid=8579209002"
"1980","8403127002","7","Account Executive, Strategic Accounts","US","Sales","Remote - US","Unspecified","8+ years","Contract","Remote","Sales","2026-02-28T09:04:24-05:00","2026-03-27T15:33:08-04:00","https://job-boards.greenhouse.io/airtable/jobs/8403127002"
"1981","8654173002","7","Delivery Consultant","New York, NY;US","Customer Success & Services","New York","Unspecified","5+ years","Contract","Remote","Uncategorized","2026-07-28T15:59:04-04:00","2026-08-01T04:17:01-04:00","https://job-boards.greenhouse.io/airtable/jobs/8654173002"
"1982","8397665002","7","Engineering Manager, Enterprise Product","San Francisco, CA; New York, NY","Engineering","San Francisco","Manager","5+ years","Contract","Hybrid","Engineering","2026-02-11T16:44:05-05:00","2026-08-13T17:45:55-04:00","https://job-boards.greenhouse.io/airtable/jobs/8397665002"
"1983","8490611002","7","Global Payroll Manager","San Francisco, CA &CA (PT)","Accounting","San Francisco","Manager","7+ years","Contract","Remote","Uncategorized","2026-05-07T16:49:43-04:00","2026-06-24T19:42:45-04:00","https://job-boards.greenhouse.io/airtable/jobs/8490611002"
"1984","8626638002","7","Manager, Business Development Representatives","Austin, TX","Marketing","Austin","Manager","5+ years","Contract","Unspecified","Sales","2026-07-09T12:34:15-04:00","2026-08-01T04:17:12-04:00","https://job-boards.greenhouse.io/airtable/jobs/8626638002"
"1985","8400776002","7","Product Designer (8+ YOE)","San Francisco, CA","Design","San Francisco","Unspecified","8+ years","Contract","Unspecified","Product","2026-06-22T13:38:07-04:00","2026-06-25T16:09:33-04:00","https://job-boards.greenhouse.io/airtable/jobs/8400776002"
"1986","8586863002","7","Program Manager, Professional Services - East","New York, NY;US","Customer Success & Services","New York","Manager","5+ years","Contract","Remote","Program Management","2026-06-10T19:10:37-04:00","2026-06-12T10:35:49-04:00","https://job-boards.greenhouse.io/airtable/jobs/8586863002"
"1987","8586865002","7","Program Manager, Professional Services - West","San Francisco, CA;US","Customer Success & Services","Remote - US","Manager","5+ years","Contract","Remote","Program Management","2026-06-10T19:05:23-04:00","2026-06-12T10:36:34-04:00","https://job-boards.greenhouse.io/airtable/jobs/8586865002"
"1988","8582568002","7","Senior Delivery Consultant","New York, NY;US","Customer Success & Services","New York","Senior","5+ years","Contract","Remote","Uncategorized","2026-06-08T16:56:57-04:00","2026-08-01T04:17:01-04:00","https://job-boards.greenhouse.io/airtable/jobs/8582568002"
"1989","8597950002","7","Senior Delivery Consultant- West Coast","San Francisco, CA; Austin, TX;US","Customer Success & Services","New York","Senior","5+ years","Contract","Remote","Uncategorized","2026-06-17T19:03:27-04:00","2026-08-01T04:17:01-04:00","https://job-boards.greenhouse.io/airtable/jobs/8597950002"
"1990","8209823002","7","Senior Mid Market Account Executive, AI Native","Austin, TX","Sales","Austin","Senior","7+ years","Contract","Remote","Sales","2026-06-15T14:50:22-04:00","2026-06-29T13:49:13-04:00","https://job-boards.greenhouse.io/airtable/jobs/8209823002"
"1991","8498915002","7","Senior Solutions Architect","US","Customer Success & Services","Remote - US","Senior","7+ years","Contract","Remote","Solutions Architecture","2026-04-16T16:14:49-04:00","2026-08-01T04:17:19-04:00","https://job-boards.greenhouse.io/airtable/jobs/8498915002"
"1992","8597941002","7","Senior Solutions Architect- West Coast","US","Customer Success & Services","Remote - US","Senior","7+ years","Contract","Remote","Solutions Architecture","2026-06-17T18:55:46-04:00","2026-08-01T04:17:19-04:00","https://job-boards.greenhouse.io/airtable/jobs/8597941002"
"1993","8124953002","7","Software Engineer, Data","San Francisco, CA; Austin, TX; New York, NY","Data","San Francisco","Unspecified","8+ years","Unspecified","Remote","Engineering","2025-08-18T18:39:10-04:00","2026-07-22T12:29:46-04:00","https://job-boards.greenhouse.io/airtable/jobs/8124953002"
"1994","8400373002","7","Software Engineer, Infrastructure (4-8 YOE)","San Francisco, CA; New York, NY; Seattle, WA","Engineering","New York","Unspecified","4+ years","Contract","Remote","Engineering","2026-02-03T14:11:07-05:00","2026-08-13T14:37:35-04:00","https://job-boards.greenhouse.io/airtable/jobs/8400373002"
"1995","8397515002","7","Software Engineer, Product Backend (4-8 YOE)","San Francisco, CA; New York, NY","Engineering","New York","Unspecified","4+ years","Contract","Hybrid","Engineering","2026-04-14T13:03:31-04:00","2026-08-13T14:20:04-04:00","https://job-boards.greenhouse.io/airtable/jobs/8397515002"
"1996","4461450008","8","Account Executive, AI Native","New York City, NY; San Francisco, CA | New York City, NY","Sales","New York City, NY","Unspecified","4+ years","Internship","Hybrid","Sales","2024-12-20T13:53:38-05:00","2026-08-21T21:32:54-04:00","https://job-boards.greenhouse.io/anthropic/jobs/4461450008"
"1997","5391376008","8","Account Executive - DNB","Singapore","Sales","Singapore","Unspecified","12+ years","Internship","Hybrid","Sales","2026-08-20T16:34:11-04:00","2026-08-28T16:47:28-04:00","https://job-boards.greenhouse.io/anthropic/jobs/5391376008"
"1998","5391381008","8","Account Executive - Public Sector (ASEAN)","Singapore","Sales","Singapore","Chief","12+ years","Internship","Hybrid","Sales","2026-08-20T16:55:45-04:00","2026-08-28T16:47:28-04:00","https://job-boards.greenhouse.io/anthropic/jobs/5391381008"
"1999","5400138008","8","Account Executive, Startups","San Francisco, CA | New York City, NY","Sales","New York City, NY","Unspecified","4+ years","Internship","Hybrid","Sales","2026-08-24T16:19:13-04:00","2026-08-24T16:19:13-04:00","https://job-boards.greenhouse.io/anthropic/jobs/5400138008"
"2000","5205545008","8","Accounting, Revenue Internal Controls","San Francisco, CA | Seattle, WA","Finance","San Francisco, CA","Intern","15+ years","Contract","Hybrid","Finance","2026-08-20T13:59:39-04:00","2026-08-21T12:50:11-04:00","https://job-boards.greenhouse.io/anthropic/jobs/5205545008"
"2001","5390966008","8","AI Engineer, GTM Claudification","Friendly (Travel-Required) | San Francisco, CA | Seattle, WA","Sales","San Francisco, CA","Unspecified","8+ years","Internship","Remote","Engineering","2026-08-25T18:59:04-04:00","2026-08-25T18:59:28-04:00","https://job-boards.greenhouse.io/anthropic/jobs/5390966008"
"2002","5383242008","8","AI Fluency Education Lead","San Francisco, CA | New York City, NY","Technical Education","San Francisco, CA","Lead","Unspecified","Internship","Hybrid","Uncategorized","2026-08-07T18:59:02-04:00","2026-08-21T12:50:48-04:00","https://job-boards.greenhouse.io/anthropic/jobs/5383242008"
"2003","5382750008","8","AI Infrastructure Operations, Demand Planning","San Francisco, CA | New York City, NY","Software Engineering - Infrastructure","San Francisco, CA","Unspecified","Unspecified","Contract","Hybrid","Engineering","2026-08-11T08:14:01-04:00","2026-08-21T12:50:48-04:00","https://job-boards.greenhouse.io/anthropic/jobs/5382750008"
"2004","5391151008","8","AI Operations Engineer, Partnerships","San Francisco, CA","Sales","San Francisco, CA","Unspecified","5+ years","Internship","Hybrid","Engineering","2026-08-14T18:07:17-04:00","2026-08-24T19:47:05-04:00","https://job-boards.greenhouse.io/anthropic/jobs/5391151008"
"2005","5023394008","8","Anthropic Fellows Program","London, UK; Ontario, CAN;Friendly, United States; San Francisco, CA","AI Research & Engineering","British Columbia, CA","Unspecified","Unspecified","Full-time","Remote","HR","2025-12-11T12:27:23-05:00","2026-08-28T16:46:24-04:00","https://job-boards.greenhouse.io/anthropic/jobs/5023394008"
"2006","5183044008","8","Anthropic Fellows Program, AI Safety & Security","London, UK; Ontario, CAN;Friendly, United States; San Francisco, CA","AI Research & Engineering","British Columbia, CA","Unspecified","Unspecified","Full-time","Remote","Risk & Security","2026-04-09T20:28:23-04:00","2026-08-28T16:46:24-04:00","https://job-boards.greenhouse.io/anthropic/jobs/5183044008"
"2007","5183051008","8","Anthropic Fellows Program, ML Systems & Reinforcement Learning","London, UK; Ontario, CAN;Friendly, United States; San Francisco, CA","AI Research & Engineering","British Columbia, CA","Unspecified","Unspecified","Full-time","Remote","HR","2026-04-09T20:30:30-04:00","2026-08-28T16:46:24-04:00","https://job-boards.greenhouse.io/anthropic/jobs/5183051008"
"2008","5183053008","8","Anthropic Fellows Program, The Anthropic Institute (Economics & Policy)","London, UK; Ontario, CAN;Friendly, United States; San Francisco, CA","AI Research & Engineering","British Columbia, CA","Unspecified","Unspecified","Full-time","Remote","HR","2026-04-23T23:14:47-04:00","2026-08-28T16:46:24-04:00","https://job-boards.greenhouse.io/anthropic/jobs/5183053008"
"2009","5358148008","8","APAC Tax Lead","Singapore","Finance","Singapore","Lead","12+ years","Internship","Hybrid","Finance","2026-08-11T11:02:55-04:00","2026-08-28T16:47:27-04:00","https://job-boards.greenhouse.io/anthropic/jobs/5358148008"
"2010","5390742008","8","Applied AI Architect","Singapore","Applied AI","Singapore","Unspecified","10+ years","Internship","Hybrid","Uncategorized","2026-08-17T06:17:58-04:00","2026-08-28T16:47:27-04:00","https://job-boards.greenhouse.io/anthropic/jobs/5390742008"
"2011","5390735008","8","Applied AI Architect","Seoul, South Korea","Applied AI","Seoul, South Korea","Unspecified","5+ years","Internship","Hybrid","Uncategorized","2026-08-20T01:40:56-04:00","2026-09-01T01:48:58-04:00","https://job-boards.greenhouse.io/anthropic/jobs/5390735008"
"2012","5390746008","8","Applied AI Architect","Bangalore, India","Applied AI","Bangalore, India","Unspecified","10+ years","Internship","Hybrid","Uncategorized","2026-08-17T08:41:09-04:00","2026-08-28T14:41:37-04:00","https://job-boards.greenhouse.io/anthropic/jobs/5390746008"
"2013","5076109008","8","Applied AI Architect","Tokyo, Japan","Applied AI","Tokyo, Japan","Unspecified","5+ years","Internship","Hybrid","Uncategorized","2026-01-22T19:50:45-05:00","2026-08-31T00:00:26-04:00","https://job-boards.greenhouse.io/anthropic/jobs/5076109008"
"2014","5227672008","8","Applied AI Architect","Madrid, Spain","Applied AI","Madrid, Spain","Unspecified","5+ years","Internship","Hybrid","Uncategorized","2026-08-26T07:49:11-04:00","2026-08-28T16:45:08-04:00","https://job-boards.greenhouse.io/anthropic/jobs/5227672008"
"2015","5192805008","8","Applied AI Architect, Commercial","San Francisco, CA | New York City, NY","Applied AI","New York City, NY","Unspecified","3+ years","Internship","Hybrid","Uncategorized","2026-04-17T16:25:27-04:00","2026-08-21T12:50:08-04:00","https://job-boards.greenhouse.io/anthropic/jobs/5192805008"
"2016","5226862008","8","Applied AI Architect, Digital Natives Business","Munich, Germany","Applied AI","Munich, Germany","Unspecified","5+ years","Internship","Hybrid","Uncategorized","2026-05-21T15:53:45-04:00","2026-08-28T16:45:54-04:00","https://job-boards.greenhouse.io/anthropic/jobs/5226862008"
"2017","5278230008","8","Applied AI Architect, Digital Natives Business","London, UK","Applied AI","London, UK","Unspecified","5+ years","Internship","Hybrid","Uncategorized","2026-06-24T10:10:26-04:00","2026-08-28T14:43:59-04:00","https://job-boards.greenhouse.io/anthropic/jobs/5278230008"
"2018","5383335008","8","Applied AI Architect, Enterprise Tech","San Francisco, CA | New York City, NY | Seattle, WA","Applied AI","San Francisco, CA","Unspecified","5+ years","Internship","Hybrid","Uncategorized","2026-08-07T18:47:18-04:00","2026-08-21T12:50:48-04:00","https://job-boards.greenhouse.io/anthropic/jobs/5383335008"
"2019","4461444008","8","Applied AI Architect, Industries","New York City, NY; San Francisco, CA | New York City, NY | Seattle, WA","Applied AI","New York City, NY","Unspecified","5+ years","Internship","Hybrid","Uncategorized","2024-12-20T13:52:24-05:00","2026-08-21T12:49:35-04:00","https://job-boards.greenhouse.io/anthropic/jobs/4461444008"
"2020","5390765008","8","Applied AI Architect, Industries","London, UK","Applied AI","London, UK","Unspecified","5+ years","Internship","Hybrid","Uncategorized","2026-08-19T10:26:21-04:00","2026-08-28T14:44:01-04:00","https://job-boards.greenhouse.io/anthropic/jobs/5390765008"
"2021","5390778008","8","Applied AI Architect, Industries","Munich, Germany","Applied AI","Munich, Germany","Unspecified","5+ years","Internship","Hybrid","Uncategorized","2026-08-17T03:32:40-04:00","2026-08-31T05:49:46-04:00","https://job-boards.greenhouse.io/anthropic/jobs/5390778008"
"2022","5390770008","8","Applied AI Architect, Industries","Milan, Italy","Applied AI","Milan, Italy","Unspecified","5+ years","Internship","Hybrid","Uncategorized","2026-08-26T06:00:04-04:00","2026-08-28T16:45:34-04:00","https://job-boards.greenhouse.io/anthropic/jobs/5390770008"
"2023","5390787008","8","Applied AI Architect, Partnerships","Paris, France","Applied AI","Paris, France","Unspecified","5+ years","Internship","Hybrid","Partnerships","2026-08-17T13:48:52-04:00","2026-08-28T16:46:44-04:00","https://job-boards.greenhouse.io/anthropic/jobs/5390787008"
"2024","5390750008","8","Applied AI Architect, Partnerships","Bangalore, India","Applied AI","Bangalore, India","Unspecified","10+ years","Internship","Hybrid","Partnerships","2026-08-19T05:56:27-04:00","2026-08-28T14:41:37-04:00","https://job-boards.greenhouse.io/anthropic/jobs/5390750008"
"2025","5300430008","8","Applied AI Architect, Partnerships","San Francisco, CA | New York City, NY","Applied AI","San Francisco, CA","Unspecified","5+ years","Internship","Hybrid","Partnerships","2026-07-07T12:38:52-04:00","2026-08-21T12:50:31-04:00","https://job-boards.greenhouse.io/anthropic/jobs/5300430008"
"2026","5390877008","8","Applied AI Architect, Public Sector (National Security)","Washington, DC","Applied AI","Washington, D.C.","Chief","5+ years","Contract","Hybrid","Risk & Security","2026-08-18T13:00:45-04:00","2026-08-21T12:50:56-04:00","https://job-boards.greenhouse.io/anthropic/jobs/5390877008"
"2027","5406982008","8","Applied AI Architect, Startups","San Francisco, CA | New York City, NY","Applied AI","San Francisco, CA","Unspecified","3+ years","Internship","Hybrid","Uncategorized","2026-08-28T12:29:24-04:00","2026-08-28T12:29:24-04:00","https://job-boards.greenhouse.io/anthropic/jobs/5406982008"
"2028","5409008008","8","Applied AI Architect, Strategic Enterprise Tech","San Francisco, CA | New York City, NY | Seattle, WA","Applied AI","San Francisco, CA","Unspecified","8+ years","Internship","Hybrid","Uncategorized","2026-08-27T19:58:06-04:00","2026-08-27T19:58:06-04:00","https://job-boards.greenhouse.io/anthropic/jobs/5409008008"
"2029","5390799008","8","Applied AI Engineer","Tokyo, Japan","Applied AI","Tokyo, Japan","Unspecified","4+ years","Internship","Hybrid","Engineering","2026-08-19T01:15:32-04:00","2026-08-31T00:27:01-04:00","https://job-boards.greenhouse.io/anthropic/jobs/5390799008"
"2030","5021015008","8","Applied AI Engineer, Beneficial Deployments (Life Sciences)","San Francisco, CA | New York City, NY","Applied AI","New York City, NY","Unspecified","Unspecified","Internship","Hybrid","Engineering","2026-08-24T18:31:29-04:00","2026-08-24T18:32:15-04:00","https://job-boards.greenhouse.io/anthropic/jobs/5021015008"
"2031","5390754008","8","Applied AI Engineer, Enterprise","Paris, France","Applied AI","Paris, France","Unspecified","6+ years","Internship","Hybrid","Engineering","2026-08-20T09:01:59-04:00","2026-08-28T16:46:44-04:00","https://job-boards.greenhouse.io/anthropic/jobs/5390754008"
"2032","5390795008","8","Applied AI Engineer, Enterprise","Munich, Germany","Applied AI","Munich, Germany","Unspecified","6+ years","Internship","Hybrid","Engineering","2026-08-19T11:20:58-04:00","2026-08-28T16:45:54-04:00","https://job-boards.greenhouse.io/anthropic/jobs/5390795008"
"2033","5057647008","8","Applied AI Engineer, Enterprise Tech","San Francisco, CA | New York City, NY | Seattle, WA","Applied AI","Boston, MA","Unspecified","4+ years","Internship","Hybrid","Engineering","2026-01-08T15:47:40-05:00","2026-08-21T12:49:48-04:00","https://job-boards.greenhouse.io/anthropic/jobs/5057647008"
"2034","5129961008","8","Applied AI Research (Capabilities)","San Francisco, CA | New York City, NY","Sales","San Francisco, CA","Unspecified","3+ years","Internship","Hybrid","Uncategorized","2026-08-31T13:18:08-04:00","2026-08-31T13:18:08-04:00","https://job-boards.greenhouse.io/anthropic/jobs/5129961008"
"2035","5227641008","8","Applied AI Security Architect","London, UK","Applied AI","London, UK","Unspecified","7+ years","Internship","Hybrid","Risk & Security","2026-06-10T16:06:11-04:00","2026-08-28T14:43:59-04:00","https://job-boards.greenhouse.io/anthropic/jobs/5227641008"
"2036","5390791008","8","Applied AI Strategist, EMEA","London, UK","Applied AI","London, UK","Unspecified","15+ years","Internship","Hybrid","Operations","2026-08-26T11:07:11-04:00","2026-08-28T14:44:00-04:00","https://job-boards.greenhouse.io/anthropic/jobs/5390791008"
"2037","5116927008","8","Applied AI Technical Evangelist, Startup Ecosystem","San Francisco, CA","Applied AI","San Francisco, CA","Unspecified","7+ years","Internship","Hybrid","Uncategorized","2026-02-12T13:11:44-05:00","2026-08-21T12:49:56-04:00","https://job-boards.greenhouse.io/anthropic/jobs/5116927008"
"2038","5385590008","8","AV Engineer","London, UK","Security","London, UK","Unspecified","8+ years","Contract","Remote","Engineering","2026-08-12T13:12:57-04:00","2026-08-28T19:29:59-04:00","https://job-boards.greenhouse.io/anthropic/jobs/5385590008"
"2039","5385588008","8","AV Engineer","San Francisco, CA | New York City, NY","Security","New York City, NY","Unspecified","8+ years","Contract","Remote","Engineering","2026-08-12T13:07:32-04:00","2026-08-28T19:28:42-04:00","https://job-boards.greenhouse.io/anthropic/jobs/5385588008"
"2040","5383710008","8","AV Operations Specialist","San Francisco, CA | New York City, NY","Security","New York City, NY","Unspecified","8+ years","Contract","Remote","Operations","2026-08-10T14:43:38-04:00","2026-08-21T12:50:49-04:00","https://job-boards.greenhouse.io/anthropic/jobs/5383710008"
"2041","5379593008","8","AV Production Specialist","San Francisco, CA","Security","San Francisco, CA","Unspecified","8+ years","Contract","Remote","Uncategorized","2026-08-04T19:18:45-04:00","2026-08-21T12:50:45-04:00","https://job-boards.greenhouse.io/anthropic/jobs/5379593008"
"2042","5391180008","8","AWS GTM Partnership Lead, Enterprise","San Francisco, CA | New York City, NY | Seattle, WA","Sales","San Francisco, CA","Lead","8+ years","Internship","Hybrid","Partnerships","2026-08-17T18:05:56-04:00","2026-08-25T20:29:07-04:00","https://job-boards.greenhouse.io/anthropic/jobs/5391180008"
"2043","5391184008","8","AWS GTM Partnership Lead, Global System Integrators","San Francisco, CA | New York City, NY | Seattle, WA","Sales","San Francisco, CA","Lead","12+ years","Internship","Hybrid","Partnerships","2026-08-26T11:43:54-04:00","2026-08-26T11:43:54-04:00","https://job-boards.greenhouse.io/anthropic/jobs/5391184008"
"2044","5215052008","8","AWS GTM Partnership Lead, Startups","San Francisco, CA | New York City, NY | Seattle, WA","Sales","San Francisco, CA","Lead","8+ years","Internship","Hybrid","Partnerships","2026-05-11T17:58:31-04:00","2026-08-25T20:29:43-04:00","https://job-boards.greenhouse.io/anthropic/jobs/5215052008"
"2045","5391219008","8","AWS Partnerships Lead, DACH","Munich, Germany","Sales","Munich, Germany","Lead","7+ years","Internship","Hybrid","Partnerships","2026-08-25T09:25:50-04:00","2026-08-28T16:45:54-04:00","https://job-boards.greenhouse.io/anthropic/jobs/5391219008"
"2046","5390984008","8","BDR Enablement Lead","San Francisco, CA | New York City, NY","Sales","New York City, NY","Lead","5+ years","Internship","Hybrid","Uncategorized","2026-08-19T16:47:14-04:00","2026-08-31T20:14:56-04:00","https://job-boards.greenhouse.io/anthropic/jobs/5390984008"
"2047","5176201008","8","Brand Marketing Lead, Enterprise","San Francisco, CA","Marketing & Brand","San Francisco, CA","Lead","12+ years","Internship","Remote","Marketing","2026-07-24T12:46:17-04:00","2026-08-21T12:50:05-04:00","https://job-boards.greenhouse.io/anthropic/jobs/5176201008"
"2048","5396186008","8","Business Development Representative","San Francisco, CA | New York City, NY","Sales","New York City, NY","Unspecified","3+ years","Internship","Hybrid","Sales","2026-08-19T16:57:33-04:00","2026-08-21T12:51:10-04:00","https://job-boards.greenhouse.io/anthropic/jobs/5396186008"
"2049","5398753008","8","Business Systems Analyst","London, UK","Security","London, UK","Unspecified","5+ years","Contract","Hybrid","Uncategorized","2026-08-21T19:32:13-04:00","2026-08-28T14:44:02-04:00","https://job-boards.greenhouse.io/anthropic/jobs/5398753008"
"2050","5394958008","8","Business Systems Analyst","Friendly (Travel-Required) | San Francisco, CA | Seattle, WA | New York City, NY","Security","Remote-Friendly US (Travel Required)","Unspecified","5+ years","Contract","Remote","Uncategorized","2026-08-20T00:46:08-04:00","2026-08-21T12:51:09-04:00","https://job-boards.greenhouse.io/anthropic/jobs/5394958008"
"2051","5391499008","8","Canada Public Sector Account Executive","Ontario, CAN","Sales","Ontario, CA","Chief","7+ years","Internship","Hybrid","Sales","2026-08-25T13:44:47-04:00","2026-08-28T16:46:24-04:00","https://job-boards.greenhouse.io/anthropic/jobs/5391499008"
"2052","5364336008","8","Capital Markets - Infrastructure Financing","San Francisco, CA | New York City, NY","Finance","San Francisco, CA","Unspecified","8+ years","Internship","Hybrid","Engineering","2026-07-20T11:44:02-04:00","2026-08-21T12:50:40-04:00","https://job-boards.greenhouse.io/anthropic/jobs/5364336008"
"2053","5358112008","8","Cash Manager, Treasury","San Francisco, CA","Finance","San Francisco, CA","Manager","8+ years","Internship","Hybrid","Finance","2026-07-21T18:03:46-04:00","2026-08-21T12:50:39-04:00","https://job-boards.greenhouse.io/anthropic/jobs/5358112008"
"2054","5391257008","8","Channel Partner Manager","Seoul, South Korea","Sales","Seoul, South Korea","Manager","Unspecified","Contract","Hybrid","Uncategorized","2026-08-21T17:34:55-04:00","2026-08-31T00:40:44-04:00","https://job-boards.greenhouse.io/anthropic/jobs/5391257008"
"2055","5369181008","8","Cloud Partner Enablement Lead","San Francisco, CA | New York City, NY | Seattle, WA","Sales","New York City, NY","Lead","Unspecified","Internship","Hybrid","Uncategorized","2026-07-24T13:26:21-04:00","2026-08-21T12:50:43-04:00","https://job-boards.greenhouse.io/anthropic/jobs/5369181008"
"2056","5074052008","8","Commercial Counsel, GTM","San Francisco, CA | New York City, NY | Seattle, WA","Legal","New York City, NY","Unspecified","3+ years","Contract","Hybrid","Legal","2026-01-16T18:32:49-05:00","2026-08-21T12:49:50-04:00","https://job-boards.greenhouse.io/anthropic/jobs/5074052008"
"2057","5275765008","8","Commercial Counsel, SPARC","New York City, NY; San Francisco, CA; Seattle, WA","Legal","San Francisco, CA","Unspecified","Unspecified","Contract","Hybrid","Legal","2026-06-24T21:56:44-04:00","2026-08-21T12:50:28-04:00","https://job-boards.greenhouse.io/anthropic/jobs/5275765008"
"2058","5164551008","8","Communications Lead, Enterprise","San Francisco, CA | New York City, NY","Communications","San Francisco, CA","Lead","15+ years","Internship","Hybrid","Marketing","2026-05-26T19:02:35-04:00","2026-08-21T12:50:03-04:00","https://job-boards.greenhouse.io/anthropic/jobs/5164551008"
"2059","5240487008","8","Communications Lead, Platform","New York City, NY; San Francisco, CA; Seattle, WA","Communications","San Francisco, CA","Lead","8+ years","Internship","Hybrid","Marketing","2026-06-03T18:03:26-04:00","2026-08-21T12:50:22-04:00","https://job-boards.greenhouse.io/anthropic/jobs/5240487008"
"2060","5391983008","8","Community Engagement Manager, Data Centers (Texas)","Austin, TX |Friendly, United States","Public Policy","Remote-Friendly US (Travel Required)","Manager","7+ years","Internship","Remote","Marketing","2026-08-19T13:26:24-04:00","2026-08-21T12:51:03-04:00","https://job-boards.greenhouse.io/anthropic/jobs/5391983008"
"2061","5391999008","8","Community Engagement Manager, Data Centres (Australia)","Sydney, Australia |Friendly, Australia","Public Policy","Sydney, Australia","Manager","7+ years","Internship","Remote","Marketing","2026-08-19T13:35:51-04:00","2026-08-28T16:47:53-04:00","https://job-boards.greenhouse.io/anthropic/jobs/5391999008"
"2062","5391974008","8","Community Engagement Manager, Data Centres (Canada)","Alberta, CAN |Friendly, Canada","Public Policy","British Columbia, CA","Manager","7+ years","Internship","Remote","Marketing","2026-08-19T13:27:30-04:00","2026-08-28T14:42:39-04:00","https://job-boards.greenhouse.io/anthropic/jobs/5391974008"
"2063","5207565008","8","Community & Executive Escalations Program Manager","San Francisco, CA | New York City, NY","Product Management, Support, & Operations","San Francisco, CA","Manager","6+ years","Internship","Hybrid","Program Management","2026-05-04T17:02:48-04:00","2026-08-21T12:50:12-04:00","https://job-boards.greenhouse.io/anthropic/jobs/5207565008"
"2064","5385546008","8","Compute Country Lead, Canada","Friendly (Travel Required) | Canada","Compute","British Columbia, CA","Lead","Unspecified","Internship","Remote","Uncategorized","2026-08-11T13:07:49-04:00","2026-08-28T14:42:38-04:00","https://job-boards.greenhouse.io/anthropic/jobs/5385546008"
"2065","5385559008","8","Compute Country Lead, Japan","Tokyo, Japan","Compute","Tokyo, Japan","Lead","Unspecified","Internship","Hybrid","Uncategorized","2026-08-11T11:55:50-04:00","2026-08-28T16:49:11-04:00","https://job-boards.greenhouse.io/anthropic/jobs/5385559008"
"2066","5385557008","8","Compute Country Lead, Korea","Seoul, South Korea","Compute","Seoul, South Korea","Lead","Unspecified","Internship","Hybrid","Uncategorized","2026-08-11T11:56:03-04:00","2026-08-28T16:47:05-04:00","https://job-boards.greenhouse.io/anthropic/jobs/5385557008"
"2067","5271060008","8","Contracts Manager, APAC","Singapore","Legal","Singapore","Manager","8+ years","Contract","Remote","Uncategorized","2026-06-18T18:06:42-04:00","2026-08-28T16:47:27-04:00","https://job-boards.greenhouse.io/anthropic/jobs/5271060008"
"2068","5271063008","8","Contracts Manager, APAC","Sydney, Australia","Legal","Sydney, Australia","Manager","8+ years","Contract","Remote","Uncategorized","2026-06-18T18:05:33-04:00","2026-08-28T16:47:53-04:00","https://job-boards.greenhouse.io/anthropic/jobs/5271063008"
"2069","5264820008","8","Contracts Manager, EMEA","London, UK","Legal","London, UK","Manager","8+ years","Contract","Remote","Uncategorized","2026-06-18T18:13:30-04:00","2026-08-28T14:43:59-04:00","https://job-boards.greenhouse.io/anthropic/jobs/5264820008"
"2070","5249545008","8","Contract Technical Sourcer","Friendly, United States","People","Remote-Friendly US (Travel Required)","Unspecified","5+ years","Internship","Remote","Uncategorized","2026-07-24T12:56:39-04:00","2026-08-26T14:41:39-04:00","https://job-boards.greenhouse.io/anthropic/jobs/5249545008"
"2071","5407184008","8","Corporate Counsel, M&A","San Francisco, CA | New York City, NY | Seattle, WA","Legal","San Francisco, CA","Unspecified","5+ years","Internship","Hybrid","Legal","2026-08-26T23:13:30-04:00","2026-08-26T23:13:30-04:00","https://job-boards.greenhouse.io/anthropic/jobs/5407184008"
"2072","5358146008","8","Corporate Development Integration Lead","San Francisco, CA","Finance","San Francisco, CA","Lead","10+ years","Internship","Hybrid","Uncategorized","2026-08-26T15:26:12-04:00","2026-08-26T15:26:12-04:00","https://job-boards.greenhouse.io/anthropic/jobs/5358146008"
"2073","5358130008","8","Corporate Finance & Strategy, Cash Flow Forecasting","San Francisco, CA","Finance","San Francisco, CA","Unspecified","5+ years","Internship","Hybrid","Finance","2026-08-28T15:19:00-04:00","2026-08-28T15:20:36-04:00","https://job-boards.greenhouse.io/anthropic/jobs/5358130008"
"2074","5390155008","8","Customer Marketing Manager, Industries","San Francisco, CA | New York City, NY","Marketing & Brand","San Francisco, CA","Manager","6+ years","Internship","Hybrid","Marketing","2026-08-15T17:34:03-04:00","2026-08-21T12:50:54-04:00","https://job-boards.greenhouse.io/anthropic/jobs/5390155008"
"2075","5388726008","8","Customer Programs Manager, Co-Marketing & Measurement","San Francisco, CA | New York City, NY","Marketing & Brand","San Francisco, CA","Manager","7+ years","Internship","Hybrid","Marketing","2026-08-13T20:25:51-04:00","2026-08-21T12:50:53-04:00","https://job-boards.greenhouse.io/anthropic/jobs/5388726008"
"2076","5391112008","8","Customer Success Manager","Seoul, South Korea","Sales","Seoul, South Korea","Manager","6+ years","Contract","Hybrid","Customer Success","2026-08-18T00:32:10-04:00","2026-08-31T00:22:34-04:00","https://job-boards.greenhouse.io/anthropic/jobs/5391112008"
"2077","5387027008","8","Customer Success Manager","Tokyo, Japan","Sales","Tokyo, Japan","Manager","6+ years","Contract","Hybrid","Customer Success","2026-08-12T02:44:13-04:00","2026-08-31T00:24:24-04:00","https://job-boards.greenhouse.io/anthropic/jobs/5387027008"
"2078","5382792008","8","Customer Success Manager, DACH","Munich, Germany","Sales","Munich, Germany","Manager","6+ years","Contract","Hybrid","Customer Success","2026-08-12T04:48:21-04:00","2026-08-28T16:45:54-04:00","https://job-boards.greenhouse.io/anthropic/jobs/5382792008"
"2079","5391062008","8","Customer Success Manager, Financial Services","San Francisco, CA | Seattle, WA | New York City, NY | Washington, DC","Sales","San Francisco, CA","Manager","6+ years","Contract","Hybrid","Customer Success","2026-08-17T10:04:09-04:00","2026-08-21T12:50:58-04:00","https://job-boards.greenhouse.io/anthropic/jobs/5391062008"
"2080","4986159008","8","Customer Success Manager, GSI","San Francisco, CA | Seattle, WA | New York City, NY | Washington, DC","Sales","New York City, NY","Manager","6+ years","Contract","Hybrid","Customer Success","2026-08-17T10:04:30-04:00","2026-08-21T12:49:45-04:00","https://job-boards.greenhouse.io/anthropic/jobs/4986159008"
"2081","5068570008","8","Customer Success Manager, Industries","New York City, NY","Sales","New York City, NY","Manager","6+ years","Contract","Hybrid","Customer Success","2026-04-03T12:12:57-04:00","2026-08-21T12:49:49-04:00","https://job-boards.greenhouse.io/anthropic/jobs/5068570008"
"2082","5082455008","8","Customer Success Manager, Tech","New York City, NY; San Francisco, CA; Seattle, WA","Sales","New York City, NY","Manager","6+ years","Contract","Hybrid","Customer Success","2026-01-23T17:55:09-05:00","2026-08-26T18:31:21-04:00","https://job-boards.greenhouse.io/anthropic/jobs/5082455008"
"2083","5392957008","8","Customer Success Manager, Top Accounts","Boston, MA; San Francisco, CA | New York City, NY; Seattle, WA; Washington, DC","Sales","San Francisco, CA","Manager","8+ years","Internship","Hybrid","Customer Success","2026-08-17T20:18:07-04:00","2026-08-21T12:51:05-04:00","https://job-boards.greenhouse.io/anthropic/jobs/5392957008"
"2084","5339199008","8","Data Center Architect, CSA","Friendly, United States","Compute","Remote-Friendly US (Travel Required)","Unspecified","10+ years","Internship","Remote","Uncategorized","2026-07-14T23:00:54-04:00","2026-08-21T12:50:35-04:00","https://job-boards.greenhouse.io/anthropic/jobs/5339199008"
"2085","5375371008","8","Data Center Electrical Engineer","Friendly, United States","Compute","Remote-Friendly US (Travel Required)","Unspecified","10+ years","Contract","Remote","Engineering","2026-08-19T16:28:27-04:00","2026-08-25T16:18:32-04:00","https://job-boards.greenhouse.io/anthropic/jobs/5375371008"
"2086","5227415008","8","Data Center Electrical Engineer","Tokyo, Japan","Compute","Tokyo, Japan","Unspecified","10+ years","Contract","Remote","Engineering","2026-05-21T14:46:44-04:00","2026-08-28T16:49:11-04:00","https://job-boards.greenhouse.io/anthropic/jobs/5227415008"
"2087","5227845008","8","Data Center Energy Lead, Australia","Sydney, Australia","Compute","Sydney, Australia","Lead","15+ years","Internship","Remote","Uncategorized","2026-06-01T12:18:51-04:00","2026-08-28T16:47:52-04:00","https://job-boards.greenhouse.io/anthropic/jobs/5227845008"
"2088","5405710008","8","Data Center Energy Lead, EMEA","London, UK","Compute","London, UK","Lead","15+ years","Internship","Remote","Uncategorized","2026-08-25T14:23:39-04:00","2026-08-28T14:44:02-04:00","https://job-boards.greenhouse.io/anthropic/jobs/5405710008"
"2089","5227413008","8","Data Center Mechanical Engineer","Sydney, Australia","Compute","Sydney, Australia","Unspecified","10+ years","Internship","Hybrid","Engineering","2026-05-21T14:46:12-04:00","2026-08-28T16:47:53-04:00","https://job-boards.greenhouse.io/anthropic/jobs/5227413008"
"2090","5375376008","8","Data Center Mechanical Engineer","Friendly, United States","Compute","Remote-Friendly US (Travel Required)","Unspecified","10+ years","Internship","Remote","Engineering","2026-08-19T16:28:18-04:00","2026-08-25T16:19:52-04:00","https://job-boards.greenhouse.io/anthropic/jobs/5375376008"
"2091","5215141008","8","Data Center OFE Strategic Sourcing Manager","Friendly (Travel-Required) | San Francisco, CA | New York City, NY","Compute","San Francisco, CA","Manager","7+ years","Contract","Remote","Uncategorized","2026-08-10T10:27:03-04:00","2026-08-27T15:14:04-04:00","https://job-boards.greenhouse.io/anthropic/jobs/5215141008"
"2092","5398280008","8","Data Center Operations Lead - Partner Site Operations","Friendly (Travel Required) | San Francisco, CA","Compute","Remote-Friendly US (Travel Required)","Lead","8+ years","Contract","Remote","Operations","2026-08-21T16:32:22-04:00","2026-08-21T22:03:18-04:00","https://job-boards.greenhouse.io/anthropic/jobs/5398280008"
"2093","5406245008","8","Data Center Portfolio Lead","Friendly, United States","Compute","Remote-Friendly US (Travel Required)","Lead","Unspecified","Internship","Remote","Uncategorized","2026-08-25T17:45:26-04:00","2026-08-25T20:40:44-04:00","https://job-boards.greenhouse.io/anthropic/jobs/5406245008"
"2094","5397445008","8","Data Center Supply Planning Lead","Friendly, United States","Compute","Remote-Friendly US (Travel Required)","Lead","Unspecified","Internship","Remote","Uncategorized","2026-08-20T19:07:04-04:00","2026-08-22T15:07:02-04:00","https://job-boards.greenhouse.io/anthropic/jobs/5397445008"
"2095","4956672008","8","Data Engineer","San Francisco, CA | New York City, NY | Seattle, WA","Data Science & Analytics","New York City, NY","Unspecified","5+ years","Internship","Hybrid","Engineering","2025-10-17T14:13:10-04:00","2026-08-21T12:49:43-04:00","https://job-boards.greenhouse.io/anthropic/jobs/4956672008"
"2096","5125387008","8","Data Engineering Manager, Product","San Francisco, CA | New York City, NY | Seattle, WA","Data Science & Analytics","New York City, NY","Manager","8+ years","Internship","Hybrid","Engineering","2026-02-19T19:49:54-05:00","2026-08-21T12:49:58-04:00","https://job-boards.greenhouse.io/anthropic/jobs/5125387008"
"2097","5240422008","8","Data Engineer, Safeguards","San Francisco, CA | New York City, NY","Data Science & Analytics","San Francisco, CA","Unspecified","8+ years","Internship","Hybrid","Engineering","2026-07-01T16:26:10-04:00","2026-08-21T12:50:22-04:00","https://job-boards.greenhouse.io/anthropic/jobs/5240422008"
"2098","5238460008","8","Data Operations Manager, Human Data","San Francisco, CA | New York City, NY","AI Research & Engineering","San Francisco, CA","Manager","3+ years","Contract","Hybrid","Operations","2026-06-03T11:11:53-04:00","2026-08-26T20:23:38-04:00","https://job-boards.greenhouse.io/anthropic/jobs/5238460008"
"2099","5184585008","8","Data Science, Finance & Strategy","San Francisco, CA","Finance","San Francisco, CA","Unspecified","Unspecified","Internship","Hybrid","Finance","2026-04-10T19:35:56-04:00","2026-08-21T12:50:06-04:00","https://job-boards.greenhouse.io/anthropic/jobs/5184585008"
"2100","5197529008","8","Data Scientist, Developer Productivity","San Francisco, CA | New York City, NY","Data Science & Analytics","San Francisco, CA","Unspecified","8+ years","Internship","Hybrid","Engineering","2026-05-06T02:22:41-04:00","2026-08-21T12:50:09-04:00","https://job-boards.greenhouse.io/anthropic/jobs/5197529008"
"2101","5196852008","8","Data Scientist, GTM","New York City, NY; San Francisco, CA | New York City, NY","Data Science & Analytics","San Francisco, CA","Unspecified","5+ years","Internship","Hybrid","Data","2026-05-31T04:18:08-04:00","2026-08-21T12:50:08-04:00","https://job-boards.greenhouse.io/anthropic/jobs/5196852008"
"2102","5161402008","8","Data Scientist, Marketing","New York City, NY | Seattle, WA; San Francisco, CA","Data Science & Analytics","San Francisco, CA","Unspecified","7+ years","Internship","Hybrid","Data","2026-03-23T16:37:20-04:00","2026-08-21T12:50:02-04:00","https://job-boards.greenhouse.io/anthropic/jobs/5161402008"
"2103","5232055008","8","Data Scientist, Policy","New York City, NY; San Francisco, CA | New York City, NY; Washington, DC","Data Science & Analytics","San Francisco, CA","Unspecified","6+ years","Internship","Hybrid","Data","2026-05-27T12:27:23-04:00","2026-08-21T12:50:18-04:00","https://job-boards.greenhouse.io/anthropic/jobs/5232055008"
"2104","5182605008","8","Data Scientist, Product","New York City, NY; San Francisco, CA; Seattle, WA","Data Science & Analytics","San Francisco, CA","Unspecified","7+ years","Internship","Hybrid","Data","2026-05-07T14:28:01-04:00","2026-08-24T19:19:04-04:00","https://job-boards.greenhouse.io/anthropic/jobs/5182605008"
"2105","5209196008","8","Data Scientist, Safeguards","New York City, NY; San Francisco, CA; Seattle, WA","Data Science & Analytics","Remote-Friendly US (Travel Required)","Unspecified","8+ years","Internship","Hybrid","Data","2026-06-02T14:24:51-04:00","2026-08-21T12:50:12-04:00","https://job-boards.greenhouse.io/anthropic/jobs/5209196008"
"2106","5383596008","8","Developer Relations","San Francisco, CA | New York City, NY","Engineering & Design - Product","San Francisco, CA","Unspecified","5+ years","Internship","Hybrid","Engineering","2026-08-10T15:57:04-04:00","2026-08-21T12:50:49-04:00","https://job-boards.greenhouse.io/anthropic/jobs/5383596008"
"2107","5392856008","8","DevOps / AgentOps Engineer, GTM Systems","San Francisco, CA","Engineering & Design - Product","San Francisco, CA","Unspecified","Unspecified","Contract","Hybrid","Engineering","2026-08-19T14:30:39-04:00","2026-08-21T12:51:05-04:00","https://job-boards.greenhouse.io/anthropic/jobs/5392856008"
"2108","5234538008","8","Director, Compute Infrastructure Procurement Operations","San Francisco, CA | New York City, NY","Finance","San Francisco, CA","Director","12+ years","Contract","Hybrid","Engineering","2026-05-29T15:55:31-04:00","2026-08-21T12:50:19-04:00","https://job-boards.greenhouse.io/anthropic/jobs/5234538008"
"2109","5409055008","8","Director, Finance Systems - Revenue Systems Engineering","San Francisco, CA | Seattle, WA","Finance","San Francisco, CA","Director","12+ years","Internship","Hybrid","Engineering","2026-08-29T02:34:37-04:00","2026-08-29T02:34:37-04:00","https://job-boards.greenhouse.io/anthropic/jobs/5409055008"
"2110","5205735008","8","Director, Global Order-to-Cash Transformation","San Francisco, CA | New York City, NY | Seattle, WA","Finance","San Francisco, CA","Director","10+ years","Contract","Hybrid","Uncategorized","2026-07-29T17:04:24-04:00","2026-08-21T12:50:11-04:00","https://job-boards.greenhouse.io/anthropic/jobs/5205735008"
"2111","5318977008","8","Director, Infrastructure Supply Chain Accounting","San Francisco, CA | New York City, NY","Finance","San Francisco, CA","Director","12+ years","Contract","Hybrid","Engineering","2026-08-19T17:15:11-04:00","2026-08-21T12:50:34-04:00","https://job-boards.greenhouse.io/anthropic/jobs/5318977008"
"2112","5345466008","8","Director, Investor Relations","San Francisco, CA","Finance","San Francisco, CA","Director","Unspecified","Internship","Hybrid","Uncategorized","2026-07-14T17:23:04-04:00","2026-08-21T12:50:36-04:00","https://job-boards.greenhouse.io/anthropic/jobs/5345466008"
"2113","5076754008","8","Director, Revenue Accounting","San Francisco, CA | Seattle, WA","Finance","San Francisco, CA","Director","10+ years","Contract","Hybrid","Finance","2026-01-19T14:35:18-05:00","2026-08-21T12:49:40-04:00","https://job-boards.greenhouse.io/anthropic/jobs/5076754008"
"2114","5358120008","8","Director, US International Tax","Friendly (Travel Required) | San Francisco, CA","Finance","San Francisco, CA","Intern","Unspecified","Internship","Remote","Finance","2026-08-07T17:19:10-04:00","2026-08-21T12:50:39-04:00","https://job-boards.greenhouse.io/anthropic/jobs/5358120008"
"2115","5400362008","8","Discovery Operations Lead, Litigation & Regulatory","San Francisco, CA","Legal","San Francisco, CA","Lead","8+ years","Contract","Hybrid","Operations","2026-08-25T16:35:21-04:00","2026-08-25T17:10:37-04:00","https://job-boards.greenhouse.io/anthropic/jobs/5400362008"
"2116","5228098008","8","Economic Mobility Partnerships Manager - Career Pathways","San Francisco, CA; Washington, DC","Sales","San Francisco, CA","Manager","Unspecified","Full-time","Hybrid","Partnerships","2026-05-21T17:54:08-04:00","2026-08-27T16:20:31-04:00","https://job-boards.greenhouse.io/anthropic/jobs/5228098008"
"2117","5399223008","8","Energy Scheduling & Portfolio Lead","Friendly, United States","Compute","Remote-Friendly US (Travel Required)","Lead","8+ years","Contract","Remote","Uncategorized","2026-08-25T14:30:15-04:00","2026-08-25T14:30:15-04:00","https://job-boards.greenhouse.io/anthropic/jobs/5399223008"
"2118","5309805008","8","Engineering Manager, Connectivity - London","London, UK","Engineering & Design - Product","London, UK","Manager","3+ years","Internship","Remote","Engineering","2026-07-09T17:59:48-04:00","2026-08-28T14:43:59-04:00","https://job-boards.greenhouse.io/anthropic/jobs/5309805008"
"2119","5236531008","8","Engineering Manager, Cybersecurity Products","San Francisco, CA | New York City, NY","Engineering & Design - Product","San Francisco, CA","Manager","8+ years","Internship","Hybrid","Engineering","2026-05-29T23:37:09-04:00","2026-08-21T12:50:20-04:00","https://job-boards.greenhouse.io/anthropic/jobs/5236531008"
"2120","5255912008","8","Engineering Manager, Enterprise","San Francisco, CA","Engineering & Design - Product","San Francisco, CA","Manager","4+ years","Internship","Hybrid","Engineering","2026-06-12T23:46:11-04:00","2026-08-21T12:50:25-04:00","https://job-boards.greenhouse.io/anthropic/jobs/5255912008"
"2121","4741104008","8","Engineering Manager, GPU (ML Accelerator)","San Francisco, CA | New York City, NY | Seattle, WA","AI Research & Engineering","New York City, NY","Manager","1+ years","Internship","Remote","Engineering","2025-05-29T11:10:32-04:00","2026-08-21T12:49:37-04:00","https://job-boards.greenhouse.io/anthropic/jobs/4741104008"
"2122","4980335008","8","Engineering Manager, GRC Platform","San Francisco, CA | New York City, NY | Seattle, WA","Security","New York City, NY","Manager","12+ years","Internship","Hybrid","Engineering","2025-11-19T11:21:22-05:00","2026-08-21T12:49:44-04:00","https://job-boards.greenhouse.io/anthropic/jobs/4980335008"
"2123","5361472008","8","Engineering Manager, Growth","San Francisco, CA | New York City, NY | Seattle, WA","Engineering & Design - Product","New York City, NY","Manager","5+ years","Internship","Hybrid","Engineering","2026-07-17T19:33:41-04:00","2026-08-21T12:50:39-04:00","https://job-boards.greenhouse.io/anthropic/jobs/5361472008"
"2124","5405548008","8","Engineering Manager, Hardware Platform Security","San Francisco, CA | Seattle, WA","Security","San Francisco, CA","Manager","10+ years","Full-time","Remote","Engineering","2026-08-27T19:20:31-04:00","2026-08-27T19:20:31-04:00","https://job-boards.greenhouse.io/anthropic/jobs/5405548008"
"2125","4741102008","8","Engineering Manager, Inference","San Francisco, CA | New York City, NY | Seattle, WA","AI Research & Engineering","New York City, NY","Manager","1+ years","Internship","Remote","Engineering","2025-05-29T11:10:02-04:00","2026-08-21T12:49:37-04:00","https://job-boards.greenhouse.io/anthropic/jobs/4741102008"
"2126","5297059008","8","Engineering Manager, Research Data Platform","San Francisco, CA | New York City, NY","AI Research & Engineering","San Francisco, CA","Manager","Unspecified","Internship","Hybrid","Engineering","2026-07-06T22:44:47-04:00","2026-08-21T12:50:07-04:00","https://job-boards.greenhouse.io/anthropic/jobs/5297059008"
"2127","5223093008","8","Engineering Manager, Research Productivity","San Francisco, CA | New York City, NY","AI Research & Engineering","San Francisco, CA","Manager","2+ years","Internship","Remote","Engineering","2026-05-22T17:13:51-04:00","2026-08-21T12:50:14-04:00","https://job-boards.greenhouse.io/anthropic/jobs/5223093008"
"2128","5013366008","8","Engineering Manager, Safeguards Review Tooling","San Francisco, CA","Safeguards (Trust & Safety)","San Francisco, CA","Manager","4+ years","Internship","Hybrid","Engineering","2026-06-10T17:27:09-04:00","2026-08-21T12:49:46-04:00","https://job-boards.greenhouse.io/anthropic/jobs/5013366008"
"2129","5371065008","8","Engineering Manager, Search","San Francisco, CA | New York City, NY","AI Research & Engineering","San Francisco, CA","Manager","Unspecified","Internship","Hybrid","Engineering","2026-08-03T14:21:29-04:00","2026-08-21T12:50:44-04:00","https://job-boards.greenhouse.io/anthropic/jobs/5371065008"
"2130","5391293008","8","Enterprise Account Executive, Automotive","Paris, France","Sales","Paris, France","Unspecified","12+ years","Internship","Hybrid","Sales","2026-08-26T10:52:28-04:00","2026-08-28T16:46:44-04:00","https://job-boards.greenhouse.io/anthropic/jobs/5391293008"
"2131","5219971008","8","Enterprise Account Executive, Conglomerate","Seoul, South Korea","Sales","Seoul, South Korea","Unspecified","8+ years","Internship","Hybrid","Sales","2026-05-15T20:43:50-04:00","2026-08-31T00:12:03-04:00","https://job-boards.greenhouse.io/anthropic/jobs/5219971008"
"2132","5391364008","8","Enterprise Account Executive - Digital Native Business","Delhi, India","Sales","Bangalore, India","Unspecified","10+ years","Internship","Hybrid","Sales","2026-08-21T02:22:26-04:00","2026-08-29T15:47:14-04:00","https://job-boards.greenhouse.io/anthropic/jobs/5391364008"
"2133","5248895008","8","Enterprise Account Executive, Digital Native Business","Tokyo, Japan","Sales","Tokyo, Japan","Unspecified","8+ years","Internship","Hybrid","Sales","2026-06-04T20:15:21-04:00","2026-09-01T01:04:47-04:00","https://job-boards.greenhouse.io/anthropic/jobs/5248895008"
"2134","5227904008","8","Enterprise Account Executive, Digital Native Business - Munich","Munich, Germany","Sales","Munich, Germany","Unspecified","5+ years","Internship","Hybrid","Sales","2026-06-08T10:29:06-04:00","2026-08-28T16:45:54-04:00","https://job-boards.greenhouse.io/anthropic/jobs/5227904008"
"2135","5118189008","8","Enterprise Account Executive, DoW/IC","Washington, DC","Sales","Washington, D.C.","Unspecified","7+ years","Contract","Hybrid","Sales","2026-02-11T18:20:53-05:00","2026-08-21T12:49:43-04:00","https://job-boards.greenhouse.io/anthropic/jobs/5118189008"
"2136","5225003008","8","Enterprise Account Executive - Energy & Utilities","London, UK","Sales","London, UK","Unspecified","8+ years","Internship","Hybrid","Sales","2026-05-28T04:14:29-04:00","2026-08-31T06:27:09-04:00","https://job-boards.greenhouse.io/anthropic/jobs/5225003008"
"2137","5194670008","8","Enterprise Account Executive, Federal Civilian Sales","Washington, DC","Sales","Washington, D.C.","Unspecified","7+ years","Contract","Hybrid","Sales","2026-04-20T18:13:18-04:00","2026-08-21T12:49:43-04:00","https://job-boards.greenhouse.io/anthropic/jobs/5194670008"
"2138","5196023008","8","Enterprise Account Executive, Federal Civilian Sales - Commerce & Interior","Washington, DC","Sales","Washington, D.C.","Unspecified","7+ years","Contract","Hybrid","Sales","2026-04-21T18:40:40-04:00","2026-08-21T12:49:43-04:00","https://job-boards.greenhouse.io/anthropic/jobs/5196023008"
"2139","5196014008","8","Enterprise Account Executive, Federal Civilian Sales - Transport & Land","Washington, DC","Sales","Washington, D.C.","Unspecified","7+ years","Contract","Hybrid","Sales","2026-04-21T18:40:37-04:00","2026-08-21T12:49:43-04:00","https://job-boards.greenhouse.io/anthropic/jobs/5196014008"
"2140","5160180008","8","Enterprise Account Executive, Federal Partners Sales","Washington, DC","Sales","Washington, D.C.","Unspecified","7+ years","Contract","Hybrid","Sales","2026-03-20T11:13:46-04:00","2026-08-21T12:49:44-04:00","https://job-boards.greenhouse.io/anthropic/jobs/5160180008"
"2141","5391297008","8","Enterprise Account Executive, Financial Services","Munich, Germany","Sales","Munich, Germany","Unspecified","7+ years","Internship","Hybrid","Sales","2026-08-17T11:46:01-04:00","2026-08-28T16:45:54-04:00","https://job-boards.greenhouse.io/anthropic/jobs/5391297008"
"2142","5104753008","8","Enterprise Account Executive, Financial Services & Insurance","Tokyo, Japan","Sales","Tokyo, Japan","Unspecified","8+ years","Internship","Hybrid","Sales","2026-01-31T20:49:54-05:00","2026-08-28T16:49:10-04:00","https://job-boards.greenhouse.io/anthropic/jobs/5104753008"
"2143","5341664008","8","Enterprise Account Executive - FSI","Seoul, South Korea","Sales","Seoul, South Korea","Unspecified","8+ years","Internship","Hybrid","Sales","2026-07-13T07:44:18-04:00","2026-09-01T01:35:34-04:00","https://job-boards.greenhouse.io/anthropic/jobs/5341664008"
"2144","5391301008","8","Enterprise Account Executive, Industries","Munich, Germany","Sales","Munich, Germany","Unspecified","7+ years","Internship","Hybrid","Sales","2026-08-17T08:43:07-04:00","2026-08-28T16:45:54-04:00","https://job-boards.greenhouse.io/anthropic/jobs/5391301008"
"2145","5391322008","8","Enterprise Account Executive - Industries Generalist","Sydney, Australia","Sales","Sydney, Australia","Unspecified","12+ years","Internship","Hybrid","Sales","2026-08-20T16:24:35-04:00","2026-08-28T16:47:53-04:00","https://job-boards.greenhouse.io/anthropic/jobs/5391322008"
"2146","5391372008","8","Enterprise Account Executive - Industries Generalist (ASEAN)","Singapore","Sales","Singapore","Unspecified","12+ years","Internship","Hybrid","Sales","2026-08-20T16:50:53-04:00","2026-08-28T16:47:27-04:00","https://job-boards.greenhouse.io/anthropic/jobs/5391372008"
"2147","5391289008","8","Enterprise Account Executive, Insurance","London, UK","Sales","London, UK","Unspecified","8+ years","Internship","Hybrid","Sales","2026-08-20T12:47:32-04:00","2026-08-28T14:44:01-04:00","https://job-boards.greenhouse.io/anthropic/jobs/5391289008"
"2148","5287249008","8","Enterprise Account Executive - Life Sciences","London, UK","Sales","London, UK","Unspecified","8+ years","Contract","Hybrid","Sales","2026-07-03T05:54:18-04:00","2026-08-28T14:43:59-04:00","https://job-boards.greenhouse.io/anthropic/jobs/5287249008"
"2149","5237973008","8","Enterprise Account Executive, Manufacturing","London, UK","Sales","London, UK","Unspecified","8+ years","Internship","Hybrid","Sales","2026-06-07T12:47:23-04:00","2026-08-28T14:43:59-04:00","https://job-boards.greenhouse.io/anthropic/jobs/5237973008"
"2150","5218573008","8","Enterprise Account Executive - Retail","London, UK","Sales","London, UK","Unspecified","8+ years","Internship","Hybrid","Sales","2026-05-28T04:10:30-04:00","2026-08-28T14:43:58-04:00","https://job-boards.greenhouse.io/anthropic/jobs/5218573008"
"2151","5391336008","8","Enterprise Account Executive - Retail/CPG","Seoul, South Korea","Sales","Seoul, South Korea","Unspecified","8+ years","Internship","Hybrid","Sales","2026-08-25T03:57:11-04:00","2026-08-28T16:47:05-04:00","https://job-boards.greenhouse.io/anthropic/jobs/5391336008"
"2152","5219967008","8","Enterprise Account Executive - Retail / CPG / Trading","Tokyo, Japan","Sales","Tokyo, Japan","Unspecified","8+ years","Internship","Hybrid","Sales","2026-08-28T05:14:33-04:00","2026-09-01T01:14:42-04:00","https://job-boards.greenhouse.io/anthropic/jobs/5219967008"
"2153","4959329008","8","Enterprise Account Executive, State & Local Sales","Friendly (Travel-Required) | San Francisco, CA | New York City, NY","Sales","San Francisco, CA","Unspecified","5+ years","Contract","Remote","Sales","2025-10-23T14:06:24-04:00","2026-08-21T12:49:43-04:00","https://job-boards.greenhouse.io/anthropic/jobs/4959329008"
"2154","5104756008","8","Enterprise Account Executive, System Integrators","Tokyo, Japan","Sales","Tokyo, Japan","Unspecified","8+ years","Internship","Hybrid","Sales","2026-01-31T20:49:56-05:00","2026-09-01T01:09:16-04:00","https://job-boards.greenhouse.io/anthropic/jobs/5104756008"
"2155","5207540008","8","Enterprise Account Executive, Tech","San Francisco, CA | New York City, NY","Sales","San Francisco, CA","Unspecified","5+ years","Internship","Hybrid","Sales","2026-08-18T15:09:43-04:00","2026-08-21T12:50:12-04:00","https://job-boards.greenhouse.io/anthropic/jobs/5207540008"
"2156","5096041008","8","Enterprise Account Executive, Telecommunications","Tokyo, Japan","Sales","Tokyo, Japan","Unspecified","8+ years","Internship","Hybrid","Sales","2026-01-31T20:32:12-05:00","2026-09-01T01:10:14-04:00","https://job-boards.greenhouse.io/anthropic/jobs/5096041008"
"2157","5391995008","8","Enterprise Integrated Campaign Manager","San Francisco, CA | New York City, NY | Seattle, WA","Marketing & Brand","San Francisco, CA","Manager","10+ years","Internship","Hybrid","Uncategorized","2026-08-14T19:00:12-04:00","2026-08-26T14:05:42-04:00","https://job-boards.greenhouse.io/anthropic/jobs/5391995008"
"2158","5383708008","8","Environment, Health and Safety Specialist","Dublin, IE","Security","Dublin, IE","Unspecified","7+ years","Contract","Hybrid","Uncategorized","2026-08-11T15:44:37-04:00","2026-08-28T14:43:34-04:00","https://job-boards.greenhouse.io/anthropic/jobs/5383708008"
"2159","5383706008","8","Environment, Health and Safety Specialist","London, UK","Security","London, UK","Unspecified","7+ years","Contract","Hybrid","Uncategorized","2026-08-11T15:38:57-04:00","2026-08-28T14:44:00-04:00","https://job-boards.greenhouse.io/anthropic/jobs/5383706008"
"2160","5385626008","8","Executive Services Program Manager","Boston, MA;Friendly (Travel-Required) | San Francisco, CA | Seattle, WA | New York City, NY; Washington, DC","Security","Boston, MA","Manager","Unspecified","Internship","Remote","Program Management","2026-08-12T18:17:01-04:00","2026-08-21T12:50:50-04:00","https://job-boards.greenhouse.io/anthropic/jobs/5385626008"
"2161","5391787008","8","Executive Support Senior Program Manager, Tech Advisor","Boston, MA;Friendly (Travel-Required) | San Francisco, CA | Seattle, WA | New York City, NY; Washington, DC","Security","Boston, MA","Senior","10+ years","Contract","Remote","Program Management","2026-08-14T20:49:28-04:00","2026-08-21T12:51:03-04:00","https://job-boards.greenhouse.io/anthropic/jobs/5391787008"
"2162","4610158008","8","[Expression of Interest] Research Engineer / Scientist, Alignment - London","London, UK","AI Research & Engineering","London, UK","Unspecified","Unspecified","Internship","Hybrid","Engineering","2025-03-31T14:08:49-04:00","2026-08-28T14:43:57-04:00","https://job-boards.greenhouse.io/anthropic/jobs/4610158008"
"2163","4980436008","8","[Expression of Interest] Research Manager, Interpretability","San Francisco, CA","AI Research & Engineering","San Francisco, CA","Manager","2+ years","Internship","Hybrid","Uncategorized","2025-11-07T17:39:54-05:00","2026-08-21T12:49:45-04:00","https://job-boards.greenhouse.io/anthropic/jobs/4980436008"
"2164","5344577008","8","Field Marketing Lead, Public Sector","San Francisco, CA | Washington, DC","Marketing & Brand","San Francisco, CA","Lead","10+ years","Contract","Hybrid","Marketing","2026-07-15T17:22:37-04:00","2026-08-27T13:53:21-04:00","https://job-boards.greenhouse.io/anthropic/jobs/5344577008"
"2165","5393720008","8","Field Marketing Manager, APAC","Singapore","Marketing & Brand","Singapore","Manager","14+ years","Internship","Hybrid","Marketing","2026-08-19T09:01:25-04:00","2026-08-28T16:47:28-04:00","https://job-boards.greenhouse.io/anthropic/jobs/5393720008"
"2166","5358098008","8","Finance & Strategy, Compute","San Francisco, CA","Finance","San Francisco, CA","Unspecified","7+ years","Contract","Hybrid","Finance","2026-08-13T11:12:44-04:00","2026-08-27T13:45:02-04:00","https://job-boards.greenhouse.io/anthropic/jobs/5358098008"
"2167","5358090008","8","Finance & Strategy, Deal Strategy","San Francisco, CA | New York City, NY","Finance","San Francisco, CA","Unspecified","7+ years","Contract","Hybrid","Finance","2026-08-10T11:04:14-04:00","2026-08-21T12:50:38-04:00","https://job-boards.greenhouse.io/anthropic/jobs/5358090008"
"2168","5409108008","8","Finance & Strategy GTM, EMEA","London, UK","Finance","Dublin, IE","Unspecified","7+ years","Internship","Hybrid","Finance","2026-08-28T03:36:21-04:00","2026-08-28T14:43:34-04:00","https://job-boards.greenhouse.io/anthropic/jobs/5409108008"
"2169","5393268008","8","Finance & Strategy GTM, EMEA","Dublin, IE","Finance","Dublin, IE","Unspecified","7+ years","Internship","Hybrid","Finance","2026-08-27T12:28:15-04:00","2026-08-28T14:43:34-04:00","https://job-boards.greenhouse.io/anthropic/jobs/5393268008"
"2170","5079133008","8","Finance & Strategy, GTM - Korea","Seoul, South Korea","Finance","Seoul, South Korea","Unspecified","10+ years","Internship","Hybrid","Finance","2026-01-21T21:48:37-05:00","2026-08-31T00:16:56-04:00","https://job-boards.greenhouse.io/anthropic/jobs/5079133008"
"2171","5163060008","8","Finance & Strategy, GTM - Post Sales","San Francisco, CA","Finance","San Francisco, CA","Unspecified","7+ years","Internship","Hybrid","Sales","2026-07-17T22:33:36-04:00","2026-08-24T02:00:59-04:00","https://job-boards.greenhouse.io/anthropic/jobs/5163060008"
"2172","5197562008","8","Finance & Strategy Manager, Machines","San Francisco, CA","Finance","San Francisco, CA","Manager","8+ years","Internship","Hybrid","Finance","2026-08-13T03:05:24-04:00","2026-08-21T12:50:09-04:00","https://job-boards.greenhouse.io/anthropic/jobs/5197562008"
"2173","5390728008","8","Finance Systems Engineer, Finance and Strategy","San Francisco, CA","Finance","San Francisco, CA","Unspecified","8+ years","Internship","Hybrid","Engineering","2026-08-14T15:29:18-04:00","2026-08-21T12:50:55-04:00","https://job-boards.greenhouse.io/anthropic/jobs/5390728008"
"2174","5357947008","8","Finance Systems Engineer, Tax","San Francisco, CA | Seattle, WA","Finance","San Francisco, CA","Unspecified","7+ years","Internship","Hybrid","Engineering","2026-08-07T11:01:34-04:00","2026-08-21T12:50:38-04:00","https://job-boards.greenhouse.io/anthropic/jobs/5357947008"
"2175","5302966008","8","Forward Deployed Engineer","New York City, NY; San Francisco, CA; Seattle, WA","Applied AI","San Francisco, CA","Unspecified","4+ years","Internship","Hybrid","Engineering","2026-08-12T16:21:16-04:00","2026-08-21T12:50:32-04:00","https://job-boards.greenhouse.io/anthropic/jobs/5302966008"
"2176","5391016008","8","Forward Deployed Engineer","Munich, Germany","Applied AI","Munich, Germany","Unspecified","8+ years","Internship","Hybrid","Engineering","2026-08-17T08:05:11-04:00","2026-08-28T16:45:54-04:00","https://job-boards.greenhouse.io/anthropic/jobs/5391016008"
"2177","5391021008","8","Forward Deployed Engineer","Paris, France","Applied AI","Paris, France","Unspecified","8+ years","Internship","Hybrid","Engineering","2026-08-17T07:59:59-04:00","2026-08-28T16:46:44-04:00","https://job-boards.greenhouse.io/anthropic/jobs/5391021008"
"2178","5386971008","8","Front End Engineer, Marketing","San Francisco, CA | New York City, NY","Engineering & Design - Product","San Francisco, CA","Unspecified","Unspecified","Internship","Hybrid","Engineering","2026-08-18T18:33:12-04:00","2026-08-21T12:50:51-04:00","https://job-boards.greenhouse.io/anthropic/jobs/5386971008"
"2179","5097186008","8","Full Stack Engineer, Education Labs","San Francisco, CA | New York City, NY","Technical Education","San Francisco, CA","Unspecified","6+ years","Internship","Hybrid","Engineering","2026-01-27T15:23:29-05:00","2026-08-21T12:49:52-04:00","https://job-boards.greenhouse.io/anthropic/jobs/5097186008"
"2180","5186067008","8","Full-Stack Software Engineer, Reinforcement Learning","San Francisco, CA | New York City, NY","AI Research & Engineering","San Francisco, CA","Unspecified","Unspecified","Internship","Hybrid","Engineering","2026-04-14T06:00:34-04:00","2026-08-21T12:50:06-04:00","https://job-boards.greenhouse.io/anthropic/jobs/5186067008"
"2181","5368476008","8","Global Mobility Coordinator","San Francisco, CA","People","San Francisco, CA","Chief","Unspecified","Internship","Hybrid","Administration","2026-08-04T11:11:41-04:00","2026-08-21T12:50:43-04:00","https://job-boards.greenhouse.io/anthropic/jobs/5368476008"
"2182","5405748008","8","Global Power Delivery Equipment Lead","Friendly, United States","Compute","Remote-Friendly US (Travel Required)","Lead","12+ years","Contract","Remote","Design","2026-08-25T14:41:14-04:00","2026-08-25T14:41:14-04:00","https://job-boards.greenhouse.io/anthropic/jobs/5405748008"
"2183","5267707008","8","Global Real Estate Construction Manager","San Francisco, CA","People","San Francisco, CA","Manager","10+ years","Contract","Hybrid","Uncategorized","2026-06-18T17:03:35-04:00","2026-08-21T12:50:26-04:00","https://job-boards.greenhouse.io/anthropic/jobs/5267707008"
"2184","5162711008","8","Global Senior Equity Program Manager","San Francisco, CA | Seattle, WA","Finance","San Francisco, CA","Senior","8+ years","Internship","Hybrid","Program Management","2026-05-04T13:21:55-04:00","2026-08-21T12:50:03-04:00","https://job-boards.greenhouse.io/anthropic/jobs/5162711008"
"2185","5399156008","8","Global Supply Manager - Contract Manufacturing","Friendly, United States","Compute","Remote-Friendly US (Travel Required)","Manager","10+ years","Contract","Remote","Uncategorized","2026-08-24T11:15:40-04:00","2026-08-24T11:15:40-04:00","https://job-boards.greenhouse.io/anthropic/jobs/5399156008"
"2186","5391155008","8","Global Technology Partner Manager","San Francisco, CA | New York City, NY | Seattle, WA","Sales","San Francisco, CA","Manager","8+ years","Internship","Hybrid","Uncategorized","2026-08-14T18:06:50-04:00","2026-08-21T12:50:59-04:00","https://job-boards.greenhouse.io/anthropic/jobs/5391155008"
"2187","4423394008","8","Growth Account Executive, AI Native","San Francisco, CA | New York City, NY","Sales","New York City, NY","Unspecified","5+ years","Internship","Hybrid","Sales","2024-12-05T17:14:32-05:00","2026-08-21T12:49:35-04:00","https://job-boards.greenhouse.io/anthropic/jobs/4423394008"
"2188","5391309008","8","Growth Account Executive, Startups","Dublin, IE","Sales","Dublin, IE","Unspecified","5+ years","Internship","Hybrid","Sales","2026-08-17T07:09:31-04:00","2026-08-28T14:43:34-04:00","https://job-boards.greenhouse.io/anthropic/jobs/5391309008"
"2189","5079916008","8","Growth Account Executive, Startups","New York City, NY; San Francisco, CA","Sales","San Francisco, CA","Unspecified","3+ years","Internship","Hybrid","Sales","2026-01-21T16:21:10-05:00","2026-08-24T15:31:48-04:00","https://job-boards.greenhouse.io/anthropic/jobs/5079916008"
"2190","5382033008","8","GSOC Response & Policy Program Specialist","San Francisco, CA","Security","San Francisco, CA","Unspecified","8+ years","Internship","Hybrid","Uncategorized","2026-08-07T20:49:01-04:00","2026-08-21T12:50:47-04:00","https://job-boards.greenhouse.io/anthropic/jobs/5382033008"
"2191","5390980008","8","GTM Programs Manager, AMER","San Francisco, CA | New York City, NY","Sales","San Francisco, CA","Manager","Unspecified","Internship","Hybrid","Uncategorized","2026-08-26T13:59:27-04:00","2026-08-26T13:59:27-04:00","https://job-boards.greenhouse.io/anthropic/jobs/5390980008"
"2192","5390952008","8","GTM Strategy & Operations, Frontier","San Francisco, CA","Sales","San Francisco, CA","Unspecified","Unspecified","Internship","Hybrid","Operations","2026-08-19T20:23:16-04:00","2026-08-21T12:50:57-04:00","https://job-boards.greenhouse.io/anthropic/jobs/5390952008"
"2193","5378092008","8","Hardware Lab Manager","San Francisco, CA | New York City, NY","Technical Program Management","San Francisco, CA","Manager","Unspecified","Contract","Remote","Uncategorized","2026-08-03T18:19:10-04:00","2026-08-21T12:50:44-04:00","https://job-boards.greenhouse.io/anthropic/jobs/5378092008"
"2194","5286362008","8","Hardware Systems Architect","San Francisco, CA | New York City, NY | Seattle, WA","Hardware","San Francisco, CA","Unspecified","8+ years","Internship","Hybrid","Uncategorized","2026-08-04T21:15:18-04:00","2026-08-21T12:50:29-04:00","https://job-boards.greenhouse.io/anthropic/jobs/5286362008"
"2195","5191636008","8","Head of APAC Accounting","Singapore","Finance","Singapore","Head","15+ years","Internship","Hybrid","Finance","2026-06-02T04:28:54-04:00","2026-08-28T16:47:27-04:00","https://job-boards.greenhouse.io/anthropic/jobs/5191636008"
"2196","5390939008","8","Head of Central Sales Strategy","San Francisco, CA | New York City, NY","Sales","San Francisco, CA","Head","Unspecified","Internship","Hybrid","Sales","2026-08-26T12:31:32-04:00","2026-08-28T16:28:14-04:00","https://job-boards.greenhouse.io/anthropic/jobs/5390939008"
"2197","5388719008","8","Head of Community, Enterprise Marketing","San Francisco, CA | New York City, NY","Marketing & Brand","San Francisco, CA","Head","Unspecified","Internship","Remote","Marketing","2026-08-13T20:21:24-04:00","2026-08-21T12:50:53-04:00","https://job-boards.greenhouse.io/anthropic/jobs/5388719008"
"2198","5288959008","8","Head of Content & Curriculum, Education","San Francisco, CA | New York City, NY","Technical Education","San Francisco, CA","Head","Unspecified","Internship","Hybrid","Marketing","2026-07-01T14:20:44-04:00","2026-08-21T12:50:31-04:00","https://job-boards.greenhouse.io/anthropic/jobs/5288959008"
"2199","5369755008","8","Head of Deal Desk - International","London, UK","Finance","Dublin, IE","Intern","Unspecified","Internship","Hybrid","Uncategorized","2026-07-24T09:59:26-04:00","2026-08-28T14:43:33-04:00","https://job-boards.greenhouse.io/anthropic/jobs/5369755008"
"2200","5358100008","8","Head of Deal Desk - International","Dublin, IE","Finance","Dublin, IE","Intern","Unspecified","Internship","Hybrid","Uncategorized","2026-07-24T09:58:11-04:00","2026-08-28T14:43:33-04:00","https://job-boards.greenhouse.io/anthropic/jobs/5358100008"
"2201","5237923008","8","Head of Global Renewals","San Francisco, CA | New York City, NY","Sales","San Francisco, CA","Head","12+ years","Contract","Hybrid","Uncategorized","2026-06-02T15:59:22-04:00","2026-08-27T14:53:15-04:00","https://job-boards.greenhouse.io/anthropic/jobs/5237923008"
"2202","5171187008","8","Head of GovTech Sales","Boston, MA; New York City, NY; San Francisco, CA; Seattle, WA; Washington, DC","Sales","Washington, D.C.","Head","10+ years","Contract","Hybrid","Sales","2026-03-31T17:22:50-04:00","2026-08-21T12:50:03-04:00","https://job-boards.greenhouse.io/anthropic/jobs/5171187008"
"2203","5390976008","8","Head of GTM Programs","Friendly (Travel Required) | San Francisco, CA","Sales","San Francisco, CA","Head","Unspecified","Internship","Remote","Uncategorized","2026-08-26T19:11:11-04:00","2026-08-26T19:11:11-04:00","https://job-boards.greenhouse.io/anthropic/jobs/5390976008"
"2204","5197551008","8","Head of International Order-to-Cash","Dublin, IE","Finance","Dublin, IE","Intern","Unspecified","Contract","Hybrid","Uncategorized","2026-06-10T11:09:15-04:00","2026-08-28T14:43:33-04:00","https://job-boards.greenhouse.io/anthropic/jobs/5197551008"
"2205","5391504008","8","Head of National Security Sales (DoW/IC)","Washington, DC","Sales","Washington, D.C.","Head","15+ years","Contract","Hybrid","Sales","2026-08-24T17:15:08-04:00","2026-08-31T13:51:51-04:00","https://job-boards.greenhouse.io/anthropic/jobs/5391504008"
"2206","5391207008","8","Head of Partnerships, Japan","Tokyo, Japan","Sales","Tokyo, Japan","Head","20+ years","Internship","Hybrid","Partnerships","2026-08-25T06:27:04-04:00","2026-08-31T00:35:30-04:00","https://job-boards.greenhouse.io/anthropic/jobs/5391207008"
"2207","5407418008","8","Head of Policy Design, Societal Harms","San Francisco, CA","Safeguards (Trust & Safety)","San Francisco, CA","Head","Unspecified","Internship","Remote","Design","2026-08-28T15:56:10-04:00","2026-08-28T15:56:10-04:00","https://job-boards.greenhouse.io/anthropic/jobs/5407418008"
"2208","5365524008","8","Head of Revenue Accounting - Deal Desk & Technical Accounting","San Francisco, CA | New York City, NY | Seattle, WA","Finance","San Francisco, CA","Head","Unspecified","Contract","Hybrid","Finance","2026-07-21T15:44:41-04:00","2026-08-21T12:50:40-04:00","https://job-boards.greenhouse.io/anthropic/jobs/5365524008"
"2209","5391488008","8","Head of State and Local Government Sales","Austin, TX |Friendly, United States; Boston, MA; New York City, NY; San Francisco, CA; Washington, DC","Sales","New York City, NY","Head","15+ years","Contract","Remote","Sales","2026-08-24T17:15:13-04:00","2026-08-26T17:28:28-04:00","https://job-boards.greenhouse.io/anthropic/jobs/5391488008"
"2210","5250426008","8","Head of Treasury Strategy & Transformation","Friendly (Travel Required) | San Francisco, CA","Finance","San Francisco, CA","Head","8+ years","Internship","Remote","Finance","2026-06-08T12:53:56-04:00","2026-08-21T12:50:23-04:00","https://job-boards.greenhouse.io/anthropic/jobs/5250426008"
"2211","5397699008","8","Head of Vulnerability Disclosure & Security Community","New York City, NY;Friendly (Travel-Required) | San Francisco, CA | Washington, DC","Safeguards (Trust & Safety)","San Francisco, CA","Head","Unspecified","Internship","Remote","Marketing","2026-08-20T23:29:27-04:00","2026-08-21T12:51:12-04:00","https://job-boards.greenhouse.io/anthropic/jobs/5397699008"
"2212","5383704008","8","Health and Safety Specialist","San Francisco, CA","Security","San Francisco, CA","Unspecified","7+ years","Contract","Hybrid","Uncategorized","2026-08-11T15:48:01-04:00","2026-08-21T12:50:49-04:00","https://job-boards.greenhouse.io/anthropic/jobs/5383704008"
"2213","5396282008","8","Incident Management Lead, Data Center Security","Friendly (Travel-Required) | San Francisco, CA | Seattle, WA | New York City, NY","Security","Remote-Friendly US (Travel Required)","Lead","Unspecified","Contract","Remote","Risk & Security","2026-08-27T17:33:21-04:00","2026-08-27T17:37:18-04:00","https://job-boards.greenhouse.io/anthropic/jobs/5396282008"
"2214","5397749008","8","Incident Manager - Detection & Response","San Francisco, CA | Seattle, WA | New York City, NY | Washington, DC","Security","San Francisco, CA","Manager","7+ years","Internship","Hybrid","Uncategorized","2026-08-21T14:31:09-04:00","2026-08-21T14:34:30-04:00","https://job-boards.greenhouse.io/anthropic/jobs/5397749008"
"2215","5397751008","8","Incident Manager - Detection & Response","Zürich, CH","Security","Zürich, CH","Manager","Unspecified","Internship","Hybrid","Uncategorized","2026-08-21T14:33:13-04:00","2026-08-28T16:49:39-04:00","https://job-boards.greenhouse.io/anthropic/jobs/5397751008"
"2216","5205495008","8","Incident Response Manager - Product & Engineering","Dublin, IE; London, UK; New York City, NY;Friendly, United States","Technical Program Management","San Francisco, CA","Manager","5+ years","Internship","Remote","Engineering","2026-04-29T18:03:24-04:00","2026-08-27T16:42:29-04:00","https://job-boards.greenhouse.io/anthropic/jobs/5205495008"
"2217","5382744008","8","Infrastructure Capacity Planner, Demand Planning","San Francisco, CA | New York City, NY","Software Engineering - Infrastructure","San Francisco, CA","Unspecified","Unspecified","Contract","Hybrid","Engineering","2026-08-11T08:10:02-04:00","2026-08-21T12:50:48-04:00","https://job-boards.greenhouse.io/anthropic/jobs/5382744008"
"2218","5123851008","8","Infrastructure Tax Lead","Friendly (Travel-Required) | San Francisco, CA | New York City, NY","Finance","New York City, NY","Lead","12+ years","Contract","Remote","Engineering","2026-02-20T17:47:35-05:00","2026-08-21T12:49:58-04:00","https://job-boards.greenhouse.io/anthropic/jobs/5123851008"
"2219","5380744008","8","Insider Risk Investigator","Boston, MA; New York City, NY; Washington, DC","Security","New York City, NY","Unspecified","5+ years","Internship","Hybrid","Risk & Security","2026-08-05T21:09:13-04:00","2026-08-21T12:50:46-04:00","https://job-boards.greenhouse.io/anthropic/jobs/5380744008"
"2220","5383388008","8","Internal Communications Manager, Tech","San Francisco, CA | Seattle, WA","Communications","San Francisco, CA","Intern","12+ years","Internship","Hybrid","Marketing","2026-08-07T17:21:33-04:00","2026-08-31T16:00:40-04:00","https://job-boards.greenhouse.io/anthropic/jobs/5383388008"
"2221","5358118008","8","International Indirect Tax, VAT/GST","Dublin, IE","Finance","Dublin, IE","Intern","8+ years","Contract","Hybrid","Finance","2026-08-10T12:18:09-04:00","2026-08-28T14:43:33-04:00","https://job-boards.greenhouse.io/anthropic/jobs/5358118008"
"2222","5387829008","8","IP Counsel, Patents","San Francisco, CA","Legal","San Francisco, CA","Unspecified","10+ years","Internship","Hybrid","Legal","2026-08-14T14:05:01-04:00","2026-08-21T12:50:52-04:00","https://job-boards.greenhouse.io/anthropic/jobs/5387829008"
"2223","5398360008","8","IP Counsel, Trademarks & Domains","San Francisco, CA","Legal","San Francisco, CA","Unspecified","10+ years","Internship","Hybrid","Legal","2026-08-24T16:25:10-04:00","2026-08-24T18:09:44-04:00","https://job-boards.greenhouse.io/anthropic/jobs/5398360008"
"2224","5385764008","8","IT Support Engineer","London, UK","Security","London, UK","Unspecified","Unspecified","Internship","Hybrid","Engineering","2026-08-12T09:15:06-04:00","2026-08-28T14:44:00-04:00","https://job-boards.greenhouse.io/anthropic/jobs/5385764008"
"2225","5396397008","8","IT Support Engineer","Tokyo, Japan","Security","Tokyo, Japan","Unspecified","7+ years","Internship","Hybrid","Engineering","2026-08-19T21:25:09-04:00","2026-08-28T16:49:12-04:00","https://job-boards.greenhouse.io/anthropic/jobs/5396397008"
"2226","5385762008","8","IT Support Engineer","Dublin, IE","Security","Dublin, IE","Unspecified","Unspecified","Internship","Hybrid","Engineering","2026-08-12T09:15:28-04:00","2026-08-28T14:43:34-04:00","https://job-boards.greenhouse.io/anthropic/jobs/5385762008"
"2227","5386949008","8","IT Support Engineer","New York City, NY; Seattle, WA","Security","New York City, NY","Unspecified","7+ years","Internship","Hybrid","Engineering","2026-08-12T15:57:03-04:00","2026-08-21T12:50:51-04:00","https://job-boards.greenhouse.io/anthropic/jobs/5386949008"
"2228","5390019008","8","IT Support Engineer, Application Administrator","San Francisco, CA | New York City, NY","Security","Remote-Friendly US (Travel Required)","Unspecified","6+ years","Contract","Remote","Engineering","2026-08-14T18:23:46-04:00","2026-08-21T12:50:54-04:00","https://job-boards.greenhouse.io/anthropic/jobs/5390019008"
"2229","5370555008","8","IT Support Engineer, Executive Support","San Francisco, CA","Security","San Francisco, CA","Unspecified","7+ years","Internship","Hybrid","Engineering","2026-07-24T18:01:52-04:00","2026-08-21T12:50:44-04:00","https://job-boards.greenhouse.io/anthropic/jobs/5370555008"
"2230","5396384008","8","IT Systems Engineer, Mobile Client Platform Engineer","Boston, MA;Friendly (Travel-Required) | San Francisco, CA | Seattle, WA | New York City, NY; Washington, DC","Security","Boston, MA","Unspecified","8+ years","Internship","Remote","Engineering","2026-08-24T17:20:13-04:00","2026-08-24T17:20:13-04:00","https://job-boards.greenhouse.io/anthropic/jobs/5396384008"
"2231","5116820008","8","Lead Data Scientist, Platform Product","New York City, NY | Seattle, WA; San Francisco, CA","Data Science & Analytics","San Francisco, CA","Lead","6+ years","Internship","Hybrid","Data","2026-05-25T05:25:19-04:00","2026-08-21T12:49:56-04:00","https://job-boards.greenhouse.io/anthropic/jobs/5116820008"
"2232","5274117008","8","Legal Program Manager, Compute & Infrastructure","San Francisco, CA | Seattle, WA","Legal","San Francisco, CA","Manager","10+ years","Contract","Hybrid","Engineering","2026-06-22T15:32:05-04:00","2026-08-21T12:50:27-04:00","https://job-boards.greenhouse.io/anthropic/jobs/5274117008"
"2233","5274119008","8","Legal Program Manager, Contracts and Governance","San Francisco, CA","Legal","San Francisco, CA","Manager","10+ years","Contract","Hybrid","Program Management","2026-06-23T10:20:02-04:00","2026-08-21T12:50:27-04:00","https://job-boards.greenhouse.io/anthropic/jobs/5274119008"
"2234","5409191008","8","Legal Specialist, Law Enforcement","San Francisco, CA","Legal","San Francisco, CA","Unspecified","5+ years","Internship","Hybrid","Legal","2026-08-28T12:38:32-04:00","2026-08-28T12:38:32-04:00","https://job-boards.greenhouse.io/anthropic/jobs/5409191008"
"2235","5286008008","8","Life Sciences Counsel","New York City, NY","Legal","New York City, NY","Unspecified","10+ years","Contract","Hybrid","Legal","2026-08-13T16:16:02-04:00","2026-08-21T12:50:29-04:00","https://job-boards.greenhouse.io/anthropic/jobs/5286008008"
"2236","5357746008","8","Life Sciences Operator, Lead","New York City, NY","AI Research & Engineering","New York City, NY","Lead","7+ years","Internship","Hybrid","Uncategorized","2026-07-16T17:30:59-04:00","2026-08-21T12:50:38-04:00","https://job-boards.greenhouse.io/anthropic/jobs/5357746008"
"2237","5364804008","8","Machine Learning Infrastructure Engineer, Safeguards Research","San Francisco, CA | New York City, NY","AI Research & Engineering","San Francisco, CA","Unspecified","Unspecified","Internship","Remote","Engineering","2026-07-21T17:13:51-04:00","2026-08-21T12:50:40-04:00","https://job-boards.greenhouse.io/anthropic/jobs/5364804008"
"2238","5175782008","8","Manager, Account Executive - Enterprise Sales","San Francisco, CA | New York City, NY","Sales","San Francisco, CA","Manager","Unspecified","Internship","Hybrid","Sales","2026-04-08T07:04:37-04:00","2026-08-31T20:57:27-04:00","https://job-boards.greenhouse.io/anthropic/jobs/5175782008"
"2239","5269583008","8","Manager, Account Executive - GSIs","San Francisco, CA | New York City, NY","Sales","New York City, NY","Manager","Unspecified","Internship","Hybrid","Sales","2026-06-26T13:22:54-04:00","2026-08-21T12:50:26-04:00","https://job-boards.greenhouse.io/anthropic/jobs/5269583008"
"2240","5153377008","8","Manager, Account Executive - Strategic Sales","San Francisco, CA | New York City, NY","Sales","New York City, NY","Manager","Unspecified","Internship","Hybrid","Sales","2026-05-11T18:07:30-04:00","2026-08-21T12:50:01-04:00","https://job-boards.greenhouse.io/anthropic/jobs/5153377008"
"2241","5387754008","8","Manager, Applied AI Architect, Enterprise Tech","San Francisco, CA | New York City, NY","Applied AI","San Francisco, CA","Manager","7+ years","Internship","Hybrid","Uncategorized","2026-08-25T13:38:58-04:00","2026-08-25T13:38:58-04:00","https://job-boards.greenhouse.io/anthropic/jobs/5387754008"
"2242","5390894008","8","Manager Applied AI Architecture, Financial Services","New York City, NY; San Francisco, CA | New York City, NY","Applied AI","San Francisco, CA","Manager","7+ years","Internship","Hybrid","Uncategorized","2026-08-20T21:55:46-04:00","2026-08-21T12:50:56-04:00","https://job-boards.greenhouse.io/anthropic/jobs/5390894008"
"2243","5390890008","8","Manager Applied AI Architecture, Healthcare & Life Sciences","New York City, NY; San Francisco, CA | New York City, NY","Applied AI","San Francisco, CA","Manager","7+ years","Internship","Hybrid","Uncategorized","2026-08-20T21:53:08-04:00","2026-08-21T12:50:56-04:00","https://job-boards.greenhouse.io/anthropic/jobs/5390890008"
"2244","5277834008","8","Manager, Applied AI Engineering,  Beneficial Deployments (Life Sciences)","San Francisco, CA | New York City, NY","Applied AI","San Francisco, CA","Manager","Unspecified","Internship","Hybrid","Engineering","2026-06-24T13:51:42-04:00","2026-08-21T12:50:28-04:00","https://job-boards.greenhouse.io/anthropic/jobs/5277834008"
"2245","5209661008","8","Manager, Commercial Counsel, GTM","San Francisco, CA","Legal","San Francisco, CA","Manager","8+ years","Contract","Hybrid","Legal","2026-05-04T18:17:25-04:00","2026-08-21T12:50:12-04:00","https://job-boards.greenhouse.io/anthropic/jobs/5209661008"
"2246","5391782008","8","Manager, Corporate Network Engineering","San Francisco, CA","Security","San Francisco, CA","Manager","10+ years","Contract","Hybrid","Engineering","2026-08-14T20:32:15-04:00","2026-08-21T12:51:03-04:00","https://job-boards.greenhouse.io/anthropic/jobs/5391782008"
"2247","5383204008","8","Manager, Customer Success - Beneficial Deployments","San Francisco, CA | New York City, NY","Sales","New York City, NY","Manager","7+ years","Internship","Hybrid","Customer Success","2026-08-12T13:24:52-04:00","2026-08-21T12:50:48-04:00","https://job-boards.greenhouse.io/anthropic/jobs/5383204008"
"2248","5392821008","8","Manager, Customer Success GSI","San Francisco, CA | New York City, NY","Sales","New York City, NY","Manager","7+ years","Contract","Hybrid","Customer Success","2026-08-18T11:06:52-04:00","2026-08-21T12:51:05-04:00","https://job-boards.greenhouse.io/anthropic/jobs/5392821008"
"2249","5385634008","8","Manager, Forward Deployed Engineering","London, UK","Applied AI","London, UK","Manager","10+ years","Internship","Hybrid","Engineering","2026-08-13T11:33:27-04:00","2026-08-28T14:44:00-04:00","https://job-boards.greenhouse.io/anthropic/jobs/5385634008"
"2250","5099753008","8","Manager, Forward Deployed Engineering","New York City, NY","Applied AI","San Francisco, CA","Manager","10+ years","Internship","Hybrid","Engineering","2026-02-05T13:02:26-05:00","2026-08-31T15:59:18-04:00","https://job-boards.greenhouse.io/anthropic/jobs/5099753008"
"2251","4976328008","8","Manager– Growth Sales (AI-Native)","San Francisco, CA","Sales","San Francisco, CA","Manager","10+ years","Internship","Hybrid","Sales","2025-11-05T10:24:05-05:00","2026-08-21T12:49:44-04:00","https://job-boards.greenhouse.io/anthropic/jobs/4976328008"
"2252","5357961008","8","Manager, Infrastructure Capex Accounting","San Francisco, CA | Seattle, WA","Finance","San Francisco, CA","Manager","7+ years","Contract","Hybrid","Engineering","2026-08-11T17:40:35-04:00","2026-08-21T12:50:38-04:00","https://job-boards.greenhouse.io/anthropic/jobs/5357961008"
"2253","5368074008","8","Manager, IT Support","New York City, NY","Security","New York City, NY","Manager","7+ years","Internship","Hybrid","Support","2026-07-22T19:33:08-04:00","2026-08-25T17:57:24-04:00","https://job-boards.greenhouse.io/anthropic/jobs/5368074008"
"2254","5390865008","8","Manager of Applied AI Architecture, Commercial","San Francisco, CA | New York City, NY","Applied AI","New York City, NY","Manager","7+ years","Internship","Hybrid","Uncategorized","2026-08-20T15:07:21-04:00","2026-08-21T12:50:56-04:00","https://job-boards.greenhouse.io/anthropic/jobs/5390865008"
"2255","5197538008","8","Manager of Applied AI Architecture, Enterprise Tech (Cyber)","New York City, NY; San Francisco, CA | New York City, NY; Seattle, WA","Applied AI","San Francisco, CA","Manager","7+ years","Internship","Hybrid","Uncategorized","2026-04-24T12:17:48-04:00","2026-08-21T12:50:09-04:00","https://job-boards.greenhouse.io/anthropic/jobs/5197538008"
"2256","5229558008","8","Manager, Startup Partnerships","San Francisco, CA | New York City, NY","Sales","San Francisco, CA","Manager","12+ years","Internship","Remote","Partnerships","2026-06-12T17:11:42-04:00","2026-08-21T12:50:16-04:00","https://job-boards.greenhouse.io/anthropic/jobs/5229558008"
"2257","5287926008","8","Manager, Web Engineering","San Francisco, CA | New York City, NY","Engineering & Design - Product","San Francisco, CA","Manager","10+ years","Internship","Hybrid","Engineering","2026-06-30T18:21:34-04:00","2026-08-21T12:50:30-04:00","https://job-boards.greenhouse.io/anthropic/jobs/5287926008"
"2258","5399158008","8","Manufacturing Engineer - Data Center Hardware","Friendly, United States","Compute","Remote-Friendly US (Travel Required)","Unspecified","8+ years","Contract","Remote","Engineering","2026-08-24T11:16:56-04:00","2026-08-24T11:16:56-04:00","https://job-boards.greenhouse.io/anthropic/jobs/5399158008"
"2259","5397596008","8","Manufacturing Quality Engineer, Data Center Power & Cooling","San Francisco, CA | New York City, NY","Compute","San Francisco, CA","Chief","10+ years","Contract","Remote","Engineering","2026-08-21T14:29:23-04:00","2026-08-27T15:15:04-04:00","https://job-boards.greenhouse.io/anthropic/jobs/5397596008"
"2260","5251832008","8","Marketing Events Producer","New York City, NY; San Francisco, CA","Marketing & Brand","San Francisco, CA","Unspecified","10+ years","Contract","Hybrid","Marketing","2026-06-09T19:07:44-04:00","2026-08-21T12:50:23-04:00","https://job-boards.greenhouse.io/anthropic/jobs/5251832008"
"2261","5385256008","8","M&A Tax Director","Friendly (Travel Required) | San Francisco, CA","Finance","Remote-Friendly US (Travel Required)","Director","7+ years","Contract","Remote","Finance","2026-08-12T13:20:58-04:00","2026-08-21T12:50:50-04:00","https://job-boards.greenhouse.io/anthropic/jobs/5385256008"
"2262","4931772008","8","Mid-Market Account Executive, Industries","San Francisco, CA | New York City, NY","Sales","New York City, NY","Unspecified","3+ years","Internship","Hybrid","Sales","2025-09-24T18:07:21-04:00","2026-08-21T12:49:40-04:00","https://job-boards.greenhouse.io/anthropic/jobs/4931772008"
"2263","5077996008","8","Mid-Market Account Executive, Tech","San Francisco, CA | New York City, NY","Sales","San Francisco, CA","Unspecified","4+ years","Internship","Hybrid","Sales","2026-01-21T17:07:38-05:00","2026-08-21T12:49:51-04:00","https://job-boards.greenhouse.io/anthropic/jobs/5077996008"
"2264","4949336008","8","ML/Research Engineer, Safeguards","San Francisco, CA | New York City, NY","AI Research & Engineering","San Francisco, CA","Unspecified","4+ years","Internship","Hybrid","Engineering","2025-10-09T14:32:16-04:00","2026-08-21T12:49:42-04:00","https://job-boards.greenhouse.io/anthropic/jobs/4949336008"
"2265","5098025008","8","Model Performance Software Engineer, Claude Code","San Francisco, CA | New York City, NY","Engineering & Design - Product","San Francisco, CA","Unspecified","10+ years","Internship","Hybrid","Engineering","2026-02-02T17:15:17-05:00","2026-08-21T12:49:52-04:00","https://job-boards.greenhouse.io/anthropic/jobs/5098025008"
"2266","5409569008","8","New Product Introduction (NPI) Sourcing Manager, Data Center Power & Cooling","Friendly, United States","Compute","Remote-Friendly US (Travel Required)","Manager","8+ years","Contract","Remote","Uncategorized","2026-08-28T14:10:16-04:00","2026-08-28T14:10:39-04:00","https://job-boards.greenhouse.io/anthropic/jobs/5409569008"
"2267","5316565008","8","Offensive Hardware Security Engineer, Platform Security","San Francisco, CA | New York City, NY | Seattle, WA","Security","San Francisco, CA","Unspecified","8+ years","Internship","Remote","Engineering","2026-07-10T16:04:07-04:00","2026-08-21T12:50:33-04:00","https://job-boards.greenhouse.io/anthropic/jobs/5316565008"
"2268","5291731008","8","Partner Account Manager","Tokyo, Japan","Sales","Tokyo, Japan","Manager","7+ years","Internship","Hybrid","Sales","2026-07-07T04:05:48-04:00","2026-08-31T00:09:21-04:00","https://job-boards.greenhouse.io/anthropic/jobs/5291731008"
"2269","5188391008","8","Partner Enablement Lead, System Integrators","San Francisco, CA | New York City, NY","Sales","New York City, NY","Lead","10+ years","Internship","Remote","Uncategorized","2026-04-14T16:55:51-04:00","2026-08-28T15:58:16-04:00","https://job-boards.greenhouse.io/anthropic/jobs/5188391008"
"2270","5310996008","8","Partner Manager, Global Health","San Francisco, CA | New York City, NY","Sales","San Francisco, CA","Manager","Unspecified","Internship","Hybrid","Uncategorized","2026-07-09T13:50:10-04:00","2026-08-21T12:50:33-04:00","https://job-boards.greenhouse.io/anthropic/jobs/5310996008"
"2271","5406113008","8","Partner Marketing Lead, Cloud","San Francisco, CA | Seattle, WA","Marketing & Brand","San Francisco, CA","Lead","Unspecified","Internship","Hybrid","Marketing","2026-08-25T19:24:22-04:00","2026-08-26T11:06:27-04:00","https://job-boards.greenhouse.io/anthropic/jobs/5406113008"
"2272","5388667008","8","Partner Marketing Manager, Launches","San Francisco, CA | Seattle, WA","Marketing & Brand","San Francisco, CA","Manager","Unspecified","Internship","Hybrid","Marketing","2026-08-13T19:50:07-04:00","2026-08-21T12:50:53-04:00","https://job-boards.greenhouse.io/anthropic/jobs/5388667008"
"2273","5171950008","8","Partner Sales Manager, Systems Integrators","San Francisco, CA | New York City, NY","Sales","San Francisco, CA","Manager","7+ years","Internship","Hybrid","Sales","2026-04-02T14:29:01-04:00","2026-08-21T12:50:03-04:00","https://job-boards.greenhouse.io/anthropic/jobs/5171950008"
"2274","5407938008","8","Partnership Manager, AI for Science","San Francisco, CA | New York City, NY","Sales","San Francisco, CA","Manager","7+ years","Internship","Hybrid","Partnerships","2026-08-28T14:30:30-04:00","2026-08-28T14:30:30-04:00","https://job-boards.greenhouse.io/anthropic/jobs/5407938008"
"2275","5391211008","8","Partnerships Business Operations Manager","San Francisco, CA","Sales","San Francisco, CA","Manager","4+ years","Internship","Hybrid","Operations","2026-08-14T19:00:40-04:00","2026-08-21T21:16:36-04:00","https://job-boards.greenhouse.io/anthropic/jobs/5391211008"
"2276","5277044008","8","Partnerships Lead Southern Europe","Paris, France","Sales","Paris, France","Lead","7+ years","Internship","Hybrid","Partnerships","2026-07-02T12:56:04-04:00","2026-08-28T16:46:44-04:00","https://job-boards.greenhouse.io/anthropic/jobs/5277044008"
"2277","5391215008","8","Partner Success Lead","San Francisco, CA | New York City, NY | Seattle, WA","Sales","San Francisco, CA","Lead","8+ years","Contract","Hybrid","Uncategorized","2026-08-14T19:00:20-04:00","2026-08-21T21:02:15-04:00","https://job-boards.greenhouse.io/anthropic/jobs/5391215008"
"2278","5272637008","8","People Partner, Tokyo","Tokyo, Japan","People","Tokyo, Japan","Unspecified","10+ years","Internship","Hybrid","HR","2026-06-22T05:17:21-04:00","2026-08-31T00:19:29-04:00","https://job-boards.greenhouse.io/anthropic/jobs/5272637008"
"2279","5362838008","8","People Research Scientist, Recruiting","San Francisco, CA | New York City, NY | Seattle, WA","People","San Francisco, CA","Unspecified","5+ years","Internship","Hybrid","HR","2026-07-22T14:09:36-04:00","2026-08-21T12:50:40-04:00","https://job-boards.greenhouse.io/anthropic/jobs/5362838008"
"2280","4020350008","8","Performance Engineer","San Francisco, CA | New York City, NY | Seattle, WA","AI Research & Engineering","New York City, NY","Unspecified","Unspecified","Internship","Remote","Engineering","2024-04-22T10:43:34-04:00","2026-08-21T12:49:34-04:00","https://job-boards.greenhouse.io/anthropic/jobs/4020350008"
"2281","4926227008","8","Performance Engineer, GPU","San Francisco, CA | New York City, NY | Seattle, WA","AI Research & Engineering","San Francisco, CA","Unspecified","Unspecified","Internship","Remote","Engineering","2025-09-22T12:25:42-04:00","2026-08-21T12:49:40-04:00","https://job-boards.greenhouse.io/anthropic/jobs/4926227008"
"2282","5224564008","8","Performance Engineer, Inference Systems","San Francisco, CA | New York City, NY | Seattle, WA","AI Research & Engineering","San Francisco, CA","Unspecified","Unspecified","Internship","Remote","Engineering","2026-05-20T18:53:11-04:00","2026-08-21T12:50:15-04:00","https://job-boards.greenhouse.io/anthropic/jobs/5224564008"
"2283","5393039008","8","Physical Security Design Lead and Contract Document Specialist","Boston, MA;Friendly (Travel-Required) | San Francisco, CA | Seattle, WA | New York City, NY; Washington, DC","Security","Boston, MA","Lead","6+ years","Contract","Remote","Risk & Security","2026-08-17T16:19:12-04:00","2026-08-21T12:51:06-04:00","https://job-boards.greenhouse.io/anthropic/jobs/5393039008"
"2284","5257689008","8","Platform Hardware Security","San Francisco, CA | New York City, NY | Seattle, WA","Security","San Francisco, CA","Unspecified","8+ years","Internship","Remote","Risk & Security","2026-06-15T15:46:47-04:00","2026-08-21T12:50:25-04:00","https://job-boards.greenhouse.io/anthropic/jobs/5257689008"
"2285","5361411008","8","Platform Security Engineer, DRTM / Secure Launch","San Francisco, CA | New York City, NY | Seattle, WA","Security","San Francisco, CA","Unspecified","8+ years","Internship","Hybrid","Engineering","2026-08-25T12:49:09-04:00","2026-08-25T12:49:09-04:00","https://job-boards.greenhouse.io/anthropic/jobs/5361411008"
"2286","5290426008","8","Platform Security Engineering, Operating Systems","San Francisco, CA | New York City, NY | Seattle, WA","Security","San Francisco, CA","Unspecified","5+ years","Internship","Hybrid","Engineering","2026-07-07T13:50:50-04:00","2026-08-21T12:50:31-04:00","https://job-boards.greenhouse.io/anthropic/jobs/5290426008"
"2287","5271346008","8","Platform Security Engineer, OpenBMC","San Francisco, CA | New York City, NY | Seattle, WA","Security","San Francisco, CA","Unspecified","8+ years","Internship","Hybrid","Engineering","2026-06-18T21:04:34-04:00","2026-08-21T12:50:27-04:00","https://job-boards.greenhouse.io/anthropic/jobs/5271346008"
"2288","5254582008","8","Policy Communications Manager","San Francisco, CA | New York City, NY","Communications","San Francisco, CA","Manager","8+ years","Internship","Hybrid","Marketing","2026-06-11T11:37:51-04:00","2026-08-21T12:50:24-04:00","https://job-boards.greenhouse.io/anthropic/jobs/5254582008"
"2289","5392184008","8","Policy Design Manager, Conventional Weapons","Friendly (Travel-Required) | San Francisco, CA | New York City, NY; Washington, DC","Safeguards (Trust & Safety)","San Francisco, CA","Manager","Unspecified","Internship","Remote","Design","2026-08-21T23:46:05-04:00","2026-08-21T23:46:05-04:00","https://job-boards.greenhouse.io/anthropic/jobs/5392184008"
"2290","5391012008","8","Pre-Sales Program Lead, Forward Deployed Engineering","San Francisco, CA | New York City, NY","Applied AI","San Francisco, CA","Lead","Unspecified","Contract","Hybrid","Engineering","2026-08-19T19:55:28-04:00","2026-08-21T12:50:57-04:00","https://job-boards.greenhouse.io/anthropic/jobs/5391012008"
"2291","5367417008","8","Pre-training Distributed Systems Tech Lead / Manager","San Francisco, CA","AI Research & Engineering","San Francisco, CA","Lead","1+ years","Internship","Remote","Uncategorized","2026-07-22T16:04:09-04:00","2026-08-21T12:50:41-04:00","https://job-boards.greenhouse.io/anthropic/jobs/5367417008"
"2292","5399162008","8","Product Engineer - Manufacturing Operations","Friendly, United States","Compute","Remote-Friendly US (Travel Required)","Unspecified","Unspecified","Contract","Remote","Engineering","2026-08-24T11:17:33-04:00","2026-08-24T11:17:33-04:00","https://job-boards.greenhouse.io/anthropic/jobs/5399162008"
"2293","5195866008","8","Product Management, Human Data Platform","San Francisco, CA | New York City, NY","Product Management, Support, & Operations","San Francisco, CA","Unspecified","5+ years","Internship","Hybrid","Uncategorized","2026-04-29T15:57:30-04:00","2026-08-21T12:50:08-04:00","https://job-boards.greenhouse.io/anthropic/jobs/5195866008"
"2294","5123082008","8","Product Management, Research","San Francisco, CA | New York City, NY","Product Management, Support, & Operations","San Francisco, CA","Unspecified","5+ years","Internship","Hybrid","Uncategorized","2026-02-17T20:03:35-05:00","2026-08-21T12:49:57-04:00","https://job-boards.greenhouse.io/anthropic/jobs/5123082008"
"2295","5407337008","8","Product Manager, Beneficial Deployments (Labs)","San Francisco, CA | New York City, NY","Product Management, Support, & Operations","San Francisco, CA","Manager","5+ years","Internship","Hybrid","Product","2026-08-27T15:48:13-04:00","2026-08-27T15:48:13-04:00","https://job-boards.greenhouse.io/anthropic/jobs/5407337008"
"2296","5397741008","8","Product Manager, Business Technology","London, UK","Security","London, UK","Manager","Unspecified","Internship","Hybrid","Product","2026-08-21T14:27:33-04:00","2026-08-28T14:44:01-04:00","https://job-boards.greenhouse.io/anthropic/jobs/5397741008"
"2297","5397737008","8","Product Manager, Business Technology","Friendly (Travel-Required) | San Francisco, CA | Seattle, WA | New York City, NY","Security","Remote-Friendly US (Travel Required)","Manager","Unspecified","Internship","Remote","Product","2026-08-21T14:25:05-04:00","2026-08-21T14:25:05-04:00","https://job-boards.greenhouse.io/anthropic/jobs/5397737008"
"2298","5247640008","8","Product Manager, Claude Code Model Performance","San Francisco, CA | Seattle, WA","Product Management, Support, & Operations","San Francisco, CA","Manager","2+ years","Internship","Hybrid","Product","2026-06-04T15:26:42-04:00","2026-08-21T12:50:23-04:00","https://job-boards.greenhouse.io/anthropic/jobs/5247640008"
"2299","5394887008","8","Product Manager, Claude Science","San Francisco, CA | New York City, NY | Seattle, WA","AI Research & Engineering","San Francisco, CA","Manager","8+ years","Internship","Hybrid","Product","2026-08-31T10:50:59-04:00","2026-08-31T10:50:59-04:00","https://job-boards.greenhouse.io/anthropic/jobs/5394887008"
"2300","5251866008","8","Product Manager, Claude Tag","San Francisco, CA | New York City, NY","Product Management, Support, & Operations","San Francisco, CA","Manager","8+ years","Internship","Hybrid","Product","2026-08-03T18:01:44-04:00","2026-08-21T12:50:24-04:00","https://job-boards.greenhouse.io/anthropic/jobs/5251866008"
"2301","5393526008","8","Product Manager, Cybersecurity","San Francisco, CA | New York City, NY","Product Management, Support, & Operations","San Francisco, CA","Manager","12+ years","Internship","Hybrid","Product","2026-08-20T12:35:52-04:00","2026-08-21T15:47:04-04:00","https://job-boards.greenhouse.io/anthropic/jobs/5393526008"
"2302","5406106008","8","Product Manager, Growth","San Francisco, CA | New York City, NY | Seattle, WA","Product Management, Support, & Operations","San Francisco, CA","Manager","6+ years","Internship","Hybrid","Product","2026-08-27T00:59:27-04:00","2026-08-29T10:05:44-04:00","https://job-boards.greenhouse.io/anthropic/jobs/5406106008"
"2303","5153924008","8","Product Manager, Multi-Cloud Growth - Google","San Francisco, CA","Product Management, Support, & Operations","San Francisco, CA","Manager","10+ years","Internship","Hybrid","Product","2026-03-27T03:04:04-04:00","2026-08-21T12:50:01-04:00","https://job-boards.greenhouse.io/anthropic/jobs/5153924008"
"2304","5409934008","8","Product Manager, Multi-Cloud Trust & Safety","San Francisco, CA | New York City, NY | Seattle, WA","Product Management, Support, & Operations","San Francisco, CA","Manager","10+ years","Internship","Hybrid","Product","2026-08-28T18:04:00-04:00","2026-08-28T18:04:00-04:00","https://job-boards.greenhouse.io/anthropic/jobs/5409934008"
"2305","5386182008","8","Product Manager, New Markets and Monetization","San Francisco, CA","Product Management, Support, & Operations","San Francisco, CA","Manager","8+ years","Internship","Hybrid","Product","2026-08-11T18:55:36-04:00","2026-08-21T12:50:51-04:00","https://job-boards.greenhouse.io/anthropic/jobs/5386182008"
"2306","5393452008","8","Product Manager, Public Sector","Friendly (Travel-Required) | Washington, DC","Product Management, Support, & Operations","Washington, D.C.","Manager","7+ years","Internship","Remote","Product","2026-08-19T12:48:15-04:00","2026-08-21T12:51:06-04:00","https://job-boards.greenhouse.io/anthropic/jobs/5393452008"
"2307","5324349008","8","Product Manager, Research (Code)","San Francisco, CA | New York City, NY","Product Management, Support, & Operations","San Francisco, CA","Manager","5+ years","Internship","Hybrid","Product","2026-07-21T18:43:54-04:00","2026-08-21T12:50:35-04:00","https://job-boards.greenhouse.io/anthropic/jobs/5324349008"
"2308","5164820008","8","Product Manager, Safeguards (Child Safety)","San Francisco, CA","Product Management, Support, & Operations","San Francisco, CA","Manager","5+ years","Internship","Hybrid","Product","2026-07-07T17:11:17-04:00","2026-08-21T12:50:03-04:00","https://job-boards.greenhouse.io/anthropic/jobs/5164820008"
"2309","5097490008","8","Product Manager, Safeguards (Cyber)","San Francisco, CA","Product Management, Support, & Operations","San Francisco, CA","Manager","5+ years","Internship","Hybrid","Product","2026-02-03T16:43:45-05:00","2026-08-27T02:08:29-04:00","https://job-boards.greenhouse.io/anthropic/jobs/5097490008"
"2310","5139628008","8","Product Manager, Safeguards Rare Harms","San Francisco, CA","Product Management, Support, & Operations","San Francisco, CA","Manager","5+ years","Internship","Hybrid","Product","2026-06-11T15:49:45-04:00","2026-08-21T12:50:00-04:00","https://job-boards.greenhouse.io/anthropic/jobs/5139628008"
"2311","5179891008","8","Product Operations Manager, Embedded","San Francisco, CA | New York City, NY | Seattle, WA","Product Management, Support, & Operations","New York City, NY","Manager","Unspecified","Internship","Hybrid","Operations","2026-04-11T22:14:32-04:00","2026-08-21T12:50:05-04:00","https://job-boards.greenhouse.io/anthropic/jobs/5179891008"
"2312","5400010008","8","Product Policy Manager, Product Risk","Friendly (Travel-Required) | San Francisco, CA | Seattle, WA | New York City, NY","Safeguards (Trust & Safety)","San Francisco, CA","Manager","Unspecified","Internship","Remote","Risk & Security","2026-08-24T15:23:19-04:00","2026-08-24T15:27:59-04:00","https://job-boards.greenhouse.io/anthropic/jobs/5400010008"
"2313","5138042008","8","Product Support Specialist","Tokyo, Japan","Product Management, Support, & Operations","Tokyo, Japan","Unspecified","Unspecified","Internship","Hybrid","Support","2026-03-02T21:19:11-05:00","2026-08-28T16:49:11-04:00","https://job-boards.greenhouse.io/anthropic/jobs/5138042008"
"2314","4979585008","8","Product Support Specialist","New York City, NY; San Francisco, CA; Seattle, WA","Product Management, Support, & Operations","San Francisco, CA","Unspecified","Unspecified","Contract","Hybrid","Support","2025-11-06T19:05:34-05:00","2026-08-21T12:49:44-04:00","https://job-boards.greenhouse.io/anthropic/jobs/4979585008"
"2315","5252781008","8","Program Manager, Communications","San Francisco, CA | New York City, NY","Communications","San Francisco, CA","Manager","10+ years","Internship","Hybrid","Program Management","2026-06-10T11:18:51-04:00","2026-08-21T12:50:24-04:00","https://job-boards.greenhouse.io/anthropic/jobs/5252781008"
"2316","5106199008","8","Real Estate Portfolio Manager","San Francisco, CA","People","San Francisco, CA","Manager","10+ years","Internship","Hybrid","Uncategorized","2026-02-02T20:13:43-05:00","2026-08-21T12:49:54-04:00","https://job-boards.greenhouse.io/anthropic/jobs/5106199008"
"2317","4935314008","8","Recruiter, AI Research","San Francisco, CA | Seattle, WA","People","Seattle, WA","Unspecified","5+ years","Internship","Hybrid","HR","2025-10-02T10:56:11-04:00","2026-08-21T12:49:41-04:00","https://job-boards.greenhouse.io/anthropic/jobs/4935314008"
"2318","5239772008","8","Recruiter, Mergers & Acquisitions","San Francisco, CA","People","San Francisco, CA","Unspecified","7+ years","Internship","Hybrid","HR","2026-06-03T19:33:01-04:00","2026-08-21T12:50:22-04:00","https://job-boards.greenhouse.io/anthropic/jobs/5239772008"
"2319","5290838008","8","Recruiting Solutions Engineer","San Francisco, CA","People","San Francisco, CA","Unspecified","Unspecified","Internship","Hybrid","Engineering","2026-07-21T20:27:22-04:00","2026-08-21T12:50:31-04:00","https://job-boards.greenhouse.io/anthropic/jobs/5290838008"
"2320","5320469008","8","Red Team Engineer, Safeguards","Friendly (Travel Required) | San Francisco, CA","Safeguards (Trust & Safety)","Remote-Friendly US (Travel Required)","Unspecified","Unspecified","Internship","Remote","Engineering","2026-07-10T18:50:56-04:00","2026-08-21T12:50:34-04:00","https://job-boards.greenhouse.io/anthropic/jobs/5320469008"
"2321","5405898008","8","Regional Manager APAC, Data Center Capacity Delivery","Sydney, Australia","Compute","Sydney, Australia","Manager","10+ years","Contract","Hybrid","Uncategorized","2026-08-25T15:47:51-04:00","2026-08-28T16:47:53-04:00","https://job-boards.greenhouse.io/anthropic/jobs/5405898008"
"2322","5399221008","8","Regional Manager EMEA, Data Center Capacity Delivery","London, UK","Compute","London, UK","Manager","Unspecified","Contract","Hybrid","Uncategorized","2026-08-24T11:37:18-04:00","2026-08-28T14:44:02-04:00","https://job-boards.greenhouse.io/anthropic/jobs/5399221008"
"2323","5231205008","8","Regional Research Economist, Economic Research","Singapore","Public Benefit","Singapore","Unspecified","Unspecified","Internship","Hybrid","Uncategorized","2026-06-01T12:29:46-04:00","2026-08-28T16:47:27-04:00","https://job-boards.greenhouse.io/anthropic/jobs/5231205008"
"2324","5231200008","8","Regional Research Economist, Economic Research","London, UK","Public Benefit","London, UK","Unspecified","Unspecified","Internship","Hybrid","Uncategorized","2026-06-01T12:28:02-04:00","2026-08-28T14:43:59-04:00","https://job-boards.greenhouse.io/anthropic/jobs/5231200008"
"2325","5409299008","8","Regulatory Counsel, AI Regulation, US","San Francisco, CA | New York City, NY","Legal","San Francisco, CA","Unspecified","12+ years","Internship","Hybrid","Legal","2026-08-28T18:04:30-04:00","2026-08-28T18:04:30-04:00","https://job-boards.greenhouse.io/anthropic/jobs/5409299008"
"2326","5404390008","8","Regulatory Investigations Counsel","San Francisco, CA | Washington, DC","Legal","San Francisco, CA","Unspecified","8+ years","Internship","Hybrid","Risk & Security","2026-08-25T17:01:36-04:00","2026-08-25T17:02:52-04:00","https://job-boards.greenhouse.io/anthropic/jobs/5404390008"
"2327","5399160008","8","Repairs Program Lead - Data Center Operations","Friendly (Travel Required) | San Francisco, CA","Compute","Remote-Friendly US (Travel Required)","Lead","8+ years","Contract","Remote","Operations","2026-08-24T11:18:29-04:00","2026-08-24T11:18:29-04:00","https://job-boards.greenhouse.io/anthropic/jobs/5399160008"
"2328","5399379008","8","Reporting and Controls Lead, Data Center Capacity Delivery","Friendly, United States","Compute","Remote-Friendly US (Travel Required)","Lead","Unspecified","Contract","Remote","Uncategorized","2026-08-24T11:37:55-04:00","2026-08-24T11:37:55-04:00","https://job-boards.greenhouse.io/anthropic/jobs/5399379008"
"2329","5018472008","8","Research Economist, Economic Research","San Francisco, CA","Public Benefit","San Francisco, CA","Unspecified","Unspecified","Internship","Hybrid","Uncategorized","2026-01-21T19:11:12-05:00","2026-08-21T12:49:46-04:00","https://job-boards.greenhouse.io/anthropic/jobs/5018472008"
"2330","5231612008","8","Research Engineer, Chip Design RL (Reinforcement Learning)","San Francisco, CA | New York City, NY","AI Research & Engineering","San Francisco, CA","Unspecified","Unspecified","Internship","Hybrid","Engineering","2026-07-13T18:19:12-04:00","2026-08-21T12:50:18-04:00","https://job-boards.greenhouse.io/anthropic/jobs/5231612008"
"2331","5254364008","8","Research Engineer, Code RL (Reinforcement Learning)","San Francisco, CA | New York City, NY","AI Research & Engineering","San Francisco, CA","Unspecified","Unspecified","Internship","Remote","Engineering","2026-06-11T17:47:04-04:00","2026-08-21T12:50:24-04:00","https://job-boards.greenhouse.io/anthropic/jobs/5254364008"
"2332","5285246008","8","Research Engineer, Computer Use","San Francisco, CA | New York City, NY | Seattle, WA","AI Research & Engineering","New York City, NY","Unspecified","Unspecified","Internship","Hybrid","Engineering","2026-06-30T13:39:33-04:00","2026-08-21T12:50:29-04:00","https://job-boards.greenhouse.io/anthropic/jobs/5285246008"
"2333","5025624008","8","Research Engineer, Cybersecurity RL (Reinforcement Learning)","San Francisco, CA | New York City, NY","AI Research & Engineering","San Francisco, CA","Unspecified","Unspecified","Internship","Hybrid","Engineering","2025-12-09T17:20:34-05:00","2026-08-21T12:49:47-04:00","https://job-boards.greenhouse.io/anthropic/jobs/5025624008"
"2334","4669581008","8","Research Engineer, Discovery","San Francisco, CA","AI Research & Engineering","San Francisco, CA","Unspecified","6+ years","Internship","Remote","Engineering","2025-05-14T14:47:55-04:00","2026-08-21T12:49:40-04:00","https://job-boards.greenhouse.io/anthropic/jobs/4669581008"
"2335","5271380008","8","Research Engineer, Domain Scaling","San Francisco, CA | New York City, NY | Seattle, WA","AI Research & Engineering","New York City, NY","Unspecified","Unspecified","Internship","Hybrid","Engineering","2026-06-19T14:36:38-04:00","2026-08-21T12:50:27-04:00","https://job-boards.greenhouse.io/anthropic/jobs/5271380008"
"2336","5071132008","8","Research Engineer, Economic Research Data Platform","San Francisco, CA","AI Research & Engineering","San Francisco, CA","Unspecified","Unspecified","Internship","Hybrid","Engineering","2026-01-16T10:41:04-05:00","2026-08-21T12:49:49-04:00","https://job-boards.greenhouse.io/anthropic/jobs/5071132008"
"2337","4980430008","8","Research Engineer, Interpretability","San Francisco, CA","AI Research & Engineering","San Francisco, CA","Unspecified","10+ years","Internship","Remote","Engineering","2025-11-07T17:35:29-05:00","2026-08-21T12:49:45-04:00","https://job-boards.greenhouse.io/anthropic/jobs/4980430008"
"2338","4017331008","8","Research Engineer, Knowledge Team","Friendly (Travel-Required) | San Francisco, CA | Seattle, WA | New York City, NY","AI Research & Engineering","New York City, NY","Unspecified","Unspecified","Internship","Remote","Engineering","2024-04-23T16:06:05-04:00","2026-08-21T12:49:34-04:00","https://job-boards.greenhouse.io/anthropic/jobs/4017331008"
"2339","5265365008","8","Research Engineer, Life Sciences","San Francisco, CA","AI Research & Engineering","San Francisco, CA","Unspecified","8+ years","Internship","Hybrid","Engineering","2026-07-03T10:01:13-04:00","2026-08-21T12:50:26-04:00","https://job-boards.greenhouse.io/anthropic/jobs/5265365008"
"2340","5115935008","8","Research Engineer, Machine Learning (Reinforcement Learning)","London, UK","AI Research & Engineering","London, UK","Unspecified","Unspecified","Internship","Remote","Engineering","2026-02-11T12:34:39-05:00","2026-08-28T14:43:58-04:00","https://job-boards.greenhouse.io/anthropic/jobs/5115935008"
"2341","4613568008","8","Research Engineer, Machine Learning (Reinforcement Learning)","San Francisco, CA | New York City, NY","AI Research & Engineering","New York City, NY","Unspecified","Unspecified","Internship","Remote","Engineering","2025-04-01T16:39:21-04:00","2026-08-21T12:49:37-04:00","https://job-boards.greenhouse.io/anthropic/jobs/4613568008"
"2342","5198108008","8","Research Engineer, Machine Learning (RL Velocity)","Friendly (Travel-Required) | San Francisco, CA | New York City, NY","AI Research & Engineering","San Francisco, CA","Unspecified","Unspecified","Internship","Remote","Engineering","2026-04-23T10:35:36-04:00","2026-08-21T12:50:09-04:00","https://job-boards.greenhouse.io/anthropic/jobs/5198108008"
"2343","5198074008","8","Research Engineer, Machine Learning (RL Velocity)","London, UK","AI Research & Engineering","London, UK","Unspecified","Unspecified","Internship","Remote","Engineering","2026-04-23T10:43:13-04:00","2026-08-28T14:43:58-04:00","https://job-boards.greenhouse.io/anthropic/jobs/5198074008"
"2344","5198255008","8","Research Engineer, Model Evaluations","Friendly (Travel-Required) | San Francisco, CA | New York City, NY","AI Research & Engineering","San Francisco, CA","Unspecified","Unspecified","Internship","Remote","Engineering","2026-04-28T03:53:55-04:00","2026-08-21T12:50:09-04:00","https://job-boards.greenhouse.io/anthropic/jobs/5198255008"
"2345","5160330008","8","Research Engineer, Performance RL (Reinforcement Learning)","San Francisco, CA","AI Research & Engineering","San Francisco, CA","Unspecified","Unspecified","Internship","Remote","Engineering","2026-03-23T12:27:59-04:00","2026-08-21T12:50:02-04:00","https://job-boards.greenhouse.io/anthropic/jobs/5160330008"
"2346","5119713008","8","Research Engineer, Pretraining","London, UK","AI Research & Engineering","London, UK","Unspecified","Unspecified","Internship","Remote","Engineering","2026-02-16T19:22:51-05:00","2026-08-28T14:43:58-04:00","https://job-boards.greenhouse.io/anthropic/jobs/5119713008"
"2347","4938432008","8","Research Engineer, Pretraining Scaling","San Francisco, CA","AI Research & Engineering","San Francisco, CA","Unspecified","Unspecified","Internship","Remote","Engineering","2025-09-30T16:35:48-04:00","2026-08-21T12:49:41-04:00","https://job-boards.greenhouse.io/anthropic/jobs/4938432008"
"2348","4938436008","8","Research Engineer, Pretraining Scaling - London","London, UK","AI Research & Engineering","London, UK","Unspecified","Unspecified","Internship","Remote","Engineering","2025-09-30T16:38:17-04:00","2026-08-28T14:43:57-04:00","https://job-boards.greenhouse.io/anthropic/jobs/4938436008"
"2349","4613592008","8","Research Engineer, Production Model Post-Training","San Francisco, CA | New York City, NY | Seattle, WA","AI Research & Engineering","New York City, NY","Unspecified","Unspecified","Internship","Remote","Engineering","2025-04-01T19:41:06-04:00","2026-08-21T12:49:37-04:00","https://job-boards.greenhouse.io/anthropic/jobs/4613592008"
"2350","5112018008","8","Research Engineer, Production Model Post-Training","Zürich, CH","AI Research & Engineering","Zürich, CH","Unspecified","Unspecified","Internship","Remote","Engineering","2026-02-12T03:43:42-05:00","2026-08-28T16:49:39-04:00","https://job-boards.greenhouse.io/anthropic/jobs/5112018008"
"2351","4616971008","8","Research Engineer/Research Scientist, Pre-training","Friendly (Travel-Required) | San Francisco, CA | Seattle, WA | New York City, NY","AI Research & Engineering","Boston, MA","Unspecified","Unspecified","Internship","Remote","Engineering","2025-07-18T17:26:41-04:00","2026-08-21T12:49:38-04:00","https://job-boards.greenhouse.io/anthropic/jobs/4616971008"
"2352","4951814008","8","Research Engineer / Research Scientist, Tokens","New York City, NY; New York City, NY | Seattle, WA; San Francisco, CA","AI Research & Engineering","San Francisco, CA","Unspecified","Unspecified","Internship","Remote","Engineering","2025-10-10T13:58:48-04:00","2026-08-21T12:49:42-04:00","https://job-boards.greenhouse.io/anthropic/jobs/4951814008"
"2353","4952051008","8","Research Engineer, RL Engineering","San Francisco, CA | New York City, NY | Seattle, WA","AI Research & Engineering","San Francisco, CA","Unspecified","4+ years","Internship","Remote","Engineering","2025-10-14T20:44:37-04:00","2026-08-21T12:49:42-04:00","https://job-boards.greenhouse.io/anthropic/jobs/4952051008"
"2354","5264619008","8","Research Engineer, RL Scaling Science","London, UK","AI Research & Engineering","London, UK","Unspecified","Unspecified","Internship","Remote","Engineering","2026-06-22T07:06:02-04:00","2026-08-28T14:43:59-04:00","https://job-boards.greenhouse.io/anthropic/jobs/5264619008"
"2355","4631822008","8","Research Engineer / Scientist, Alignment","San Francisco, CA","AI Research & Engineering","San Francisco, CA","Unspecified","Unspecified","Internship","Hybrid","Engineering","2025-04-14T16:30:00-04:00","2026-08-21T12:49:38-04:00","https://job-boards.greenhouse.io/anthropic/jobs/4631822008"
"2356","5061517008","8","Research Engineer, Universes","Friendly (Travel-Required) | San Francisco, CA | Seattle, WA | New York City, NY","AI Research & Engineering","Remote-Friendly US (Travel Required)","Unspecified","Unspecified","Internship","Remote","Engineering","2026-01-09T11:41:32-05:00","2026-08-21T12:49:48-04:00","https://job-boards.greenhouse.io/anthropic/jobs/5061517008"
"2357","5074217008","8","Research Engineer, Visual Knowledge Work","New York City, NY; San Francisco, CA; Seattle, WA","AI Research & Engineering","San Francisco, CA","Unspecified","7+ years","Internship","Hybrid","Engineering","2026-01-16T17:41:39-05:00","2026-08-21T12:49:50-04:00","https://job-boards.greenhouse.io/anthropic/jobs/5074217008"
"2358","5096878008","8","Research Product Manager, Labs","San Francisco, CA | New York City, NY","Product Management, Support, & Operations","San Francisco, CA","Manager","5+ years","Internship","Hybrid","Product","2026-01-26T16:58:37-05:00","2026-08-21T12:49:52-04:00","https://job-boards.greenhouse.io/anthropic/jobs/5096878008"
"2359","5247407008","8","Research Product Manager, Model Behaviors","San Francisco, CA | New York City, NY","Product Management, Support, & Operations","San Francisco, CA","Manager","5+ years","Internship","Hybrid","Product","2026-06-22T13:35:20-04:00","2026-08-21T12:50:22-04:00","https://job-boards.greenhouse.io/anthropic/jobs/5247407008"
"2360","5066977008","8","Research Scientist/Engineer, Biological Safety","San Francisco, CA","Safeguards (Trust & Safety)","Remote-Friendly US (Travel Required)","Unspecified","8+ years","Internship","Hybrid","Engineering","2026-01-13T23:54:46-05:00","2026-08-21T12:49:49-04:00","https://job-boards.greenhouse.io/anthropic/jobs/5066977008"
"2361","4980427008","8","Research Scientist, Interpretability","San Francisco, CA","AI Research & Engineering","San Francisco, CA","Unspecified","Unspecified","Internship","Remote","Uncategorized","2025-11-07T17:47:14-05:00","2026-08-21T12:49:45-04:00","https://job-boards.greenhouse.io/anthropic/jobs/4980427008"
"2362","5239733008","8","Research Scientist, Life Sciences","San Francisco, CA","AI Research & Engineering","San Francisco, CA","Unspecified","5+ years","Internship","Hybrid","Uncategorized","2026-06-02T18:08:52-04:00","2026-08-21T12:50:22-04:00","https://job-boards.greenhouse.io/anthropic/jobs/5239733008"
"2363","5387564008","8","Research Scientist, Life Sciences (Chemistry)","San Francisco, CA","AI Research & Engineering","San Francisco, CA","Unspecified","5+ years","Contract","Hybrid","Uncategorized","2026-08-14T19:48:45-04:00","2026-08-21T12:50:52-04:00","https://job-boards.greenhouse.io/anthropic/jobs/5387564008"
"2364","5357739008","8","Research Scientist, Life Sciences (Computational)","San Francisco, CA","AI Research & Engineering","San Francisco, CA","Unspecified","Unspecified","Internship","Hybrid","Uncategorized","2026-07-16T17:26:57-04:00","2026-08-21T12:50:38-04:00","https://job-boards.greenhouse.io/anthropic/jobs/5357739008"
"2365","5370669008","8","Research Scientist, Takeoff Intel","San Francisco, CA","AI Research & Engineering","San Francisco, CA","Unspecified","Unspecified","Internship","Hybrid","Uncategorized","2026-07-24T19:31:13-04:00","2026-08-21T12:50:44-04:00","https://job-boards.greenhouse.io/anthropic/jobs/5370669008"
"2366","5391269008","8","Reseller Enablement Lead","London, UK","Sales","London, UK","Lead","10+ years","Internship","Hybrid","Uncategorized","2026-08-28T10:01:01-04:00","2026-08-28T14:44:01-04:00","https://job-boards.greenhouse.io/anthropic/jobs/5391269008"
"2367","5391199008","8","Reseller Operations Manager, Japan & Korea","Tokyo, Japan","Sales","Tokyo, Japan","Manager","Unspecified","Contract","Hybrid","Operations","2026-08-28T03:15:45-04:00","2026-08-28T16:49:11-04:00","https://job-boards.greenhouse.io/anthropic/jobs/5391199008"
"2368","5199633008","8","Revenue Strategy & Operations","Seoul, South Korea","Sales","Seoul, South Korea","Unspecified","8+ years","Internship","Hybrid","Operations","2026-04-24T08:19:08-04:00","2026-08-31T01:03:50-04:00","https://job-boards.greenhouse.io/anthropic/jobs/5199633008"
"2369","5319626008","8","Safeguards Enforcement Analyst, Access Controls & Identity","Friendly, United States; San Francisco, CA | New York City, NY | Washington, DC","Safeguards (Trust & Safety)","San Francisco, CA","Unspecified","Unspecified","Contract","Remote","Uncategorized","2026-07-13T23:01:10-04:00","2026-08-21T12:50:34-04:00","https://job-boards.greenhouse.io/anthropic/jobs/5319626008"
"2370","5319624008","8","Safeguards Enforcement Analyst, Account Takeover & Credential Abuse","Friendly, United States; San Francisco, CA | New York City, NY | Washington, DC","Safeguards (Trust & Safety)","San Francisco, CA","Unspecified","Unspecified","Internship","Remote","Uncategorized","2026-07-13T23:05:18-04:00","2026-08-21T12:50:34-04:00","https://job-boards.greenhouse.io/anthropic/jobs/5319624008"
"2371","5311234008","8","Safeguards Enforcement Analyst, Age-Appropriate Design","Friendly, United States; San Francisco, CA | New York City, NY | Washington, DC","Safeguards (Trust & Safety)","San Francisco, CA","Unspecified","Unspecified","Internship","Remote","Design","2026-07-10T19:53:33-04:00","2026-08-21T12:50:33-04:00","https://job-boards.greenhouse.io/anthropic/jobs/5311234008"
"2372","5319592008","8","Safeguards Enforcement Analyst, Ban Evasion & Recidivism","Friendly, United States; San Francisco, CA | New York City, NY | Washington, DC","Safeguards (Trust & Safety)","San Francisco, CA","Unspecified","Unspecified","Contract","Remote","Uncategorized","2026-07-13T23:07:48-04:00","2026-08-21T12:50:34-04:00","https://job-boards.greenhouse.io/anthropic/jobs/5319592008"
"2373","5319696008","8","Safeguards Enforcement Analyst, Bio Harms","Friendly, United States; San Francisco, CA | New York City, NY | Washington, DC","Safeguards (Trust & Safety)","San Francisco, CA","Unspecified","Unspecified","Internship","Remote","Uncategorized","2026-07-10T20:45:31-04:00","2026-08-21T12:50:34-04:00","https://job-boards.greenhouse.io/anthropic/jobs/5319696008"
"2374","5319700008","8","Safeguards Enforcement Analyst, Chem & Explosives Harms","Friendly, United States; San Francisco, CA | New York City, NY | Washington, DC","Safeguards (Trust & Safety)","San Francisco, CA","Unspecified","Unspecified","Internship","Remote","Uncategorized","2026-07-10T20:43:55-04:00","2026-08-21T12:50:34-04:00","https://job-boards.greenhouse.io/anthropic/jobs/5319700008"
"2375","5311237008","8","Safeguards Enforcement Analyst, Child Safety","Friendly, United States; San Francisco, CA | New York City, NY | Washington, DC","Safeguards (Trust & Safety)","San Francisco, CA","Unspecified","Unspecified","Internship","Remote","Uncategorized","2026-07-10T20:17:12-04:00","2026-08-21T12:50:33-04:00","https://job-boards.greenhouse.io/anthropic/jobs/5311237008"
"2376","5311159008","8","Safeguards Enforcement Analyst, Cyber Harm","Friendly, United States; San Francisco, CA | New York City, NY | Washington, DC","Safeguards (Trust & Safety)","San Francisco, CA","Unspecified","Unspecified","Internship","Remote","Uncategorized","2026-07-10T19:43:23-04:00","2026-08-21T12:50:33-04:00","https://job-boards.greenhouse.io/anthropic/jobs/5311159008"
"2377","5319554008","8","Safeguards Enforcement Analyst, Fraud & Scams","Friendly, United States; San Francisco, CA | New York City, NY | Washington, DC","Safeguards (Trust & Safety)","San Francisco, CA","Unspecified","Unspecified","Contract","Remote","Risk & Security","2026-07-13T23:10:05-04:00","2026-08-21T12:50:34-04:00","https://job-boards.greenhouse.io/anthropic/jobs/5319554008"
"2378","5311149008","8","Safeguards Enforcement Analyst, Integrity & Authenticity","Friendly, United States; San Francisco, CA | New York City, NY | Washington, DC","Safeguards (Trust & Safety)","San Francisco, CA","Unspecified","Unspecified","Internship","Remote","Uncategorized","2026-07-10T19:40:28-04:00","2026-08-21T12:50:33-04:00","https://job-boards.greenhouse.io/anthropic/jobs/5311149008"
"2379","5319702008","8","Safeguards Enforcement Analyst, Radiological & Nuclear Harms","Friendly, United States; San Francisco, CA | New York City, NY | Washington, DC","Safeguards (Trust & Safety)","San Francisco, CA","Unspecified","Unspecified","Internship","Remote","Uncategorized","2026-07-10T20:51:02-04:00","2026-08-21T12:50:34-04:00","https://job-boards.greenhouse.io/anthropic/jobs/5319702008"
"2380","5137183008","8","Safeguards Enforcement Analyst, Safety Evaluations","Friendly (Travel-Required) | San Francisco, CA | Washington, DC; San Francisco, CA | New York City, NY","Safeguards (Trust & Safety)","Remote-Friendly US (Travel Required)","Unspecified","Unspecified","Internship","Remote","Uncategorized","2026-03-09T12:55:38-04:00","2026-08-21T12:50:00-04:00","https://job-boards.greenhouse.io/anthropic/jobs/5137183008"
"2381","5374778008","8","Safeguards Enforcement Analyst, User Well-being","Friendly, United States; San Francisco, CA | New York City, NY | Washington, DC","Safeguards (Trust & Safety)","San Francisco, CA","Unspecified","Unspecified","Internship","Remote","Uncategorized","2026-08-03T14:48:40-04:00","2026-08-21T12:50:44-04:00","https://job-boards.greenhouse.io/anthropic/jobs/5374778008"
"2382","5343907008","8","Safeguards Enforcement Analyst, Violence & Extremism","Friendly, United States; San Francisco, CA | New York City, NY | Washington, DC","Safeguards (Trust & Safety)","San Francisco, CA","Unspecified","Unspecified","Internship","Remote","Uncategorized","2026-07-14T20:47:43-04:00","2026-08-21T12:50:36-04:00","https://job-boards.greenhouse.io/anthropic/jobs/5343907008"
"2383","5403775008","8","Safeguards Enforcement Lead, Cyber Harms","Friendly (Travel-Required) | Washington, DC; San Francisco, CA | New York City, NY","Safeguards (Trust & Safety)","San Francisco, CA","Lead","Unspecified","Contract","Remote","Uncategorized","2026-08-28T22:52:00-04:00","2026-08-28T22:52:00-04:00","https://job-boards.greenhouse.io/anthropic/jobs/5403775008"
"2384","5397711008","8","Safeguards Policy Analyst, Cyber Harms","San Francisco, CA | Washington, DC","Safeguards (Trust & Safety)","San Francisco, CA","Unspecified","Unspecified","Internship","Hybrid","Uncategorized","2026-08-20T23:22:33-04:00","2026-08-21T12:51:12-04:00","https://job-boards.greenhouse.io/anthropic/jobs/5397711008"
"2385","5398641008","8","Safety & Security Counsel","San Francisco, CA","Legal","San Francisco, CA","Unspecified","8+ years","Contract","Hybrid","Risk & Security","2026-08-21T23:57:13-04:00","2026-08-22T12:20:26-04:00","https://job-boards.greenhouse.io/anthropic/jobs/5398641008"
"2386","5398659008","8","Safety & Security Counsel, EMEA","Dublin, IE","Legal","Dublin, IE","Unspecified","8+ years","Contract","Hybrid","Risk & Security","2026-08-21T23:57:54-04:00","2026-08-28T14:43:34-04:00","https://job-boards.greenhouse.io/anthropic/jobs/5398659008"
"2387","5398653008","8","Safety & Security Counsel, EMEA","London, UK","Legal","London, UK","Unspecified","8+ years","Contract","Hybrid","Risk & Security","2026-08-21T23:57:23-04:00","2026-08-28T14:44:02-04:00","https://job-boards.greenhouse.io/anthropic/jobs/5398653008"
"2388","5391344008","8","Sales Director, Enterprise","Seoul, South Korea","Sales","Seoul, South Korea","Director","15+ years","Internship","Hybrid","Sales","2026-08-25T03:50:48-04:00","2026-08-31T00:28:50-04:00","https://job-boards.greenhouse.io/anthropic/jobs/5391344008"
"2389","5287327008","8","Salesforce Developer, Partnerships","San Francisco, CA | New York City, NY | Seattle, WA","Engineering & Design - Product","San Francisco, CA","Unspecified","5+ years","Internship","Hybrid","Engineering","2026-06-30T16:47:53-04:00","2026-08-21T12:50:30-04:00","https://job-boards.greenhouse.io/anthropic/jobs/5287327008"
"2390","5390960008","8","Sales Leader Enablement","San Francisco, CA | New York City, NY","Sales","San Francisco, CA","Lead","8+ years","Internship","Remote","Sales","2026-08-20T17:09:21-04:00","2026-08-25T18:49:44-04:00","https://job-boards.greenhouse.io/anthropic/jobs/5390960008"
"2391","5392593008","8","Scaled Sales Lead, Beneficial Deployments","San Francisco, CA | New York City, NY","Sales","New York City, NY","Lead","Unspecified","Internship","Hybrid","Sales","2026-08-21T09:56:49-04:00","2026-08-21T12:51:05-04:00","https://job-boards.greenhouse.io/anthropic/jobs/5392593008"
"2392","5250063008","8","Security Controls Assurance Lead","San Francisco, CA | New York City, NY | Washington, DC","Security","San Francisco, CA","Lead","Unspecified","Internship","Hybrid","Risk & Security","2026-06-08T12:58:08-04:00","2026-08-24T20:35:35-04:00","https://job-boards.greenhouse.io/anthropic/jobs/5250063008"
"2393","5397319008","8","Security Engineer, Corporate Security","San Francisco, CA | Seattle, WA | New York City, NY | Washington, DC","Security","New York City, NY","Unspecified","Unspecified","Internship","Hybrid","Engineering","2026-08-20T20:41:05-04:00","2026-08-21T12:51:10-04:00","https://job-boards.greenhouse.io/anthropic/jobs/5397319008"
"2394","4982193008","8","Security Engineer, Detection & Response","San Francisco, CA | New York City, NY | Seattle, WA; Washington, DC","Security","San Francisco, CA","Unspecified","3+ years","Internship","Hybrid","Engineering","2025-11-10T15:49:48-05:00","2026-08-21T12:49:45-04:00","https://job-boards.greenhouse.io/anthropic/jobs/4982193008"
"2395","4595463008","8","Security Software Engineer, Detection & Response Platform","New York City, NY | Seattle, WA; San Francisco, CA | New York City, NY | Seattle, WA; Washington, DC","Security","San Francisco, CA","Unspecified","7+ years","Internship","Hybrid","Engineering","2025-03-24T19:05:26-04:00","2026-08-24T11:48:12-04:00","https://job-boards.greenhouse.io/anthropic/jobs/4595463008"
"2396","4991194008","8","Senior Business Systems Analyst, Finance Systems","San Francisco, CA | Seattle, WA","Finance","San Francisco, CA","Senior","8+ years","Internship","Hybrid","Finance","2025-11-18T13:27:31-05:00","2026-08-21T12:49:45-04:00","https://job-boards.greenhouse.io/anthropic/jobs/4991194008"
"2397","5301883008","8","Senior Business Systems Analyst, Finance Systems (Assets & Lease Management)","San Francisco, CA | Seattle, WA","Finance","San Francisco, CA","Senior","8+ years","Contract","Hybrid","Finance","2026-07-07T13:26:32-04:00","2026-08-21T12:49:45-04:00","https://job-boards.greenhouse.io/anthropic/jobs/5301883008"
"2398","5215130008","8","Senior Data Center Capacity Delivery Manager, AUS","Sydney, Australia","Compute","Sydney, Australia","Senior","8+ years","Contract","Hybrid","Uncategorized","2026-05-13T16:43:31-04:00","2026-08-28T16:47:52-04:00","https://job-boards.greenhouse.io/anthropic/jobs/5215130008"
"2399","5357959008","8","Senior Manager, Compute Accounting","San Francisco, CA | New York City, NY","Finance","San Francisco, CA","Senior","10+ years","Contract","Hybrid","Finance","2026-08-28T12:17:38-04:00","2026-08-28T12:17:38-04:00","https://job-boards.greenhouse.io/anthropic/jobs/5357959008"
"2400","5365762008","8","Senior Manager, Finance Systems - Treasury","San Francisco, CA","Finance","San Francisco, CA","Senior","10+ years","Internship","Hybrid","Finance","2026-07-22T11:38:11-04:00","2026-08-21T12:50:41-04:00","https://job-boards.greenhouse.io/anthropic/jobs/5365762008"
"2401","5248494008","8","Senior Manager, Financial Reporting","San Francisco, CA | Seattle, WA","Finance","San Francisco, CA","Senior","10+ years","Internship","Hybrid","Uncategorized","2026-06-04T14:14:11-04:00","2026-08-21T12:49:49-04:00","https://job-boards.greenhouse.io/anthropic/jobs/5248494008"
"2402","5358116008","8","Senior Manager, Infrastructure Tax","Friendly (Travel Required) | San Francisco, CA","Finance","San Francisco, CA","Senior","10+ years","Contract","Remote","Engineering","2026-08-26T07:44:57-04:00","2026-08-27T12:19:19-04:00","https://job-boards.greenhouse.io/anthropic/jobs/5358116008"
"2403","4989155008","8","Senior Manager, Technical Accounting - M&A and Investments","San Francisco, CA | Seattle, WA","Finance","San Francisco, CA","Senior","10+ years","Internship","Hybrid","Finance","2026-07-24T21:12:19-04:00","2026-08-21T12:49:45-04:00","https://job-boards.greenhouse.io/anthropic/jobs/4989155008"
"2404","5191621008","8","Senior Manager, Workforce Accounting","San Francisco, CA | Seattle, WA","Finance","San Francisco, CA","Senior","Unspecified","Internship","Hybrid","Finance","2026-06-03T17:26:43-04:00","2026-08-24T23:19:53-04:00","https://job-boards.greenhouse.io/anthropic/jobs/5191621008"
"2405","5324841008","8","Senior Media Manager","San Francisco, CA","Marketing & Brand","San Francisco, CA","Senior","Unspecified","Internship","Hybrid","Marketing","2026-07-10T21:58:53-04:00","2026-08-24T13:07:48-04:00","https://job-boards.greenhouse.io/anthropic/jobs/5324841008"
"2406","5082402008","8","Senior Partner Account Manager –Global Systems Integrator Alliances","San Francisco, CA | New York City, NY","Sales","San Francisco, CA","Senior","15+ years","Internship","Hybrid","Sales","2026-02-05T18:20:42-05:00","2026-08-21T12:49:51-04:00","https://job-boards.greenhouse.io/anthropic/jobs/5082402008"
"2407","5391233008","8","Senior Partner Sales Manager, Systems Integrators - EMEA & North","London, UK","Sales","London, UK","Senior","12+ years","Internship","Hybrid","Sales","2026-08-25T10:55:03-04:00","2026-08-28T14:44:01-04:00","https://job-boards.greenhouse.io/anthropic/jobs/5391233008"
"2408","5357955008","8","Senior Payroll Manager, APAC","Singapore","Finance","Singapore","Senior","10+ years","Internship","Hybrid","Uncategorized","2026-08-26T05:03:56-04:00","2026-08-28T16:47:27-04:00","https://job-boards.greenhouse.io/anthropic/jobs/5357955008"
"2409","5397708008","8","Senior Safeguards Policy Lead, Cyber Harms","Washington, DC","Safeguards (Trust & Safety)","Washington, D.C.","Senior","Unspecified","Internship","Hybrid","Uncategorized","2026-08-20T23:26:00-04:00","2026-08-21T23:25:44-04:00","https://job-boards.greenhouse.io/anthropic/jobs/5397708008"
"2410","5174743008","8","Senior Software Engineer, Full-stack","San Francisco, CA | New York City, NY | Seattle, WA","Engineering & Design - Product","San Francisco, CA","Senior","6+ years","Internship","Hybrid","Engineering","2026-04-08T14:58:35-04:00","2026-08-21T12:50:04-04:00","https://job-boards.greenhouse.io/anthropic/jobs/5174743008"
"2411","4887959008","8","Senior Software Security Engineer","San Francisco, CA | New York City, NY | Seattle, WA","Security","New York City, NY","Senior","5+ years","Internship","Hybrid","Engineering","2025-08-19T15:21:34-04:00","2026-08-21T12:49:40-04:00","https://job-boards.greenhouse.io/anthropic/jobs/4887959008"
"2412","5134895008","8","Senior Staff Software Engineer, API","San Francisco, CA | New York City, NY","Engineering & Design - Product","San Francisco, CA","Senior","12+ years","Internship","Remote","Engineering","2026-02-26T17:22:21-05:00","2026-08-21T12:49:59-04:00","https://job-boards.greenhouse.io/anthropic/jobs/5134895008"
"2413","5286348008","8","Silicon Engineer","San Francisco, CA | New York City, NY | Seattle, WA","Hardware","San Francisco, CA","Unspecified","Unspecified","Internship","Hybrid","Engineering","2026-08-04T21:15:22-04:00","2026-08-21T12:50:29-04:00","https://job-boards.greenhouse.io/anthropic/jobs/5286348008"
"2414","5400160008","8","Software Engineer, Business Technology","London, UK","Security","London, UK","Unspecified","6+ years","Internship","Hybrid","Engineering","2026-08-24T16:50:24-04:00","2026-08-28T14:44:02-04:00","https://job-boards.greenhouse.io/anthropic/jobs/5400160008"
"2415","5400153008","8","Software Engineer, Business Technology","New York City, NY | Seattle, WA; San Francisco, CA | New York City, NY","Security","New York City, NY","Unspecified","6+ years","Internship","Hybrid","Engineering","2026-08-24T16:45:36-04:00","2026-08-24T16:46:48-04:00","https://job-boards.greenhouse.io/anthropic/jobs/5400153008"
"2416","5367585008","8","Software Engineer, Desktop","San Francisco, CA | New York City, NY","Engineering & Design - Product","San Francisco, CA","Unspecified","5+ years","Internship","Hybrid","Engineering","2026-08-11T13:13:09-04:00","2026-08-21T12:50:42-04:00","https://job-boards.greenhouse.io/anthropic/jobs/5367585008"
"2417","5388612008","8","Software Engineer, Infrastructure, Interpretability","San Francisco, CA","AI Research & Engineering","San Francisco, CA","Unspecified","Unspecified","Internship","Remote","Engineering","2026-08-12T18:29:15-04:00","2026-08-21T12:50:53-04:00","https://job-boards.greenhouse.io/anthropic/jobs/5388612008"
"2418","5098092008","8","Software Engineering Manager, Network Security","San Francisco, CA | New York City, NY","Security","San Francisco, CA","Manager","8+ years","Internship","Remote","Engineering","2026-08-17T17:27:31-04:00","2026-08-21T12:49:52-04:00","https://job-boards.greenhouse.io/anthropic/jobs/5098092008"
"2419","4926242008","8","Software Engineer, ML Networking","San Francisco, CA | New York City, NY | Seattle, WA","AI Research & Engineering","San Francisco, CA","Unspecified","5+ years","Internship","Remote","Engineering","2025-09-23T17:02:55-04:00","2026-08-21T12:49:40-04:00","https://job-boards.greenhouse.io/anthropic/jobs/4926242008"
"2420","5191226008","8","Software Engineer, Research Data Platform","San Francisco, CA | New York City, NY","AI Research & Engineering","San Francisco, CA","Unspecified","Unspecified","Internship","Hybrid","Engineering","2026-04-16T17:35:47-04:00","2026-08-21T12:50:07-04:00","https://job-boards.greenhouse.io/anthropic/jobs/5191226008"
"2421","4981828008","8","Software Engineer, Research Tools","San Francisco, CA | New York City, NY; San Francisco, CA | New York City, NY | Seattle, WA","AI Research & Engineering","San Francisco, CA","Unspecified","5+ years","Internship","Hybrid","Engineering","2025-11-07T19:13:30-05:00","2026-08-21T12:49:45-04:00","https://job-boards.greenhouse.io/anthropic/jobs/4981828008"
"2422","5324758008","8","Software Security Engineering Manager, Secure Frameworks","San Francisco, CA | Seattle, WA","Security","San Francisco, CA","Manager","3+ years","Internship","Hybrid","Engineering","2026-07-14T12:54:49-04:00","2026-08-21T12:50:35-04:00","https://job-boards.greenhouse.io/anthropic/jobs/5324758008"
"2423","5385586008","8","Solutions Marketing Lead, Public Sector","San Francisco, CA | New York City, NY","Marketing & Brand","Washington, D.C.","Lead","8+ years","Internship","Hybrid","Marketing","2026-08-12T18:39:05-04:00","2026-08-21T20:00:56-04:00","https://job-boards.greenhouse.io/anthropic/jobs/5385586008"
"2424","4502508008","8","Staff+ Application Security Engineer","Friendly (Travel-Required) | San Francisco, CA | Seattle, WA | New York City, NY","Security","San Francisco, CA","Staff","7+ years","Internship","Remote","Engineering","2025-01-22T16:55:47-05:00","2026-08-21T12:49:36-04:00","https://job-boards.greenhouse.io/anthropic/jobs/4502508008"
"2425","5311463008","8","Staff+ Application Security Engineer  - M&A","Friendly (Travel-Required) | San Francisco, CA | Seattle, WA | New York City, NY","Security","Remote-Friendly US (Travel Required)","Staff","7+ years","Internship","Remote","Engineering","2026-07-10T15:05:32-04:00","2026-08-21T12:50:33-04:00","https://job-boards.greenhouse.io/anthropic/jobs/5311463008"
"2426","5309917008","8","Staff Engineer, Datacenter Server Lifecycle","Sydney, Australia","Software Engineering - Infrastructure","Sydney, Australia","Staff","8+ years","Internship","Hybrid","Engineering","2026-07-09T11:55:50-04:00","2026-08-28T16:47:53-04:00","https://job-boards.greenhouse.io/anthropic/jobs/5309917008"
"2427","5139038008","8","Staff Engineer, Datacenter Server Lifecycle","San Francisco, CA | New York City, NY | Seattle, WA","Software Engineering - Infrastructure","San Francisco, CA","Staff","8+ years","Internship","Hybrid","Engineering","2026-03-11T12:27:15-04:00","2026-08-21T12:50:00-04:00","https://job-boards.greenhouse.io/anthropic/jobs/5139038008"
"2428","5211297008","8","Staff Infrastructure Engineer, Cluster Infrastructure","London, UK","Software Engineering - Infrastructure","London, UK","Staff","10+ years","Internship","Remote","Engineering","2026-05-07T05:54:49-04:00","2026-08-28T14:43:57-04:00","https://job-boards.greenhouse.io/anthropic/jobs/5211297008"
"2429","5206978008","8","Staff+ Infrastructure Engineer, Cluster Infrastructure","San Francisco, CA | New York City, NY | Seattle, WA","Software Engineering - Infrastructure","New York City, NY","Staff","10+ years","Internship","Remote","Engineering","2026-04-30T16:54:29-04:00","2026-08-21T12:49:54-04:00","https://job-boards.greenhouse.io/anthropic/jobs/5206978008"
"2430","4593216008","8","Staff Research Engineer, Discovery Team","San Francisco, CA","AI Research & Engineering","New York City, NY","Staff","8+ years","Internship","Remote","Engineering","2025-04-22T20:40:07-04:00","2026-08-21T12:49:37-04:00","https://job-boards.greenhouse.io/anthropic/jobs/4593216008"
"2431","5404725008","8","Staff+ Research Engineer, RL Data Platform","San Francisco, CA | New York City, NY","AI Research & Engineering","New York City, NY","Staff","Unspecified","Internship","Hybrid","Engineering","2026-08-27T09:04:41-04:00","2026-08-27T09:05:22-04:00","https://job-boards.greenhouse.io/anthropic/jobs/5404725008"
"2432","5385217008","8","Staff+ Researcher, Cybersecurity Products","San Francisco, CA","Engineering & Design - Product","San Francisco, CA","Staff","7+ years","Internship","Hybrid","Risk & Security","2026-08-11T12:49:22-04:00","2026-08-21T12:50:49-04:00","https://job-boards.greenhouse.io/anthropic/jobs/5385217008"
"2433","5250052008","8","Staff+ Security Engineer, Risk Engineering","San Francisco, CA | New York City, NY | Seattle, WA","Security","San Francisco, CA","Staff","8+ years","Internship","Remote","Engineering","2026-06-08T12:51:06-04:00","2026-08-21T12:50:23-04:00","https://job-boards.greenhouse.io/anthropic/jobs/5250052008"
"2434","5245851008","8","Staff + Senior Software Engineer, Inference","San Francisco, CA | New York City, NY | Seattle, WA","Software Engineering - Infrastructure","New York City, NY","Senior","Unspecified","Internship","Remote","Engineering","2026-06-08T16:10:07-04:00","2026-08-21T12:50:22-04:00","https://job-boards.greenhouse.io/anthropic/jobs/5245851008"
"2435","5385998008","8","Staff + Senior Software Engineer, Inference","Ontario, CAN","Software Engineering - Infrastructure","Ontario, CA","Senior","Unspecified","Internship","Remote","Engineering","2026-08-17T15:13:40-04:00","2026-08-28T16:46:24-04:00","https://job-boards.greenhouse.io/anthropic/jobs/5385998008"
"2436","5285557008","8","Staff + Senior Software Engineer, Inference Deployment","San Francisco, CA | New York City, NY | Seattle, WA","Software Engineering - Infrastructure","New York City, NY","Senior","Unspecified","Internship","Remote","Engineering","2026-06-29T10:33:21-04:00","2026-08-21T12:50:22-04:00","https://job-boards.greenhouse.io/anthropic/jobs/5285557008"
"2437","5230394008","8","Staff+ Site Reliability Engineer, Safeguards ML Infra","Friendly (Travel-Required) | San Francisco, CA | Seattle, WA | New York City, NY","Safeguards (Trust & Safety)","New York City, NY","Staff","8+ years","Internship","Remote","Engineering","2026-08-10T20:28:36-04:00","2026-08-21T12:50:17-04:00","https://job-boards.greenhouse.io/anthropic/jobs/5230394008"
"2438","5123039008","8","Staff+ Software Engineer, Account Abuse","San Francisco, CA | New York City, NY | Seattle, WA","Safeguards (Trust & Safety)","San Francisco, CA","Staff","8+ years","Internship","Hybrid","Engineering","2026-02-24T01:10:06-05:00","2026-08-21T12:49:57-04:00","https://job-boards.greenhouse.io/anthropic/jobs/5123039008"
"2439","5113224008","8","Staff Software Engineer, AI Reliability","San Francisco, CA | New York City, NY | Seattle, WA","Software Engineering - Infrastructure","New York City, NY","Staff","Unspecified","Internship","Remote","Engineering","2026-02-07T08:47:14-05:00","2026-08-21T12:49:55-04:00","https://job-boards.greenhouse.io/anthropic/jobs/5113224008"
"2440","5101173008","8","Staff Software Engineer, AI Reliability Engineering","London, UK","Software Engineering - Infrastructure","London, UK","Staff","Unspecified","Internship","Remote","Engineering","2026-02-03T06:29:41-05:00","2026-08-28T14:43:57-04:00","https://job-boards.greenhouse.io/anthropic/jobs/5101173008"
"2441","5101169008","8","Staff Software Engineer, AI Reliability Engineering","Dublin, IE","Software Engineering - Infrastructure","Dublin, IE","Staff","Unspecified","Internship","Remote","Engineering","2026-02-05T08:03:52-05:00","2026-08-28T14:43:33-04:00","https://job-boards.greenhouse.io/anthropic/jobs/5101169008"
"2442","4899511008","8","Staff Software Engineer, Android","San Francisco, CA | New York City, NY | Seattle, WA","Engineering & Design - Product","San Francisco, CA","Staff","Unspecified","Internship","Hybrid","Engineering","2025-08-28T19:22:30-04:00","2026-08-27T14:43:22-04:00","https://job-boards.greenhouse.io/anthropic/jobs/4899511008"
"2443","5398227008","8","Staff+ Software Engineer, Auth & Identity","San Francisco, CA | New York City, NY","Engineering & Design - Product","San Francisco, CA","Staff","8+ years","Internship","Remote","Engineering","2026-08-21T12:17:20-04:00","2026-08-21T12:50:02-04:00","https://job-boards.greenhouse.io/anthropic/jobs/5398227008"
"2444","5174755008","8","Staff+ Software Engineer, Backend","San Francisco, CA | New York City, NY | Seattle, WA","Engineering & Design - Product","San Francisco, CA","Staff","8+ years","Internship","Remote","Engineering","2026-04-08T14:57:22-04:00","2026-08-21T12:50:04-04:00","https://job-boards.greenhouse.io/anthropic/jobs/5174755008"
"2445","5146298008","8","Staff Software Engineer, Billing Platform","San Francisco, CA | New York City, NY | Seattle, WA","Engineering & Design - Product","San Francisco, CA","Staff","8+ years","Contract","Hybrid","Engineering","2026-03-10T13:14:01-04:00","2026-08-21T12:50:01-04:00","https://job-boards.greenhouse.io/anthropic/jobs/5146298008"
"2446","5301737008","8","Staff+ Software Engineer, Caching","San Francisco, CA | New York City, NY | Seattle, WA","Software Engineering - Infrastructure","San Francisco, CA","Staff","10+ years","Internship","Remote","Engineering","2026-07-07T13:08:44-04:00","2026-08-21T12:50:31-04:00","https://job-boards.greenhouse.io/anthropic/jobs/5301737008"
"2447","5310731008","8","Staff+ Software Engineer, Capacity Engineering","San Francisco, CA | New York City, NY | Seattle, WA","Software Engineering - Infrastructure","San Francisco, CA","Staff","Unspecified","Contract","Remote","Engineering","2026-07-14T15:16:22-04:00","2026-08-21T12:50:33-04:00","https://job-boards.greenhouse.io/anthropic/jobs/5310731008"
"2448","5065894008","8","Staff+ Software Engineer, Claude App Infrastructure","San Francisco, CA | New York City, NY | Seattle, WA","Software Engineering - Infrastructure","San Francisco, CA","Staff","Unspecified","Internship","Remote","Engineering","2026-01-13T15:38:43-05:00","2026-08-21T12:49:49-04:00","https://job-boards.greenhouse.io/anthropic/jobs/5065894008"
"2449","5383610008","8","Staff Software Engineer, Claude Code","San Francisco, CA | New York City, NY | Seattle, WA","Engineering & Design - Product","San Francisco, CA","Staff","6+ years","Internship","Hybrid","Engineering","2026-08-07T17:48:56-04:00","2026-08-21T12:50:49-04:00","https://job-boards.greenhouse.io/anthropic/jobs/5383610008"
"2450","5229345008","8","Staff Software Engineer, Claude Design","San Francisco, CA | New York City, NY | Seattle, WA","Engineering & Design - Product","San Francisco, CA","Staff","8+ years","Internship","Hybrid","Engineering","2026-05-27T20:20:38-04:00","2026-08-21T12:50:16-04:00","https://job-boards.greenhouse.io/anthropic/jobs/5229345008"
"2451","5395767008","8","Staff+ Software Engineer, Claude Managed Agents","San Francisco, CA | New York City, NY","Engineering & Design - Product","San Francisco, CA","Staff","8+ years","Contract","Remote","Engineering","2026-08-20T11:55:19-04:00","2026-08-21T12:50:02-04:00","https://job-boards.greenhouse.io/anthropic/jobs/5395767008"
"2452","5368040008","8","Staff+ Software Engineer, Claude Science","San Francisco, CA","Engineering & Design - Product","San Francisco, CA","Staff","8+ years","Internship","Hybrid","Engineering","2026-07-22T17:47:23-04:00","2026-08-21T12:50:31-04:00","https://job-boards.greenhouse.io/anthropic/jobs/5368040008"
"2453","5370690008","8","Staff Software Engineer, Code RL","San Francisco, CA | New York City, NY | Seattle, WA","AI Research & Engineering","San Francisco, CA","Staff","Unspecified","Internship","Remote","Engineering","2026-07-24T20:02:13-04:00","2026-08-21T12:50:41-04:00","https://job-boards.greenhouse.io/anthropic/jobs/5370690008"
"2454","5073998008","8","Staff Software Engineer, Continuous Integration","London, UK","Software Engineering - Infrastructure","London, UK","Staff","10+ years","Internship","Hybrid","Engineering","2026-02-13T10:30:41-05:00","2026-08-28T14:43:57-04:00","https://job-boards.greenhouse.io/anthropic/jobs/5073998008"
"2455","5063007008","8","Staff+ Software Engineer, Cybersecurity Products","San Francisco, CA","Engineering & Design - Product","San Francisco, CA","Staff","7+ years","Internship","Remote","Engineering","2026-01-09T17:55:51-05:00","2026-08-21T12:49:48-04:00","https://job-boards.greenhouse.io/anthropic/jobs/5063007008"
"2456","5301750008","8","Staff+ Software Engineer, Databases","San Francisco, CA | New York City, NY | Seattle, WA","Software Engineering - Infrastructure","San Francisco, CA","Staff","10+ years","Internship","Remote","Engineering","2026-07-07T13:08:46-04:00","2026-08-21T12:50:31-04:00","https://job-boards.greenhouse.io/anthropic/jobs/5301750008"
"2457","5114768008","8","Staff+ Software Engineer, Data Infrastructure","Friendly (Travel-Required) | San Francisco, CA | Seattle, WA | New York City, NY","Software Engineering - Infrastructure","New York City, NY","Staff","10+ years","Internship","Remote","Engineering","2026-02-13T09:44:28-05:00","2026-08-21T12:49:56-04:00","https://job-boards.greenhouse.io/anthropic/jobs/5114768008"
"2458","5290360008","8","Staff+ Software Engineer, Developer Acceleration","San Francisco, CA | Seattle, WA","Software Engineering - Infrastructure","New York City, NY","Staff","10+ years","Internship","Remote","Engineering","2026-07-02T13:52:12-04:00","2026-08-21T12:49:55-04:00","https://job-boards.greenhouse.io/anthropic/jobs/5290360008"
"2459","5398218008","8","Staff+ Software Engineer, Developer Experience","San Francisco, CA | New York City, NY","Engineering & Design - Product","San Francisco, CA","Staff","8+ years","Internship","Hybrid","Engineering","2026-08-21T12:11:03-04:00","2026-08-21T12:50:02-04:00","https://job-boards.greenhouse.io/anthropic/jobs/5398218008"
"2460","5110511008","8","Staff+ Software Engineer, Developer Productivity","San Francisco, CA | New York City, NY | Seattle, WA","Software Engineering - Infrastructure","New York City, NY","Staff","15+ years","Internship","Remote","Engineering","2026-02-13T09:11:29-05:00","2026-08-21T12:49:55-04:00","https://job-boards.greenhouse.io/anthropic/jobs/5110511008"
"2461","5389305008","8","Staff Software Engineer, Education","San Francisco, CA | New York City, NY","Technical Education","San Francisco, CA","Staff","7+ years","Internship","Hybrid","Engineering","2026-08-13T13:54:58-04:00","2026-08-25T12:06:29-04:00","https://job-boards.greenhouse.io/anthropic/jobs/5389305008"
"2462","5288742008","8","Staff+ Software Engineer, Enterprise","San Francisco, CA | New York City, NY","Engineering & Design - Product","San Francisco, CA","Staff","10+ years","Internship","Remote","Engineering","2026-07-01T15:52:07-04:00","2026-08-21T12:50:30-04:00","https://job-boards.greenhouse.io/anthropic/jobs/5288742008"
"2463","5368034008","8","Staff+ Software Engineer, Enterprise AI Products","San Francisco, CA | New York City, NY","Engineering & Design - Product","San Francisco, CA","Staff","8+ years","Internship","Hybrid","Engineering","2026-07-22T17:36:02-04:00","2026-08-21T12:50:31-04:00","https://job-boards.greenhouse.io/anthropic/jobs/5368034008"
"2464","5289450008","8","Staff+ Software Engineer, Enterprise Knowledge Work","San Francisco, CA | New York City, NY","Engineering & Design - Product","San Francisco, CA","Staff","8+ years","Internship","Hybrid","Engineering","2026-07-02T12:03:44-04:00","2026-08-21T12:50:31-04:00","https://job-boards.greenhouse.io/anthropic/jobs/5289450008"
"2465","5367436008","8","Staff Software Engineer, Environments Infrastructure","San Francisco, CA | New York City, NY","AI Research & Engineering","San Francisco, CA","Staff","Unspecified","Internship","Remote","Engineering","2026-07-24T19:58:05-04:00","2026-08-21T12:50:42-04:00","https://job-boards.greenhouse.io/anthropic/jobs/5367436008"
"2466","5290468008","8","Staff+ Software Engineer, Experimentation","San Francisco, CA | Seattle, WA","Software Engineering - Infrastructure","New York City, NY","Staff","15+ years","Internship","Remote","Engineering","2026-07-02T14:43:56-04:00","2026-08-21T12:49:55-04:00","https://job-boards.greenhouse.io/anthropic/jobs/5290468008"
"2467","5325909008","8","Staff+ Software Engineer, Financial Fraud","San Francisco, CA | New York City, NY | Seattle, WA","Safeguards (Trust & Safety)","San Francisco, CA","Staff","8+ years","Internship","Hybrid","Engineering","2026-07-10T16:42:40-04:00","2026-08-21T12:49:57-04:00","https://job-boards.greenhouse.io/anthropic/jobs/5325909008"
"2468","5174747008","8","Staff+ Software Engineer, Full-stack","San Francisco, CA | New York City, NY | Seattle, WA","Engineering & Design - Product","San Francisco, CA","Staff","8+ years","Internship","Hybrid","Engineering","2026-04-08T14:57:51-04:00","2026-08-21T12:50:04-04:00","https://job-boards.greenhouse.io/anthropic/jobs/5174747008"
"2469","5250091008","8","Staff+ Software Engineer, GRC Platform","San Francisco, CA | New York City, NY | Seattle, WA","Security","San Francisco, CA","Staff","8+ years","Internship","Remote","Engineering","2026-06-08T13:16:56-04:00","2026-08-21T12:50:23-04:00","https://job-boards.greenhouse.io/anthropic/jobs/5250091008"
"2470","5363469008","8","Staff Software Engineer, Growth","San Francisco, CA | New York City, NY | Seattle, WA","Engineering & Design - Product","New York City, NY","Staff","5+ years","Internship","Hybrid","Engineering","2026-07-20T21:28:26-04:00","2026-08-21T12:50:40-04:00","https://job-boards.greenhouse.io/anthropic/jobs/5363469008"
"2471","5368166008","8","Staff Software Engineer, GTM Systems","San Francisco, CA","Engineering & Design - Product","San Francisco, CA","Staff","Unspecified","Contract","Hybrid","Engineering","2026-07-23T13:41:31-04:00","2026-08-21T12:50:43-04:00","https://job-boards.greenhouse.io/anthropic/jobs/5368166008"
"2472","5270442008","8","Staff+ Software Engineer, Identity & Access Controls","San Francisco, CA | New York City, NY | Seattle, WA","Safeguards (Trust & Safety)","San Francisco, CA","Staff","8+ years","Internship","Hybrid","Engineering","2026-06-18T13:05:39-04:00","2026-08-21T12:49:57-04:00","https://job-boards.greenhouse.io/anthropic/jobs/5270442008"
"2473","5097742008","8","Staff Software Engineer, Inference","London, UK","Software Engineering - Infrastructure","London, UK","Staff","Unspecified","Internship","Remote","Engineering","2026-02-02T09:58:04-05:00","2026-08-28T14:43:57-04:00","https://job-boards.greenhouse.io/anthropic/jobs/5097742008"
"2474","5150472008","8","Staff Software Engineer, Inference","Dublin, IE","Software Engineering - Infrastructure","Dublin, IE","Staff","Unspecified","Internship","Remote","Engineering","2026-03-11T11:14:30-04:00","2026-08-28T14:43:33-04:00","https://job-boards.greenhouse.io/anthropic/jobs/5150472008"
"2475","5257650008","8","Staff+ Software Engineer, Inference Velocity","Friendly (Travel-Required) | San Francisco, CA | Seattle, WA | New York City, NY","Software Engineering - Infrastructure","San Francisco, CA","Staff","8+ years","Internship","Remote","Engineering","2026-06-12T16:17:38-04:00","2026-08-27T16:26:00-04:00","https://job-boards.greenhouse.io/anthropic/jobs/5257650008"
"2476","5387083008","8","Staff Software Engineer, Infrastructure (Distributed Systems)","London, UK","Software Engineering - Infrastructure","London, UK","Staff","10+ years","Internship","Remote","Engineering","2026-08-12T04:30:35-04:00","2026-08-28T14:44:00-04:00","https://job-boards.greenhouse.io/anthropic/jobs/5387083008"
"2477","4970314008","8","Staff+ Software Engineer, Infrastructure (Distributed Systems)","San Francisco, CA | New York City, NY | Seattle, WA","Software Engineering - Infrastructure","New York City, NY","Staff","10+ years","Internship","Remote","Engineering","2025-10-29T18:48:47-04:00","2026-08-21T12:49:41-04:00","https://job-boards.greenhouse.io/anthropic/jobs/4970314008"
"2478","4572744008","8","Staff Software Engineer, iOS","San Francisco, CA, New York City, NY, Seattle, WA","Engineering & Design - Product","San Francisco, CA","Staff","Unspecified","Internship","Hybrid","Engineering","2025-08-28T19:29:36-04:00","2026-08-27T14:44:09-04:00","https://job-boards.greenhouse.io/anthropic/jobs/4572744008"
"2479","5211305008","8","Staff Software Engineer, Kubernetes Platform","London, UK","Software Engineering - Infrastructure","London, UK","Staff","12+ years","Internship","Remote","Engineering","2026-05-07T05:54:50-04:00","2026-08-28T14:43:57-04:00","https://job-boards.greenhouse.io/anthropic/jobs/5211305008"
"2480","5211241008","8","Staff+ Software Engineer, Kubernetes Platform","San Francisco, CA | New York City, NY | Seattle, WA","Software Engineering - Infrastructure","New York City, NY","Staff","10+ years","Internship","Remote","Engineering","2026-05-06T03:14:11-04:00","2026-08-21T12:49:54-04:00","https://job-boards.greenhouse.io/anthropic/jobs/5211241008"
"2481","5304425008","8","Staff Software Engineer, Labs: Applied AI","San Francisco, CA | New York City, NY","Engineering & Design - Product","San Francisco, CA","Staff","8+ years","Internship","Hybrid","Engineering","2026-07-08T15:55:29-04:00","2026-08-21T12:50:32-04:00","https://job-boards.greenhouse.io/anthropic/jobs/5304425008"
"2482","5211498008","8","Staff Software Engineer, Node Infra","London, UK","Software Engineering - Infrastructure","London, UK","Staff","7+ years","Internship","Remote","Engineering","2026-05-07T05:54:51-04:00","2026-08-28T14:43:56-04:00","https://job-boards.greenhouse.io/anthropic/jobs/5211498008"
"2483","5203868008","8","Staff+ Software Engineer, Node Infra","San Francisco, CA | New York City, NY | Seattle, WA","Software Engineering - Infrastructure","New York City, NY","Staff","10+ years","Internship","Remote","Engineering","2026-04-28T15:26:50-04:00","2026-08-21T12:49:54-04:00","https://job-boards.greenhouse.io/anthropic/jobs/5203868008"
"2484","5119468008","8","Staff Software Engineer, People Products","Friendly (Travel Required) | San Francisco, CA","Engineering & Design - Product","Remote-Friendly US (Travel Required)","Staff","8+ years","Internship","Remote","Engineering","2026-02-12T20:30:13-05:00","2026-08-21T12:49:57-04:00","https://job-boards.greenhouse.io/anthropic/jobs/5119468008"
"2485","5157847008","8","Staff+ Software Engineer, Platform","San Francisco, CA | New York City, NY | Seattle, WA","Engineering & Design - Product","San Francisco, CA","Staff","8+ years","Contract","Remote","Engineering","2026-04-08T12:56:33-04:00","2026-08-21T12:50:02-04:00","https://job-boards.greenhouse.io/anthropic/jobs/5157847008"
"2486","5394948008","8","Staff+ Software Engineer, Platform Connectivity","London, UK; San Francisco, CA","Engineering & Design - Product","San Francisco, CA","Staff","Unspecified","Internship","Remote","Engineering","2026-08-18T21:02:33-04:00","2026-08-21T12:50:02-04:00","https://job-boards.greenhouse.io/anthropic/jobs/5394948008"
"2487","5397005008","8","Staff+ Software Engineer, Platform Distribution","San Francisco, CA | New York City, NY","Engineering & Design - Product","San Francisco, CA","Staff","8+ years","Internship","Remote","Engineering","2026-08-20T11:55:18-04:00","2026-08-21T12:50:02-04:00","https://job-boards.greenhouse.io/anthropic/jobs/5397005008"
"2488","5392335008","8","Staff+ Software Engineer, Platform Ecosystem","San Francisco, CA | New York City, NY","Engineering & Design - Product","San Francisco, CA","Staff","8+ years","Internship","Hybrid","Engineering","2026-08-15T16:10:51-04:00","2026-08-21T12:50:02-04:00","https://job-boards.greenhouse.io/anthropic/jobs/5392335008"
"2489","5397131008","8","Staff+ Software Engineer, Platform Portability","San Francisco, CA | New York City, NY | Seattle, WA","Engineering & Design - Product","San Francisco, CA","Staff","8+ years","Internship","Remote","Engineering","2026-08-20T13:13:40-04:00","2026-08-21T12:50:02-04:00","https://job-boards.greenhouse.io/anthropic/jobs/5397131008"
"2490","5383114008","8","Staff+ Software Engineer, Privacy","San Francisco, CA | New York City, NY | Seattle, WA","Software Engineering - Infrastructure","New York City, NY","Staff","12+ years","Internship","Remote","Engineering","2026-08-07T17:36:48-04:00","2026-08-21T12:50:48-04:00","https://job-boards.greenhouse.io/anthropic/jobs/5383114008"
"2491","5026097008","8","Staff Software Engineer, Product","San Francisco, CA | New York City, NY | Seattle, WA","Engineering & Design - Product","San Francisco, CA","Staff","5+ years","Internship","Hybrid","Engineering","2025-12-18T14:00:51-05:00","2026-08-27T18:12:21-04:00","https://job-boards.greenhouse.io/anthropic/jobs/5026097008"
"2492","5394943008","8","Staff+ Software Engineer, Product Sandboxing","San Francisco, CA | New York City, NY | Seattle, WA","Engineering & Design - Product","San Francisco, CA","Staff","8+ years","Internship","Remote","Engineering","2026-08-18T20:59:49-04:00","2026-08-21T12:50:02-04:00","https://job-boards.greenhouse.io/anthropic/jobs/5394943008"
"2493","5205704008","8","Staff+ Software Engineer, Public Sector","Friendly, United States; San Francisco, CA | New York City, NY | Washington, DC","Engineering & Design - Product","San Francisco, CA","Staff","8+ years","Internship","Remote","Engineering","2026-05-04T15:01:40-04:00","2026-08-21T12:50:11-04:00","https://job-boards.greenhouse.io/anthropic/jobs/5205704008"
"2494","5404730008","8","Staff+ Software Engineer, RL Data Platform","San Francisco, CA | New York City, NY","AI Research & Engineering","New York City, NY","Staff","Unspecified","Internship","Hybrid","Engineering","2026-08-27T09:21:33-04:00","2026-08-27T09:21:33-04:00","https://job-boards.greenhouse.io/anthropic/jobs/5404730008"
"2495","4951844008","8","Staff+ Software Engineer, Safeguards","San Francisco, CA | New York City, NY","Safeguards (Trust & Safety)","New York City, NY","Staff","8+ years","Internship","Remote","Engineering","2025-10-14T14:45:18-04:00","2026-08-21T12:49:42-04:00","https://job-boards.greenhouse.io/anthropic/jobs/4951844008"
"2496","5379140008","8","Staff+ Software Engineer, Safeguards Data","San Francisco, CA | New York City, NY","Safeguards (Trust & Safety)","New York City, NY","Staff","Unspecified","Internship","Remote","Engineering","2026-08-14T19:01:15-04:00","2026-08-21T12:50:45-04:00","https://job-boards.greenhouse.io/anthropic/jobs/5379140008"
"2497","5251671008","8","Staff+ Software Engineer, Safeguards Evals","San Francisco, CA | New York City, NY","Safeguards (Trust & Safety)","New York City, NY","Staff","8+ years","Internship","Remote","Engineering","2026-06-09T11:02:53-04:00","2026-08-21T12:50:23-04:00","https://job-boards.greenhouse.io/anthropic/jobs/5251671008"
"2498","5074908008","8","Staff+ Software Engineer, Safeguards Infrastructure","London, UK","Safeguards (Trust & Safety)","London, UK","Staff","7+ years","Internship","Hybrid","Engineering","2026-01-21T12:42:00-05:00","2026-08-28T14:43:57-04:00","https://job-boards.greenhouse.io/anthropic/jobs/5074908008"
"2499","4778843008","8","Staff+ Software Engineer, Safeguards ML Infrastructure","San Francisco, CA","Safeguards (Trust & Safety)","San Francisco, CA","Staff","8+ years","Internship","Remote","Engineering","2025-06-24T14:46:22-04:00","2026-08-21T12:49:40-04:00","https://job-boards.greenhouse.io/anthropic/jobs/4778843008"
"2500","5342935008","8","Staff+ Software Engineer, Safeguards Review Tooling","San Francisco, CA","Safeguards (Trust & Safety)","San Francisco, CA","Staff","8+ years","Internship","Hybrid","Engineering","2026-07-13T12:57:38-04:00","2026-08-21T12:50:36-04:00","https://job-boards.greenhouse.io/anthropic/jobs/5342935008"
"2501","5305402008","8","Staff Software Engineer, Web Platform","San Francisco, CA","Engineering & Design - Product","New York City, NY","Staff","5+ years","Internship","Hybrid","Engineering","2026-07-19T10:56:36-04:00","2026-08-21T12:50:32-04:00","https://job-boards.greenhouse.io/anthropic/jobs/5305402008"
"2502","5120512008","8","Staff+ Software Security Engineer","San Francisco, CA | New York City, NY | Seattle, WA","Security","San Francisco, CA","Staff","8+ years","Internship","Hybrid","Engineering","2026-02-13T14:17:57-05:00","2026-08-21T12:49:57-04:00","https://job-boards.greenhouse.io/anthropic/jobs/5120512008"
"2503","5231496008","8","Staff + Sr. Software Engineer, Cloud Inference","San Francisco, CA","Software Engineering - Infrastructure","San Francisco, CA","Senior","Unspecified","Internship","Remote","Engineering","2026-06-03T11:30:48-04:00","2026-08-21T12:50:18-04:00","https://job-boards.greenhouse.io/anthropic/jobs/5231496008"
"2504","5238296008","8","Staff + Sr. Software Engineer, Cloud Inference Launch Engineering","San Francisco, CA","Software Engineering - Infrastructure","San Francisco, CA","Senior","Unspecified","Internship","Remote","Engineering","2026-06-03T11:30:49-04:00","2026-08-21T12:50:18-04:00","https://job-boards.greenhouse.io/anthropic/jobs/5238296008"
"2505","5400012008","8","Staff + Sr. Software Engineer, Scaling","San Francisco, CA | Seattle, WA","Software Engineering - Infrastructure","San Francisco, CA","Senior","Unspecified","Internship","Remote","Engineering","2026-08-24T15:24:05-04:00","2026-08-24T15:24:05-04:00","https://job-boards.greenhouse.io/anthropic/jobs/5400012008"
"2506","5131095008","8","Startup Partnerships - France & Southern Europe","Paris, France","Sales","Paris, France","Unspecified","7+ years","Internship","Hybrid","Partnerships","2026-03-02T16:39:57-05:00","2026-08-28T16:46:44-04:00","https://job-boards.greenhouse.io/anthropic/jobs/5131095008"
"2507","5235692008","8","Startup Partnerships Lead","San Francisco, CA | New York City, NY","Sales","San Francisco, CA","Lead","Unspecified","Internship","Hybrid","Partnerships","2026-06-05T18:19:45-04:00","2026-08-21T12:50:20-04:00","https://job-boards.greenhouse.io/anthropic/jobs/5235692008"
"2508","5075093008","8","Strategic Account Executive, Cybersecurity","San Francisco, CA","Sales","New York City, NY","Unspecified","8+ years","Internship","Hybrid","Sales","2026-01-27T23:00:33-05:00","2026-08-21T12:49:50-04:00","https://job-boards.greenhouse.io/anthropic/jobs/5075093008"
"2509","5379806008","8","Strategic Account Executive, Industries","San Francisco, CA | New York City, NY","Sales","San Francisco, CA","Unspecified","10+ years","Internship","Hybrid","Sales","2026-08-14T14:44:00-04:00","2026-08-21T12:50:45-04:00","https://job-boards.greenhouse.io/anthropic/jobs/5379806008"
"2510","5126008008","8","Strategic Account Executive, Tech","Seattle, WA","Sales","San Francisco, CA","Unspecified","10+ years","Internship","Hybrid","Sales","2026-08-28T19:27:05-04:00","2026-08-28T19:27:05-04:00","https://job-boards.greenhouse.io/anthropic/jobs/5126008008"
"2511","5109135008","8","Strategic Account Executive, Tech","San Francisco, CA","Sales","San Francisco, CA","Unspecified","5+ years","Internship","Hybrid","Sales","2026-02-13T16:41:36-05:00","2026-08-21T12:49:55-04:00","https://job-boards.greenhouse.io/anthropic/jobs/5109135008"
"2512","5391191008","8","Strategic Business Development Lead","San Francisco, CA | New York City, NY | Seattle, WA","Sales","San Francisco, CA","Lead","10+ years","Internship","Hybrid","Sales","2026-08-14T18:07:04-04:00","2026-08-21T12:50:59-04:00","https://job-boards.greenhouse.io/anthropic/jobs/5391191008"
"2513","5358104008","8","Strategic Deals Lead, Cloud Compute","San Francisco, CA","Finance","San Francisco, CA","Lead","8+ years","Contract","Hybrid","Uncategorized","2026-08-27T15:58:19-04:00","2026-08-27T17:21:46-04:00","https://job-boards.greenhouse.io/anthropic/jobs/5358104008"
"2514","5205723008","8","Strategic Deals Leader, Compute & Infrastructure","San Francisco, CA","Finance","San Francisco, CA","Lead","10+ years","Internship","Hybrid","Engineering","2026-06-23T19:10:40-04:00","2026-08-21T12:50:11-04:00","https://job-boards.greenhouse.io/anthropic/jobs/5205723008"
"2515","5390022008","8","Strategic Partner Development, Data & Product Partnerships – Beneficial Deployments","San Francisco, CA | New York City, NY","Product Management, Support, & Operations","New York City, NY","Unspecified","8+ years","Internship","Hybrid","Partnerships","2026-08-13T23:44:55-04:00","2026-08-21T12:50:54-04:00","https://job-boards.greenhouse.io/anthropic/jobs/5390022008"
"2516","5226540008","8","Strategic Partner Development, Product Partnerships - Cybersecurity","San Francisco, CA | New York City, NY","AI Research & Engineering","San Francisco, CA","Unspecified","10+ years","Internship","Hybrid","Risk & Security","2026-05-20T19:43:49-04:00","2026-08-21T12:50:15-04:00","https://job-boards.greenhouse.io/anthropic/jobs/5226540008"
"2517","5390028008","8","Strategic Partner Development, Product Partnerships – Semiconductors","New York City, NY; San Francisco, CA | New York City, NY","Product Management, Support, & Operations","New York City, NY","Chief","8+ years","Contract","Hybrid","Partnerships","2026-08-13T23:42:33-04:00","2026-08-21T12:50:54-04:00","https://job-boards.greenhouse.io/anthropic/jobs/5390028008"
"2518","5394993008","8","Strategic Sourcing Business Partner, R&D Operations","San Francisco, CA | Seattle, WA","Finance","San Francisco, CA","Unspecified","7+ years","Contract","Hybrid","Operations","2026-08-19T16:09:02-04:00","2026-08-21T15:28:24-04:00","https://job-boards.greenhouse.io/anthropic/jobs/5394993008"
"2519","5386947008","8","Strategic Sourcing Lead, Silicon","Friendly, United States","Compute","Remote-Friendly US (Travel Required)","Lead","7+ years","Contract","Remote","Uncategorized","2026-08-24T16:23:45-04:00","2026-08-31T13:28:21-04:00","https://job-boards.greenhouse.io/anthropic/jobs/5386947008"
"2520","5284500008","8","Strategy & Operations, Applied AI - AMER","San Francisco, CA | New York City, NY","Sales","San Francisco, CA","Unspecified","10+ years","Internship","Hybrid","Operations","2026-07-08T11:56:43-04:00","2026-08-26T14:00:48-04:00","https://job-boards.greenhouse.io/anthropic/jobs/5284500008"
"2521","5389945008","8","Strategy & Operations Lead, Enterprise Marketing","San Francisco, CA | New York City, NY","Marketing & Brand","San Francisco, CA","Lead","Unspecified","Internship","Hybrid","Marketing","2026-08-14T19:03:32-04:00","2026-08-21T12:50:54-04:00","https://job-boards.greenhouse.io/anthropic/jobs/5389945008"
"2522","5399225008","8","Supply Chain Delivery Manager, Data Center Power & Cooling OFE","Friendly, United States","Compute","Remote-Friendly US (Travel Required)","Manager","12+ years","Contract","Remote","Uncategorized","2026-08-25T14:35:23-04:00","2026-08-25T14:35:23-04:00","https://job-boards.greenhouse.io/anthropic/jobs/5399225008"
"2523","5228463008","8","Support Engineer","San Francisco, CA | New York City, NY | Seattle, WA","Product Management, Support, & Operations","San Francisco, CA","Unspecified","5+ years","Internship","Hybrid","Engineering","2026-05-22T18:19:40-04:00","2026-08-21T12:50:16-04:00","https://job-boards.greenhouse.io/anthropic/jobs/5228463008"
"2524","5358122008","8","Tax Director, Provision & Compliance","Friendly (Travel Required) | San Francisco, CA","Finance","San Francisco, CA","Director","Unspecified","Internship","Remote","Finance","2026-08-21T13:52:08-04:00","2026-08-21T13:52:08-04:00","https://job-boards.greenhouse.io/anthropic/jobs/5358122008"
"2525","5316593008","8","Tech Lead Manager, Agent Runtime Platform","San Francisco, CA | New York City, NY","Software Engineering - Infrastructure","San Francisco, CA","Lead","10+ years","Internship","Remote","Uncategorized","2026-07-09T13:28:21-04:00","2026-08-21T12:50:33-04:00","https://job-boards.greenhouse.io/anthropic/jobs/5316593008"
"2526","5066997008","8","Technical CBRN-E  Threat Investigator","Friendly (Travel-Required) | San Francisco, CA | Washington, DC","Safeguards (Trust & Safety)","Remote-Friendly US (Travel Required)","Unspecified","Unspecified","Internship","Remote","HR","2026-01-14T00:01:41-05:00","2026-08-21T12:49:49-04:00","https://job-boards.greenhouse.io/anthropic/jobs/5066997008"
"2527","5066995008","8","Technical Cyber Threat Investigator","Friendly (Travel-Required) | San Francisco, CA | Washington, DC","Safeguards (Trust & Safety)","Remote-Friendly US (Travel Required)","Unspecified","Unspecified","Internship","Remote","HR","2026-01-13T23:58:23-05:00","2026-08-21T12:49:49-04:00","https://job-boards.greenhouse.io/anthropic/jobs/5066995008"
"2528","5391108008","8","Technical Deployment Lead","London, UK","Applied AI","London, UK","Lead","Unspecified","Contract","Hybrid","Uncategorized","2026-08-19T08:26:57-04:00","2026-08-28T17:14:34-04:00","https://job-boards.greenhouse.io/anthropic/jobs/5391108008"
"2529","5017903008","8","Technical Deployment Lead","Austin, TX; Boston, MA; New York City, NY; San Francisco, CA; Seattle, WA","Applied AI","San Francisco, CA","Lead","Unspecified","Contract","Hybrid","Uncategorized","2025-12-04T10:12:44-05:00","2026-08-21T12:49:46-04:00","https://job-boards.greenhouse.io/anthropic/jobs/5017903008"
"2530","5370615008","8","Technical Documentation and Content Engineer, Claude Docs","San Francisco, CA | New York City, NY","Technical Education","San Francisco, CA","Unspecified","5+ years","Internship","Hybrid","Engineering","2026-07-24T18:21:50-04:00","2026-08-21T12:50:44-04:00","https://job-boards.greenhouse.io/anthropic/jobs/5370615008"
"2531","5311465008","8","Technical Enablement Lead, Claude Platform","San Francisco, CA | New York City, NY | Seattle, WA","Sales","San Francisco, CA","Lead","Unspecified","Internship","Hybrid","Uncategorized","2026-07-10T19:56:01-04:00","2026-08-21T12:50:33-04:00","https://job-boards.greenhouse.io/anthropic/jobs/5311465008"
"2532","5256303008","8","Technical Program Manager, API Platform","San Francisco, CA | Seattle, WA","Technical Program Management","San Francisco, CA","Manager","7+ years","Internship","Remote","Program Management","2026-06-12T13:53:07-04:00","2026-08-21T12:50:25-04:00","https://job-boards.greenhouse.io/anthropic/jobs/5256303008"
"2533","5251609008","8","Technical Program Manager, Apps Platform","San Francisco, CA | Seattle, WA","Technical Program Management","San Francisco, CA","Manager","Unspecified","Internship","Remote","Program Management","2026-06-09T04:24:59-04:00","2026-08-21T12:50:23-04:00","https://job-boards.greenhouse.io/anthropic/jobs/5251609008"
"2534","5406817008","8","Technical Program Manager, Billing","San Francisco, CA | New York City, NY","Technical Program Management","San Francisco, CA","Manager","6+ years","Internship","Hybrid","Program Management","2026-08-26T16:16:57-04:00","2026-08-26T16:16:57-04:00","https://job-boards.greenhouse.io/anthropic/jobs/5406817008"
"2535","5201264008","8","Technical Program Manager, Cloud Inference","San Francisco, CA | New York City, NY","Technical Program Management","San Francisco, CA","Manager","Unspecified","Internship","Hybrid","Program Management","2026-04-28T05:26:08-04:00","2026-08-21T12:50:10-04:00","https://job-boards.greenhouse.io/anthropic/jobs/5201264008"
"2536","5138044008","8","Technical Program Manager, Compute","San Francisco, CA | New York City, NY | Seattle, WA","Technical Program Management","San Francisco, CA","Manager","7+ years","Internship","Hybrid","Program Management","2026-03-02T14:10:58-05:00","2026-08-21T12:50:00-04:00","https://job-boards.greenhouse.io/anthropic/jobs/5138044008"
"2537","5251612008","8","Technical Program Manager, Databases","San Francisco, CA | Seattle, WA","Technical Program Management","San Francisco, CA","Manager","Unspecified","Internship","Remote","Program Management","2026-06-09T04:24:03-04:00","2026-08-21T12:50:23-04:00","https://job-boards.greenhouse.io/anthropic/jobs/5251612008"
"2538","5013743008","8","Technical Program Manager, Data Center Infrastructure","San Francisco, CA | New York City, NY | Seattle, WA","Technical Program Management","San Francisco, CA","Manager","7+ years","Contract","Hybrid","Engineering","2025-11-26T19:21:10-05:00","2026-08-21T12:49:46-04:00","https://job-boards.greenhouse.io/anthropic/jobs/5013743008"
"2539","5301958008","8","Technical Program Manager, Enterprise Commerce","San Francisco, CA | New York City, NY","Technical Program Management","San Francisco, CA","Manager","6+ years","Contract","Hybrid","Program Management","2026-07-07T14:41:55-04:00","2026-08-21T12:50:32-04:00","https://job-boards.greenhouse.io/anthropic/jobs/5301958008"
"2540","5368023008","8","Technical Program Manager, GTM Systems","San Francisco, CA | New York City, NY","Technical Program Management","San Francisco, CA","Manager","6+ years","Internship","Hybrid","Program Management","2026-07-22T17:48:26-04:00","2026-08-21T12:50:43-04:00","https://job-boards.greenhouse.io/anthropic/jobs/5368023008"
"2541","5380379008","8","Technical Program Manager, Hardware Systems","San Francisco, CA | New York City, NY","Technical Program Management","San Francisco, CA","Manager","8+ years","Contract","Hybrid","Program Management","2026-08-05T17:10:41-04:00","2026-08-21T12:50:46-04:00","https://job-boards.greenhouse.io/anthropic/jobs/5380379008"
"2542","5111783008","8","Technical Program Manager, Infrastructure","San Francisco, CA | New York City, NY | Seattle, WA","Technical Program Management","San Francisco, CA","Manager","5+ years","Internship","Remote","Engineering","2026-02-05T16:40:45-05:00","2026-08-21T12:49:55-04:00","https://job-boards.greenhouse.io/anthropic/jobs/5111783008"
"2543","5208193008","8","Technical Program Manager, Launches","San Francisco, CA | New York City, NY","Technical Program Management","San Francisco, CA","Manager","Unspecified","Internship","Hybrid","Program Management","2026-05-01T17:54:03-04:00","2026-08-21T12:50:12-04:00","https://job-boards.greenhouse.io/anthropic/jobs/5208193008"
"2544","5298359008","8","Technical Program Manager, Recruiting Technology","San Francisco, CA | New York City, NY","Technical Program Management","San Francisco, CA","Manager","6+ years","Contract","Hybrid","Program Management","2026-07-07T13:34:34-04:00","2026-08-21T12:50:31-04:00","https://job-boards.greenhouse.io/anthropic/jobs/5298359008"
"2545","5203545008","8","Technical Program Manager, Research","San Francisco, CA | New York City, NY","Technical Program Management","San Francisco, CA","Manager","Unspecified","Internship","Remote","Program Management","2026-04-29T13:44:15-04:00","2026-08-21T12:50:11-04:00","https://job-boards.greenhouse.io/anthropic/jobs/5203545008"
"2546","5390964008","8","Technical Program Manager, Revenue Operations","Friendly (Travel-Required) | San Francisco, CA | Seattle, WA | New York City, NY","Sales","San Francisco, CA","Manager","Unspecified","Internship","Remote","Program Management","2026-08-19T21:00:28-04:00","2026-08-21T12:50:57-04:00","https://job-boards.greenhouse.io/anthropic/jobs/5390964008"
"2547","5380327008","8","Technical Program Manager, RL Research","San Francisco, CA | New York City, NY","Technical Program Management","San Francisco, CA","Manager","Unspecified","Internship","Hybrid","Program Management","2026-08-05T17:06:57-04:00","2026-08-21T12:50:46-04:00","https://job-boards.greenhouse.io/anthropic/jobs/5380327008"
"2548","5108695008","8","Technical Program Manager, Safeguards (Infrastructure & Evals)","San Francisco, CA | New York City, NY | Seattle, WA","Technical Program Management","San Francisco, CA","Manager","Unspecified","Internship","Hybrid","Engineering","2026-02-04T15:47:16-05:00","2026-08-21T12:49:54-04:00","https://job-boards.greenhouse.io/anthropic/jobs/5108695008"
"2549","4989788008","8","Technical Program Manager, Security","San Francisco, CA | New York City, NY | Seattle, WA","Technical Program Management","San Francisco, CA","Manager","Unspecified","Contract","Hybrid","Program Management","2025-11-17T01:02:23-05:00","2026-08-21T12:49:45-04:00","https://job-boards.greenhouse.io/anthropic/jobs/4989788008"
"2550","5380377008","8","Technical Program Manager, Silicon","San Francisco, CA | New York City, NY","Technical Program Management","San Francisco, CA","Manager","8+ years","Internship","Hybrid","Program Management","2026-08-06T12:41:17-04:00","2026-08-21T12:50:46-04:00","https://job-boards.greenhouse.io/anthropic/jobs/5380377008"
"2551","5367026008","8","Technical Recruiter, Infrastructure","San Francisco, CA","People","San Francisco, CA","Unspecified","Unspecified","Internship","Hybrid","Engineering","2026-07-22T17:10:21-04:00","2026-08-21T12:50:41-04:00","https://job-boards.greenhouse.io/anthropic/jobs/5367026008"
"2552","5350448008","8","Technical Recruiter, Security","San Francisco, CA","People","San Francisco, CA","Unspecified","Unspecified","Internship","Hybrid","Risk & Security","2026-07-14T18:10:36-04:00","2026-08-21T12:50:37-04:00","https://job-boards.greenhouse.io/anthropic/jobs/5350448008"
"2553","5197597008","8","Technical Specialist, Claude Code","San Francisco, CA","Sales","New York City, NY","Unspecified","7+ years","Contract","Hybrid","Uncategorized","2026-04-23T18:13:14-04:00","2026-08-21T12:50:09-04:00","https://job-boards.greenhouse.io/anthropic/jobs/5197597008"
"2554","5074937008","8","Threat Intelligence Engineer","Friendly (Travel-Required) | San Francisco, CA | Washington, DC","Safeguards (Trust & Safety)","Washington, D.C.","Unspecified","Unspecified","Internship","Remote","Engineering","2026-01-20T23:17:40-05:00","2026-08-21T12:49:50-04:00","https://job-boards.greenhouse.io/anthropic/jobs/5074937008"
"2555","5305631008","8","Threat Intel Manager, CBRN-E & Advanced Weapons","San Francisco, CA | New York City, NY | Washington, DC","Safeguards (Trust & Safety)","Washington, D.C.","Manager","Unspecified","Internship","Hybrid","HR","2026-07-08T15:01:56-04:00","2026-08-21T12:50:32-04:00","https://job-boards.greenhouse.io/anthropic/jobs/5305631008"
"2556","5302779008","8","Threat Intel Manager, Influence Operations & Surveillance","San Francisco, CA","Safeguards (Trust & Safety)","San Francisco, CA","Manager","Unspecified","Internship","Hybrid","Operations","2026-07-07T23:22:40-04:00","2026-08-21T12:50:32-04:00","https://job-boards.greenhouse.io/anthropic/jobs/5302779008"
"2557","5305476008","8","Threat Intel Manager, Model Exploitation & Fraud","San Francisco, CA","Safeguards (Trust & Safety)","San Francisco, CA","Manager","Unspecified","Internship","Hybrid","Risk & Security","2026-07-08T15:02:57-04:00","2026-08-21T12:50:32-04:00","https://job-boards.greenhouse.io/anthropic/jobs/5305476008"
"2558","4720576008","8","TPU Kernel Engineer","San Francisco, CA | New York City, NY | Seattle, WA","AI Research & Engineering","New York City, NY","Unspecified","Unspecified","Internship","Hybrid","Engineering","2025-05-22T16:19:35-04:00","2026-08-21T12:49:39-04:00","https://job-boards.greenhouse.io/anthropic/jobs/4720576008"
"2559","5398827008","8","Transaction Manager","Friendly, United States","Compute","Remote-Friendly US (Travel Required)","Manager","10+ years","Contract","Remote","Uncategorized","2026-08-24T11:38:10-04:00","2026-08-24T11:38:31-04:00","https://job-boards.greenhouse.io/anthropic/jobs/5398827008"
"2560","5398829008","8","Transaction Principal, EU","London, UK","Compute","London, UK","Principal","10+ years","Contract","Remote","Uncategorized","2026-08-24T11:38:42-04:00","2026-08-28T14:44:02-04:00","https://job-boards.greenhouse.io/anthropic/jobs/5398829008"
"2561","5149802008","8","Transformative AI Research Economist, Economic Research","San Francisco, CA","Public Benefit","San Francisco, CA","Unspecified","Unspecified","Internship","Hybrid","Uncategorized","2026-03-11T13:46:00-04:00","2026-08-21T12:50:01-04:00","https://job-boards.greenhouse.io/anthropic/jobs/5149802008"
"2562","5358114008","8","Treasury Director, Investments & Liquidity","Friendly (Travel Required) | San Francisco, CA","Finance","San Francisco, CA","Director","10+ years","Internship","Remote","Finance","2026-08-31T11:37:28-04:00","2026-08-31T11:37:28-04:00","https://job-boards.greenhouse.io/anthropic/jobs/5358114008"
"2563","5405913008","8","US Regional Manager, Data Center Capacity Delivery","San Francisco, CA | New York City, NY","Compute","Remote-Friendly US (Travel Required)","Manager","10+ years","Contract","Hybrid","Uncategorized","2026-08-25T15:50:46-04:00","2026-08-25T15:50:46-04:00","https://job-boards.greenhouse.io/anthropic/jobs/5405913008"
"2564","5194810008","8","Workday Business Systems Analyst, People Systems","San Francisco, CA","People","San Francisco, CA","Unspecified","7+ years","Internship","Hybrid","HR","2026-04-21T21:04:06-04:00","2026-08-21T12:50:08-04:00","https://job-boards.greenhouse.io/anthropic/jobs/5194810008"
"2565","8053751","9","Accountant, Cyprus","Cyprus","Finance & Accounting","Remote - Cyprus","Unspecified","3+ years","Internship","Remote","Uncategorized","2026-07-09T12:25:25-04:00","2026-08-28T10:51:50-04:00","https://www.coinbase.com/careers/positions/8053751?gh_jid=8053751"
"2566","7822885","9","Accounting Manager, GL Operations & Intercompany","Canada","Finance & Accounting","Remote - Canada","Manager","9+ years","Internship","Remote","Finance","2026-04-17T10:23:30-04:00","2026-07-06T20:34:18-04:00","https://www.coinbase.com/careers/positions/7822885?gh_jid=7822885"
"2567","8093264","9","Accounting Manager, GL Operations & Intercompany","USA","Finance & Accounting","US - Remote Zone 1 (Job Requisitions Only)","Manager","6+ years","Internship","Remote","Finance","2026-07-28T20:03:36-04:00","2026-08-03T14:09:55-04:00","https://www.coinbase.com/careers/positions/8093264?gh_jid=8093264"
"2568","7532645","9","Accounting Manager, Lending & Credit Products","USA","Finance & Accounting","US - Remote Zone 1 (Job Requisitions Only)","Manager","9+ years","Internship","Remote","Finance","2026-01-12T22:41:40-05:00","2026-08-24T01:18:06-04:00","https://www.coinbase.com/careers/positions/7532645?gh_jid=7532645"
"2569","8164862","9","Accounting Manager, Tokenized Equities","Abu Dhabi","Finance & Accounting","Remote - Abu Dhabi","Manager","Unspecified","Unspecified","Remote","Finance","2026-08-28T18:23:39-04:00","2026-08-28T18:25:44-04:00","https://www.coinbase.com/careers/positions/8164862?gh_jid=8164862"
"2570","7942306","9","AMLCO & Senior Compliance Associate","Cyprus","Legal & Compliance","Remote - Cyprus","Associate","4+ years","Internship","Remote","Risk & Security","2026-06-10T17:10:29-04:00","2026-08-21T06:18:52-04:00","https://www.coinbase.com/careers/positions/7942306?gh_jid=7942306"
"2571","7875558","9","Analyst, Business Controller","EMEA","Finance & Accounting","UK - Remote Zone 1 (Job Requisitions Only)","Unspecified","5+ years","Unspecified","Remote","Finance","2026-06-23T18:20:10-04:00","2026-07-13T18:10:43-04:00","https://www.coinbase.com/careers/positions/7875558?gh_jid=7875558"
"2572","8160489","9","Analyst II, Treasury Operations","USA","Finance & Accounting","US - Remote Zone 1 (Job Requisitions Only)","Unspecified","1+ years","Internship","Remote","Finance","2026-08-26T16:36:16-04:00","2026-08-26T16:36:16-04:00","https://www.coinbase.com/careers/positions/8160489?gh_jid=8160489"
"2573","8154987","9","Associate Manager, Internal Audit","UK","Finance & Accounting","UK - Remote Zone 1 (Job Requisitions Only)","Intern","6+ years","Internship","Remote","Finance","2026-08-24T16:07:27-04:00","2026-08-24T16:07:27-04:00","https://www.coinbase.com/careers/positions/8154987?gh_jid=8154987"
"2574","8080028","9","Associate Manager, Premium & Wealth","London, UK","Customer Experience","UK - Remote Zone 1 (Job Requisitions Only)","Associate","7+ years","Internship","Hybrid","Uncategorized","2026-07-22T19:23:41-04:00","2026-07-22T19:23:41-04:00","https://www.coinbase.com/careers/positions/8080028?gh_jid=8080028"
"2575","7980600","9","Business Operations Senior Associate, Institutional","USA","Business Operations & Strategy","US - Remote Zone 1 (Job Requisitions Only)","Associate","5+ years","Unspecified","Remote","Operations","2026-07-07T10:02:41-04:00","2026-07-07T10:02:41-04:00","https://www.coinbase.com/careers/positions/7980600?gh_jid=7980600"
"2576","8013889","9","Capacity Planning Lead","Bangalore, India","Customer Experience","Remote - India","Lead","4+ years","Contract","Hybrid","Uncategorized","2026-06-20T21:48:42-04:00","2026-06-20T21:48:42-04:00","https://www.coinbase.com/careers/positions/8013889?gh_jid=8013889"
"2577","8131316","9","Chief of Staff","USA","HR & Recruiting","US - Remote Zone 1 (Job Requisitions Only)","Staff","7+ years","Internship","Remote","Uncategorized","2026-08-14T19:15:15-04:00","2026-08-18T10:04:09-04:00","https://www.coinbase.com/careers/positions/8131316?gh_jid=8131316"
"2578","7746572","9","Communications Manager, Policy & Public Affairs","USA","Marketing & Communications","US - Remote Zone 1 (Job Requisitions Only)","Manager","7+ years","Unspecified","Remote","Marketing","2026-04-24T15:18:58-04:00","2026-07-17T16:29:11-04:00","https://www.coinbase.com/careers/positions/7746572?gh_jid=7746572"
"2579","8064692","9","Compliance, Threat & Risk Assessment Manager","USA","Compliance & AML Operations","US - Remote Zone 1 (Job Requisitions Only)","Manager","8+ years","Unspecified","Remote","Risk & Security","2026-07-14T13:32:12-04:00","2026-08-21T06:19:15-04:00","https://www.coinbase.com/careers/positions/8064692?gh_jid=8064692"
"2580","7994498","9","Concierge Specialist IV","Singapore","Customer Experience","Remote - Singapore","Unspecified","4+ years","Unspecified","Hybrid","Uncategorized","2026-06-12T15:22:25-04:00","2026-06-23T19:21:49-04:00","https://www.coinbase.com/careers/positions/7994498?gh_jid=7994498"
"2581","8031253","9","Concierge Specialist IV","London, UK","Customer Experience","UK - Remote Zone 1 (Job Requisitions Only)","Unspecified","4+ years","Unspecified","Hybrid","Uncategorized","2026-06-26T17:03:00-04:00","2026-07-09T19:18:23-04:00","https://www.coinbase.com/careers/positions/8031253?gh_jid=8031253"
"2582","8031308","9","Concierge Specialist IV","London, UK","Customer Experience","UK - Remote Zone 1 (Job Requisitions Only)","Unspecified","4+ years","Unspecified","Hybrid","Uncategorized","2026-06-26T17:02:56-04:00","2026-07-09T19:19:06-04:00","https://www.coinbase.com/careers/positions/8031308?gh_jid=8031308"
"2583","7994501","9","Concierge Specialist IV","Singapore","Customer Experience","Remote - Singapore","Unspecified","4+ years","Unspecified","Hybrid","Uncategorized","2026-06-10T20:35:39-04:00","2026-07-28T15:44:35-04:00","https://www.coinbase.com/careers/positions/7994501?gh_jid=7994501"
"2584","8030594","9","Counsel, Commercial","USA","Legal & Compliance","US - Remote Zone 1 (Job Requisitions Only)","Unspecified","5+ years","Unspecified","Remote","Legal","2026-06-29T12:32:52-04:00","2026-08-15T00:41:18-04:00","https://www.coinbase.com/careers/positions/8030594?gh_jid=8030594"
"2585","7602261","9","Counsel - Financial Services","UK","Legal & Compliance","UK - Remote Zone 1 (Job Requisitions Only)","Unspecified","5+ years","Internship","Remote","Legal","2026-02-10T13:31:38-05:00","2026-08-20T01:43:45-04:00","https://www.coinbase.com/careers/positions/7602261?gh_jid=7602261"
"2586","7606826","9","Country Director, India","India","International Expansion","Remote - India","Director","5+ years","Internship","Remote","Uncategorized","2026-02-11T21:31:11-05:00","2026-07-22T03:22:26-04:00","https://www.coinbase.com/careers/positions/7606826?gh_jid=7606826"
"2587","8131356","9","Credit Risk Analyst","USA","Finance & Accounting","US - Remote Zone 1 (Job Requisitions Only)","Unspecified","1+ years","Internship","Remote","Risk & Security","2026-08-14T19:57:07-04:00","2026-08-14T20:46:23-04:00","https://www.coinbase.com/careers/positions/8131356?gh_jid=8131356"
"2588","8160067","9","Customer Support Specialist ll","Hyderabad, India","Customer Experience","Office - Hyderabad, India","Unspecified","3+ years","Full-time","Remote","Support","2026-08-27T07:29:30-04:00","2026-08-27T07:29:30-04:00","https://www.coinbase.com/careers/positions/8160067?gh_jid=8160067"
"2589","8120315","9","Customer Support Supervisor","Manila, Philippines","Customer Experience","Remote - Philippines","Unspecified","6+ years","Unspecified","Remote","Support","2026-08-25T16:47:21-04:00","2026-08-25T16:48:14-04:00","https://www.coinbase.com/careers/positions/8120315?gh_jid=8120315"
"2590","8097446","9","Derivative Sales Analyst","UK","Institutional Sales, Trading, and Prime Services","UK - Remote Zone 1 (Job Requisitions Only)","Unspecified","2+ years","Unspecified","Remote","Sales","2026-08-05T16:12:32-04:00","2026-08-05T16:18:24-04:00","https://www.coinbase.com/careers/positions/8097446?gh_jid=8097446"
"2591","8021857","9","Derivative Sales Analyst (Prosumer Sales)","USA","Institutional Sales, Trading, and Prime Services","US - Remote Zone 2 (Job Requisitions Only)","Unspecified","2+ years","Unspecified","Remote","Sales","2026-06-22T15:17:54-04:00","2026-08-25T16:03:36-04:00","https://www.coinbase.com/careers/positions/8021857?gh_jid=8021857"
"2592","8068385","9","Director, Premium & Wealth","Charlotte, NC","Customer Experience","Office - Charlotte NC","Director","10+ years","Internship","Remote","Uncategorized","2026-07-16T15:40:09-04:00","2026-07-16T15:40:09-04:00","https://www.coinbase.com/careers/positions/8068385?gh_jid=8068385"
"2593","7741187","9","Engineering Manager - Customer Experience AI","India","Engineering - Managers","Remote - India","Manager","8+ years","Unspecified","Remote","Engineering","2026-03-22T23:26:32-04:00","2026-08-14T13:52:37-04:00","https://www.coinbase.com/careers/positions/7741187?gh_jid=7741187"
"2594","8138031","9","Engineering Manager - Platform (FinHub - Financial Intelligence)","USA","Engineering - Managers","US - Remote Zone 1 (Job Requisitions Only)","Manager","7+ years","Internship","Remote","Engineering","2026-08-17T18:49:48-04:00","2026-08-17T18:49:48-04:00","https://www.coinbase.com/careers/positions/8138031?gh_jid=8138031"
"2595","8154270","9","Engineer Manager, HR Applications","USA","Engineering - Managers","US - Remote Zone 1 (Job Requisitions Only)","Manager","8+ years","Internship","Remote","Engineering","2026-08-28T16:07:21-04:00","2026-08-28T16:07:21-04:00","https://www.coinbase.com/careers/positions/8154270?gh_jid=8154270"
"2596","8099099","9","Forward Deployed Engineer, Compliance [Office of the CTO]","USA","Engineering - Backend","US - Remote Zone 1 (Job Requisitions Only)","Chief","5+ years","Internship","Remote","Engineering","2026-07-31T16:56:36-04:00","2026-08-21T06:03:02-04:00","https://www.coinbase.com/careers/positions/8099099?gh_jid=8099099"
"2597","8072932","9","Forward Deployed Engineer, Finance [Office of the CTO]","USA","Engineering","US - Remote Zone 1 (Job Requisitions Only)","Chief","5+ years","Internship","Remote","Engineering","2026-07-22T11:44:57-04:00","2026-08-10T12:08:43-04:00","https://www.coinbase.com/careers/positions/8072932?gh_jid=8072932"
"2598","8060884","9","Forward Deployed Engineer, Legal [Office of the CTO]","USA","Legal & Compliance","US - Remote Zone 1 (Job Requisitions Only)","Chief","5+ years","Contract","Remote","Engineering","2026-07-13T19:51:05-04:00","2026-08-15T00:41:31-04:00","https://www.coinbase.com/careers/positions/8060884?gh_jid=8060884"
"2599","8070046","9","GFCO Program Manager","USA","Customer Experience","US - Remote Zone 3 (Job Requisitions Only)","Manager","8+ years","Unspecified","Remote","Program Management","2026-07-16T16:35:38-04:00","2026-07-16T16:35:38-04:00","https://www.coinbase.com/careers/positions/8070046?gh_jid=8070046"
"2600","8060662","9","Group Product Manager, Compliance Agent Experience","USA","Product","US - Remote Zone 1 (Job Requisitions Only)","Manager","10+ years","Internship","Remote","Product","2026-07-14T01:16:28-04:00","2026-07-21T18:36:02-04:00","https://www.coinbase.com/careers/positions/8060662?gh_jid=8060662"
"2601","7701642","9","Group Product Manager, Compliance Automation","USA","Product","US - Remote Zone 1 (Job Requisitions Only)","Manager","10+ years","Unspecified","Remote","Product","2026-06-12T17:08:36-04:00","2026-06-26T07:32:59-04:00","https://www.coinbase.com/careers/positions/7701642?gh_jid=7701642"
"2602","7997785","9","Group Product Manager, Core Infrastructure & Reliability","USA","Product","US - Remote Zone 1 (Job Requisitions Only)","Manager","10+ years","Unspecified","Remote","Engineering","2026-06-10T16:30:15-04:00","2026-06-19T18:00:31-04:00","https://www.coinbase.com/careers/positions/7997785?gh_jid=7997785"
"2603","8017607","9","Group Product Manager, Developer Infrastructure","USA","Product","US - Remote Zone 1 (Job Requisitions Only)","Manager","10+ years","Internship","Remote","Engineering","2026-06-19T15:25:19-04:00","2026-06-19T15:25:26-04:00","https://www.coinbase.com/careers/positions/8017607?gh_jid=8017607"
"2604","7789404","9","Group Product Manager, Financial Engineering","USA","Product","US - Remote Zone 1 (Job Requisitions Only)","Manager","10+ years","Unspecified","Remote","Engineering","2026-04-08T10:20:06-04:00","2026-06-26T12:24:14-04:00","https://www.coinbase.com/careers/positions/7789404?gh_jid=7789404"
"2605","7993445","9","Head of Finance, Canada","Canada","Finance & Accounting","Canada - Alberta","Head","13+ years","Unspecified","Remote","Finance","2026-06-09T14:08:22-04:00","2026-08-25T16:18:24-04:00","https://www.coinbase.com/careers/positions/7993445?gh_jid=7993445"
"2606","7304930","9","Head of Product Creative","USA","Product","US - Remote Zone 1 (Job Requisitions Only)","Head","7+ years","Unspecified","Remote","Uncategorized","2026-02-25T05:32:33-05:00","2026-07-21T14:19:20-04:00","https://www.coinbase.com/careers/positions/7304930?gh_jid=7304930"
"2607","7997879","9","HR Business Partner","USA","Finance & Accounting","US - Remote Zone 1 (Job Requisitions Only)","Unspecified","8+ years","Unspecified","Remote","Operations","2026-06-12T12:29:17-04:00","2026-08-18T10:03:47-04:00","https://www.coinbase.com/careers/positions/7997879?gh_jid=7997879"
"2608","8031603","9","Internal Audit Analyst","USA","Finance & Accounting","US - Remote Zone 1 (Job Requisitions Only)","Intern","3+ years","Internship","Remote","Finance","2026-06-26T18:34:25-04:00","2026-08-05T16:18:06-04:00","https://www.coinbase.com/careers/positions/8031603?gh_jid=8031603"
"2609","8109575","9","Internal Audit Analytics Associate","USA","Finance & Accounting","US - Remote Zone 1 (Job Requisitions Only)","Intern","2+ years","Internship","Remote","Data","2026-08-05T17:30:32-04:00","2026-08-14T20:51:13-04:00","https://www.coinbase.com/careers/positions/8109575?gh_jid=8109575"
"2610","7365422","9","Internal Audit IT Associate Manager","USA","Finance & Accounting","US - Remote Zone 1 (Job Requisitions Only)","Intern","6+ years","Internship","Remote","Finance","2025-10-31T18:21:11-04:00","2026-07-09T15:03:36-04:00","https://www.coinbase.com/careers/positions/7365422?gh_jid=7365422"
"2611","7755116","9","Internal Audit IT Manager","USA","Finance & Accounting","US - Remote Zone 1 (Job Requisitions Only)","Intern","8+ years","Internship","Remote","Finance","2026-03-27T13:27:19-04:00","2026-07-09T15:03:41-04:00","https://www.coinbase.com/careers/positions/7755116?gh_jid=7755116"
"2612","8097292","9","Internal Audit Manager","Luxembourg","Finance & Accounting","Remote - Luxembourg","Intern","8+ years","Internship","Remote","Finance","2026-07-30T15:05:41-04:00","2026-07-30T15:14:47-04:00","https://www.coinbase.com/careers/positions/8097292?gh_jid=8097292"
"2613","8114684","9","Internal Audit Senior Associate, Operations & Compliance","USA","Finance & Accounting","US - Remote Zone 1 (Job Requisitions Only)","Intern","5+ years","Internship","Remote","Finance","2026-08-07T18:15:32-04:00","2026-08-07T18:15:32-04:00","https://www.coinbase.com/careers/positions/8114684?gh_jid=8114684"
"2614","8097880","9","IT Service Desk Engineer","USA","IT","US - Remote Zone 3 (Job Requisitions Only)","Unspecified","5+ years","Unspecified","Remote","Engineering","2026-07-31T15:08:57-04:00","2026-08-25T20:02:57-04:00","https://www.coinbase.com/careers/positions/8097880?gh_jid=8097880"
"2615","8129321","9","Legal Ops Associate, OC Management","USA","Legal & Compliance","US - Remote Zone 1 (Job Requisitions Only)","Associate","3+ years","Unspecified","Remote","Legal","2026-08-13T20:32:31-04:00","2026-08-24T23:06:47-04:00","https://www.coinbase.com/careers/positions/8129321?gh_jid=8129321"
"2616","8030591","9","Litigation Paralegal","USA","Legal & Compliance","US - Remote Zone 1 (Job Requisitions Only)","Unspecified","5+ years","Internship","Remote","Legal","2026-06-29T13:40:57-04:00","2026-08-15T00:41:15-04:00","https://www.coinbase.com/careers/positions/8030591?gh_jid=8030591"
"2617","8072054","9","M&A and Accounting Policy Manager","USA","Finance & Accounting","US - Remote Zone 1 (Job Requisitions Only)","Manager","9+ years","Unspecified","Remote","Finance","2026-07-17T12:02:02-04:00","2026-07-17T12:02:02-04:00","https://www.coinbase.com/careers/positions/8072054?gh_jid=8072054"
"2618","7985187","9","Machine Learning Engineer","India","Machine Learning","Remote - India","Unspecified","2+ years","Internship","Remote","Engineering","2026-06-22T15:16:53-04:00","2026-07-30T12:40:45-04:00","https://www.coinbase.com/careers/positions/7985187?gh_jid=7985187"
"2619","8031260","9","Machine Learning Engineer, CX Intelligence","Brazil","Machine Learning","Remote - Brazil","Unspecified","3+ years","Internship","Remote","Engineering","2026-07-07T10:21:00-04:00","2026-08-25T12:33:38-04:00","https://www.coinbase.com/careers/positions/8031260?gh_jid=8031260"
"2620","8069671","9","Manager, Corporate Programs","USA","Program Management","US - Remote Zone 1 (Job Requisitions Only)","Manager","6+ years","Internship","Remote","Uncategorized","2026-07-17T15:07:44-04:00","2026-08-07T13:20:12-04:00","https://www.coinbase.com/careers/positions/8069671?gh_jid=8069671"
"2621","8001778","9","Manager, Derivatives Compliance","USA","Legal & Compliance","US - Remote Zone 1 (Job Requisitions Only)","Manager","7+ years","Contract","Remote","Risk & Security","2026-06-11T17:26:18-04:00","2026-08-21T06:18:56-04:00","https://www.coinbase.com/careers/positions/8001778?gh_jid=8001778"
"2622","8167666","9","Manager, GRC","USA","Security & Privacy","US - Remote Zone 1 (Job Requisitions Only)","Manager","8+ years","Unspecified","Remote","Uncategorized","2026-08-31T14:39:34-04:00","2026-08-31T14:39:34-04:00","https://www.coinbase.com/careers/positions/8167666?gh_jid=8167666"
"2623","7286062","9","Manager of Compliance Testing and Assurance","Luxembourg","Legal & Compliance","Remote - Luxembourg","Manager","5+ years","Internship","Hybrid","Risk & Security","2025-10-03T13:07:58-04:00","2026-07-16T12:45:54-04:00","https://www.coinbase.com/careers/positions/7286062?gh_jid=7286062"
"2624","8160771","9","Manager, Product Communications","USA","Marketing & Communications","US - Remote Zone 1 (Job Requisitions Only)","Manager","7+ years","Unspecified","Remote","Marketing","2026-08-26T21:06:16-04:00","2026-08-27T17:14:49-04:00","https://www.coinbase.com/careers/positions/8160771?gh_jid=8160771"
"2625","8089161","9","Manager, WFM Operations","USA","Customer Experience","US - Remote Zone 1 (Job Requisitions Only)","Manager","5+ years","Internship","Remote","Operations","2026-08-03T16:46:29-04:00","2026-08-03T16:46:29-04:00","https://www.coinbase.com/careers/positions/8089161?gh_jid=8089161"
"2626","8022718","9","Operations Manager, Bermuda","USA","Finance & Accounting","Remote - Bermuda","Manager","5+ years","Contract","Remote","Operations","2026-06-22T22:47:20-04:00","2026-08-25T16:47:50-04:00","https://www.coinbase.com/careers/positions/8022718?gh_jid=8022718"
"2627","7927054","9","Operations Manager, Bermuda","Bermuda","Finance & Accounting","Remote - Bermuda","Manager","5+ years","Contract","Remote","Operations","2026-06-08T15:25:23-04:00","2026-08-25T16:47:50-04:00","https://www.coinbase.com/careers/positions/7927054?gh_jid=7927054"
"2628","8050875","9","Operations Senior Associate","UK","International Operations","UK - Remote Zone 1 (Job Requisitions Only)","Associate","4+ years","Unspecified","Remote","Operations","2026-07-13T09:56:56-04:00","2026-08-31T17:30:30-04:00","https://www.coinbase.com/careers/positions/8050875?gh_jid=8050875"
"2629","8013718","9","Operations Senior Associate","Luxembourg","International Operations","Remote - Luxembourg","Associate","5+ years","Internship","Remote","Operations","2026-06-17T15:42:58-04:00","2026-08-14T15:27:43-04:00","https://www.coinbase.com/careers/positions/8013718?gh_jid=8013718"
"2630","7984814","9","Payments Risk Analyst II","USA","Risk & Fraud","US - Remote Zone 1 (Job Requisitions Only)","Unspecified","4+ years","Unspecified","Remote","Risk & Security","2026-06-08T10:46:41-04:00","2026-07-23T12:18:11-04:00","https://www.coinbase.com/careers/positions/7984814?gh_jid=7984814"
"2631","8160090","9","Payments Risk Analyst II","Hyderabad, India","Customer Experience","Office - Hyderabad, India","Unspecified","3+ years","Full-time","Remote","Risk & Security","2026-08-27T08:12:32-04:00","2026-08-27T08:12:32-04:00","https://www.coinbase.com/careers/positions/8160090?gh_jid=8160090"
"2632","8008372","9","Performance Marketing Manager, Global","USA","Marketing & Communications","US - Remote Zone 1 (Job Requisitions Only)","Manager","5+ years","Unspecified","Remote","Marketing","2026-06-15T14:51:25-04:00","2026-08-24T12:31:18-04:00","https://www.coinbase.com/careers/positions/8008372?gh_jid=8008372"
"2633","8013951","9","Prime Sales Trader","USA","Institutional Sales, Trading, and Prime Services","US - Remote Zone 1 (Job Requisitions Only)","Unspecified","3+ years","Internship","Remote","Sales","2026-06-17T17:49:34-04:00","2026-06-17T17:49:34-04:00","https://www.coinbase.com/careers/positions/8013951?gh_jid=8013951"
"2634","8106071","9","Principal Recruiter","Singapore","HR & Recruiting","Remote - Singapore","Principal","8+ years","Unspecified","Remote","HR","2026-08-07T13:50:05-04:00","2026-08-18T10:04:02-04:00","https://www.coinbase.com/careers/positions/8106071?gh_jid=8106071"
"2635","8050322","9","Principal Recruiter","USA","HR & Recruiting","US - Remote Zone 1 (Job Requisitions Only)","Principal","8+ years","Unspecified","Remote","HR","2026-07-08T17:33:55-04:00","2026-08-21T18:32:58-04:00","https://www.coinbase.com/careers/positions/8050322?gh_jid=8050322"
"2636","8126896","9","Product Designer II, Design Systems","USA","Design","US - Remote Zone 1 (Job Requisitions Only)","Unspecified","3+ years","Unspecified","Remote","Product","2026-08-12T17:41:17-04:00","2026-08-12T17:41:17-04:00","https://www.coinbase.com/careers/positions/8126896?gh_jid=8126896"
"2637","8148171","9","Product Manager II, Workspace and Multi-User","USA","Product","US - Remote Zone 1 (Job Requisitions Only)","Manager","5+ years","Internship","Remote","Product","2026-08-21T18:04:19-04:00","2026-08-21T18:04:19-04:00","https://www.coinbase.com/careers/positions/8148171?gh_jid=8148171"
"2638","7982771","9","Product Marketing Manager, Prediction Markets","USA","Marketing & Communications","US - Remote Zone 1 (Job Requisitions Only)","Manager","5+ years","Unspecified","Remote","Marketing","2026-06-10T17:59:41-04:00","2026-07-07T20:10:51-04:00","https://www.coinbase.com/careers/positions/7982771?gh_jid=7982771"
"2639","7572514","9","Product Marketing Manager, Prime & Markets","USA","Marketing & Communications","US - Remote Zone 2 (Job Requisitions Only)","Manager","5+ years","Unspecified","Remote","Marketing","2026-02-06T12:11:15-05:00","2026-08-27T23:23:39-04:00","https://www.coinbase.com/careers/positions/7572514?gh_jid=7572514"
"2640","8165389","9","Product Security Engineer","Canada","Security & Privacy","Remote - Canada","Unspecified","3+ years","Internship","Remote","Engineering","2026-08-28T19:32:47-04:00","2026-08-28T19:32:47-04:00","https://www.coinbase.com/careers/positions/8165389?gh_jid=8165389"
"2641","8078239","9","Regional Threat Assessment Manager","Singapore","Security & Privacy","Remote - Australia","Manager","7+ years","Unspecified","Remote","HR","2026-07-21T19:32:01-04:00","2026-07-22T23:59:54-04:00","https://www.coinbase.com/careers/positions/8078239?gh_jid=8078239"
"2642","8021644","9","Regional Threat Assessment Manager","Australia","Security & Privacy","Remote - Australia","Manager","7+ years","Unspecified","Remote","HR","2026-06-22T22:42:46-04:00","2026-06-22T22:51:20-04:00","https://www.coinbase.com/careers/positions/8021644?gh_jid=8021644"
"2643","8152576","9","Regulatory Compliance Manager - Capital Markets","Singapore","Legal & Compliance","Remote - Singapore","Manager","10+ years","Internship","Remote","Risk & Security","2026-08-26T03:38:20-04:00","2026-08-26T03:38:20-04:00","https://www.coinbase.com/careers/positions/8152576?gh_jid=8152576"
"2644","7774051","9","Risk Manager - Country & Operational Risk","UK","Finance & Accounting","UK - Remote Zone 1 (Job Requisitions Only)","Manager","10+ years","Internship","Remote","Risk & Security","2026-04-08T12:40:48-04:00","2026-07-30T17:20:49-04:00","https://www.coinbase.com/careers/positions/7774051?gh_jid=7774051"
"2645","8049976","9","Risk & Monitoring Analyst IV","UK","Customer Experience","UK - Remote Zone 1 (Job Requisitions Only)","Unspecified","6+ years","Unspecified","Remote","Risk & Security","2026-07-07T20:52:16-04:00","2026-08-06T19:17:43-04:00","https://www.coinbase.com/careers/positions/8049976?gh_jid=8049976"
"2646","8030686","9","Risk & Monitoring Analyst IV","Dublin, Ireland","Customer Experience","Dublin","Unspecified","6+ years","Unspecified","Remote","Risk & Security","2026-06-26T17:45:39-04:00","2026-06-26T17:48:50-04:00","https://www.coinbase.com/careers/positions/8030686?gh_jid=8030686"
"2647","8052192","9","SAM Compliance Lead Analyst","Luxembourg","Customer Experience","Remote - Luxembourg","Lead","3+ years","Internship","Hybrid","Risk & Security","2026-07-08T16:08:39-04:00","2026-07-08T16:08:39-04:00","https://www.coinbase.com/careers/positions/8052192?gh_jid=8052192"
"2648","8147669","9","Screening Analyst II","Hyderabad, India","Customer Experience","Remote - India","Unspecified","2+ years","Internship","Remote","Uncategorized","2026-08-27T08:34:27-04:00","2026-08-27T08:34:27-04:00","https://www.coinbase.com/careers/positions/8147669?gh_jid=8147669"
"2649","8157661","9","Senior Accountant, Brokerage and Derivatives","New York City, NY","Finance & Accounting","US - Remote Zone 1 (Job Requisitions Only)","Senior","7+ years","Internship","Remote","Uncategorized","2026-08-25T16:24:28-04:00","2026-08-25T16:24:28-04:00","https://www.coinbase.com/careers/positions/8157661?gh_jid=8157661"
"2650","8067443","9","Senior Analyst, Compliance Technology","USA","Compliance & AML Operations","US - Remote Zone 1 (Job Requisitions Only)","Senior","5+ years","Unspecified","Remote","Risk & Security","2026-07-15T12:37:35-04:00","2026-08-04T16:18:07-04:00","https://www.coinbase.com/careers/positions/8067443?gh_jid=8067443"
"2651","8024880","9","Senior Analytics Engineer, GFCO Analytics","USA","Customer Experience","US - Remote Zone 1 (Job Requisitions Only)","Senior","5+ years","Unspecified","Remote","Engineering","2026-06-25T19:35:31-04:00","2026-08-25T15:19:00-04:00","https://www.coinbase.com/careers/positions/8024880?gh_jid=8024880"
"2652","8070386","9","Senior Associate, Business Development","USA","Business Development & Partnerships","US - Remote Zone 1 (Job Requisitions Only)","Associate","5+ years","Contract","Remote","Sales","2026-07-17T12:03:27-04:00","2026-08-13T16:16:22-04:00","https://www.coinbase.com/careers/positions/8070386?gh_jid=8070386"
"2653","8060577","9","Senior Associate, FCM","USA","Finance & Accounting","US - Remote Zone 1 (Job Requisitions Only)","Associate","5+ years","Unspecified","Remote","Uncategorized","2026-07-16T12:44:38-04:00","2026-08-25T12:03:46-04:00","https://www.coinbase.com/careers/positions/8060577?gh_jid=8060577"
"2654","8096740","9","Senior Business Controller","USA","Finance & Accounting","US - Remote Zone 1 (Job Requisitions Only)","Senior","5+ years","Internship","Remote","Finance","2026-07-30T13:09:10-04:00","2026-07-30T13:09:10-04:00","https://www.coinbase.com/careers/positions/8096740?gh_jid=8096740"
"2655","7611263","9","Senior Compliance Associate","Luxembourg","Legal & Compliance","Remote - Luxembourg","Associate","5+ years","Internship","Hybrid","Risk & Security","2026-02-18T06:28:52-05:00","2026-08-27T04:08:27-04:00","https://www.coinbase.com/careers/positions/7611263?gh_jid=7611263"
"2656","8069582","9","Senior Counsel, Product","USA","Legal & Compliance","US - Remote Zone 1 (Job Requisitions Only)","Senior","7+ years","Internship","Remote","Legal","2026-07-16T21:13:47-04:00","2026-08-15T00:41:21-04:00","https://www.coinbase.com/careers/positions/8069582?gh_jid=8069582"
"2657","7994338","9","Senior Counsel, Shareholder Litigation","USA","Legal & Compliance","US - Remote Zone 1 (Job Requisitions Only)","Senior","7+ years","Unspecified","Remote","Legal","2026-06-11T17:55:38-04:00","2026-08-15T00:41:12-04:00","https://www.coinbase.com/careers/positions/7994338?gh_jid=7994338"
"2658","8147917","9","Senior Data Scientist","Singapore","Data Science","Remote - Singapore","Senior","5+ years","Internship","Remote","Data","2026-08-21T16:42:50-04:00","2026-08-21T16:49:20-04:00","https://www.coinbase.com/careers/positions/8147917?gh_jid=8147917"
"2659","8009392","9","Senior Data Scientist, CX Analytics","USA","Data Science","US - Remote Zone 1 (Job Requisitions Only)","Senior","5+ years","Unspecified","Remote","Data","2026-06-16T11:12:04-04:00","2026-06-24T10:31:37-04:00","https://www.coinbase.com/careers/positions/8009392?gh_jid=8009392"
"2660","8124224","9","Senior Engineering Manager, Core Automation (Platform)","USA","Engineering - Managers","US - Remote Zone 1 (Job Requisitions Only)","Senior","10+ years","Internship","Remote","Engineering","2026-08-12T01:44:55-04:00","2026-08-12T01:44:55-04:00","https://www.coinbase.com/careers/positions/8124224?gh_jid=8124224"
"2661","7652048","9","Senior Enterprise Engineer - Salesforce Platform (EAA - STP)","USA","Enterprise Applications","US - Remote Zone 1 (Job Requisitions Only)","Senior","6+ years","Contract","Remote","Engineering","2026-02-26T13:57:36-05:00","2026-08-03T17:58:15-04:00","https://www.coinbase.com/careers/positions/7652048?gh_jid=7652048"
"2662","8084049","9","Senior Enterprise Product  Marketing Manager, Base","USA","Marketing & Communications","US - Remote Zone 1 (Job Requisitions Only)","Senior","6+ years","Unspecified","Remote","Marketing","2026-07-24T15:58:07-04:00","2026-07-27T16:43:23-04:00","https://www.coinbase.com/careers/positions/8084049?gh_jid=8084049"
"2663","7993006","9","Senior Finance & Strategy Analyst, Consumer","USA","Finance & Accounting","US - Remote Zone 1 (Job Requisitions Only)","Senior","5+ years","Unspecified","Remote","Finance","2026-06-09T11:43:31-04:00","2026-06-17T21:47:47-04:00","https://www.coinbase.com/careers/positions/7993006?gh_jid=7993006"
"2664","8162911","9","Senior Internal Communications Manager","USA","Marketing & Communications","US - Remote Zone 1 (Job Requisitions Only)","Intern","10+ years","Internship","Remote","Marketing","2026-08-27T19:57:45-04:00","2026-08-27T19:57:45-04:00","https://www.coinbase.com/careers/positions/8162911?gh_jid=8162911"
"2665","8162914","9","Senior Internal Communications Manager, People","USA","Marketing & Communications","US - Remote Zone 1 (Job Requisitions Only)","Intern","10+ years","Internship","Remote","Marketing","2026-08-27T20:06:32-04:00","2026-08-31T05:18:54-04:00","https://www.coinbase.com/careers/positions/8162914?gh_jid=8162914"
"2666","8054055","9","Senior IT Automation Engineer","India","IT","Remote - India","Senior","5+ years","Temporary","Remote","Engineering","2026-07-09T14:24:09-04:00","2026-07-29T12:47:45-04:00","https://www.coinbase.com/careers/positions/8054055?gh_jid=8054055"
"2667","8095207","9","Senior IT Automation Engineer","USA","IT","US - Remote Zone 1 (Job Requisitions Only)","Senior","5+ years","Temporary","Remote","Engineering","2026-07-29T16:57:08-04:00","2026-08-25T13:32:57-04:00","https://www.coinbase.com/careers/positions/8095207?gh_jid=8095207"
"2668","7739592","9","Senior Machine Learning Engineer","India","Enterprise Applications","Remote - India","Senior","5+ years","Internship","Remote","Engineering","2026-06-10T10:56:02-04:00","2026-06-22T12:59:07-04:00","https://www.coinbase.com/careers/positions/7739592?gh_jid=7739592"
"2669","8008569","9","Senior Machine Learning Engineer, CX Intelligence","Brazil","Machine Learning","Remote - Brazil","Senior","5+ years","Internship","Remote","Engineering","2026-06-15T16:09:36-04:00","2026-08-25T12:33:29-04:00","https://www.coinbase.com/careers/positions/8008569?gh_jid=8008569"
"2670","7948222","9","Senior Manager, Finance & Strategy","USA","Finance & Accounting","US - Remote Zone 1 (Job Requisitions Only)","Senior","8+ years","Unspecified","Remote","Finance","2026-06-09T12:24:25-04:00","2026-06-09T19:23:24-04:00","https://www.coinbase.com/careers/positions/7948222?gh_jid=7948222"
"2671","8023815","9","Senior Manager, Institutional Sales","UAE","Institutional Sales, Trading, and Prime Services","Remote - United Arab Emirates","Senior","10+ years","Unspecified","Remote","Sales","2026-06-23T14:58:13-04:00","2026-08-07T19:02:57-04:00","https://www.coinbase.com/careers/positions/8023815?gh_jid=8023815"
"2672","8110496","9","Senior Manager Product Operations, FCM Ops","USA","Finance & Accounting","US - Remote Zone 1 (Job Requisitions Only)","Senior","Unspecified","Internship","Remote","Operations","2026-08-06T00:37:18-04:00","2026-08-06T00:37:18-04:00","https://www.coinbase.com/careers/positions/8110496?gh_jid=8110496"
"2673","8051630","9","Senior Manager, Recruiting","USA","HR & Recruiting","US - Remote Zone 1 (Job Requisitions Only)","Senior","10+ years","Unspecified","Remote","HR","2026-07-29T15:37:17-04:00","2026-08-18T10:03:52-04:00","https://www.coinbase.com/careers/positions/8051630?gh_jid=8051630"
"2674","7997926","9","Senior Manager, Security Audit","USA","Finance & Accounting","US - Remote Zone 1 (Job Requisitions Only)","Senior","12+ years","Internship","Remote","Finance","2026-06-10T17:01:35-04:00","2026-08-06T16:46:53-04:00","https://www.coinbase.com/careers/positions/7997926?gh_jid=7997926"
"2675","8114474","9","Senior Product Designer, Coinbase One","USA","Design","US - Remote Zone 1 (Job Requisitions Only)","Senior","5+ years","Unspecified","Remote","Product","2026-08-07T13:26:58-04:00","2026-08-07T13:31:21-04:00","https://www.coinbase.com/careers/positions/8114474?gh_jid=8114474"
"2676","8008033","9","Senior Product Manager, CX & AI Tooling","Charlotte, NC","Product","US - Remote Zone 2 (Job Requisitions Only)","Senior","5+ years","Internship","Remote","Product","2026-06-15T12:58:37-04:00","2026-08-28T13:48:04-04:00","https://www.coinbase.com/careers/positions/8008033?gh_jid=8008033"
"2677","8031208","9","Senior Product Manager, Help Center (CX Automation)","India","Enterprise Applications","Remote - India","Senior","5+ years","Internship","Remote","Product","2026-07-06T17:04:46-04:00","2026-07-06T17:04:46-04:00","https://www.coinbase.com/careers/positions/8031208?gh_jid=8031208"
"2678","8077090","9","Senior Product Marketing Manager, Trading","USA","Marketing & Communications","US - Remote Zone 1 (Job Requisitions Only)","Senior","8+ years","Unspecified","Remote","Marketing","2026-08-10T15:18:26-04:00","2026-08-10T15:18:26-04:00","https://www.coinbase.com/careers/positions/8077090?gh_jid=8077090"
"2679","8064788","9","Senior Recruiter","USA","HR & Recruiting","US - Remote Zone 1 (Job Requisitions Only)","Senior","5+ years","Unspecified","Remote","HR","2026-08-06T22:17:58-04:00","2026-08-18T10:03:54-04:00","https://www.coinbase.com/careers/positions/8064788?gh_jid=8064788"
"2680","7961318","9","Senior Software Engineer","USA","Enterprise Applications","US - Remote Zone 1 (Job Requisitions Only)","Senior","5+ years","Unspecified","Remote","Engineering","2026-06-09T15:08:03-04:00","2026-06-12T14:48:07-04:00","https://www.coinbase.com/careers/positions/7961318?gh_jid=7961318"
"2681","8021647","9","Senior Software Engineer","USA","Engineering - Security","US - Remote Zone 1 (Job Requisitions Only)","Senior","5+ years","Unspecified","Remote","Engineering","2026-06-24T14:39:38-04:00","2026-08-31T17:51:50-04:00","https://www.coinbase.com/careers/positions/8021647?gh_jid=8021647"
"2682","8092651","9","Senior Software Engineer, Backend (Consumer - Growth Foundations)","Canada","Engineering - Backend","Remote - Canada","Senior","5+ years","Internship","Remote","Engineering","2026-07-28T15:33:16-04:00","2026-07-28T15:33:16-04:00","https://www.coinbase.com/careers/positions/8092651?gh_jid=8092651"
"2683","7930686","9","Senior Software Engineer, Backend (Consumer - Risk)","Canada","Engineering - Backend","Remote - Canada","Senior","5+ years","Unspecified","Remote","Engineering","2026-06-08T13:57:31-04:00","2026-06-08T13:57:31-04:00","https://www.coinbase.com/careers/positions/7930686?gh_jid=7930686"
"2684","8051871","9","Senior Software Engineer, Backend - Platform (Core AI Automation)","USA","Engineering - Backend","US - Remote Zone 1 (Job Requisitions Only)","Senior","5+ years","Unspecified","Remote","Engineering","2026-07-21T14:04:21-04:00","2026-07-22T12:22:55-04:00","https://www.coinbase.com/careers/positions/8051871?gh_jid=8051871"
"2685","8095252","9","Senior Software Engineer, Backend - Platform (Tokens & Wrapped Assets)","USA","Engineering - Backend","US - Remote Zone 1 (Job Requisitions Only)","Senior","5+ years","Contract","Remote","Engineering","2026-07-30T09:25:46-04:00","2026-08-03T13:50:36-04:00","https://www.coinbase.com/careers/positions/8095252?gh_jid=8095252"
"2686","7967649","9","Senior Software Engineer - Blockchain Network","USA","Engineering - Backend","US - Remote Zone 1 (Job Requisitions Only)","Senior","5+ years","Contract","Remote","Engineering","2026-06-17T19:11:31-04:00","2026-07-23T12:48:07-04:00","https://www.coinbase.com/careers/positions/7967649?gh_jid=7967649"
"2687","8105437","9","Senior Software Engineer, Blockchain Platform Nodes","USA","Engineering","US - Remote Zone 1 (Job Requisitions Only)","Senior","5+ years","Unspecified","Remote","Engineering","2026-08-20T12:21:28-04:00","2026-08-20T12:21:28-04:00","https://www.coinbase.com/careers/positions/8105437?gh_jid=8105437"
"2688","7701645","9","Senior Software Engineer, Compute Platform","USA","Engineering - Infrastructure","US - Remote Zone 1 (Job Requisitions Only)","Senior","5+ years","Unspecified","Remote","Engineering","2026-06-15T18:53:46-04:00","2026-08-27T12:15:09-04:00","https://www.coinbase.com/careers/positions/7701645?gh_jid=7701645"
"2689","8067033","9","Senior Software Engineer, Consumer","Singapore","Engineering","Remote - Singapore","Senior","5+ years","Unspecified","Remote","Engineering","2026-07-15T10:30:12-04:00","2026-08-26T23:01:01-04:00","https://www.coinbase.com/careers/positions/8067033?gh_jid=8067033"
"2690","7847431","9","Senior Software Engineer, Core AI Infrastructure","USA","IT","US - Remote Zone 1 (Job Requisitions Only)","Senior","5+ years","Contract","Remote","Engineering","2026-06-08T19:33:59-04:00","2026-07-23T15:17:15-04:00","https://www.coinbase.com/careers/positions/7847431?gh_jid=7847431"
"2691","8097944","9","Senior Software Engineer, Core Reliability","Canada","Engineering - Infrastructure","Remote - Canada","Senior","5+ years","Unspecified","Remote","Engineering","2026-07-30T20:09:18-04:00","2026-07-30T20:09:18-04:00","https://www.coinbase.com/careers/positions/8097944?gh_jid=8097944"
"2692","8082199","9","Senior Software Engineer, Data Engineering Platform","USA","Engineering - Backend","US - Remote Zone 1 (Job Requisitions Only)","Senior","7+ years","Internship","Remote","Engineering","2026-07-24T15:33:43-04:00","2026-08-06T18:57:15-04:00","https://www.coinbase.com/careers/positions/8082199?gh_jid=8082199"
"2693","8064873","9","Senior Software Engineer, Data Layer","USA","Engineering - Backend","Remote - Singapore","Senior","5+ years","Unspecified","Remote","Engineering","2026-07-23T13:18:57-04:00","2026-08-27T16:02:55-04:00","https://www.coinbase.com/careers/positions/8064873?gh_jid=8064873"
"2694","7483221","9","Senior Software Engineer (EAA)","USA","Enterprise Applications","US - Remote Zone 1 (Job Requisitions Only)","Senior","5+ years","Unspecified","Remote","Engineering","2025-12-19T12:17:18-05:00","2026-07-09T10:13:16-04:00","https://www.coinbase.com/careers/positions/7483221?gh_jid=7483221"
"2695","8088201","9","Senior Software Engineer - Frontend - Coinbase Card team","USA","Engineering - Frontend","US - Remote Zone 1 (Job Requisitions Only)","Senior","5+ years","Unspecified","Remote","Engineering","2026-07-28T13:00:31-04:00","2026-08-13T18:36:49-04:00","https://www.coinbase.com/careers/positions/8088201?gh_jid=8088201"
"2696","8029035","9","Senior Software Engineer, Frontend (Consumer - Payments)","USA","Engineering - Frontend","US - Remote Zone 1 (Job Requisitions Only)","Senior","5+ years","Unspecified","Remote","Engineering","2026-06-25T15:02:55-04:00","2026-08-28T18:32:54-04:00","https://www.coinbase.com/careers/positions/8029035?gh_jid=8029035"
"2697","8165015","9","Senior Software Engineer, Frontend (Platform - Identity)","USA","Engineering - Frontend","US - Remote Zone 1 (Job Requisitions Only)","Senior","5+ years","Unspecified","Remote","Engineering","2026-08-28T15:54:28-04:00","2026-08-28T15:56:50-04:00","https://www.coinbase.com/careers/positions/8165015?gh_jid=8165015"
"2698","8146039","9","Senior Software Engineer (Platform - Access & Authorization)","USA","Engineering - Backend","US - Remote Zone 1 (Job Requisitions Only)","Senior","5+ years","Unspecified","Remote","Engineering","2026-08-21T17:05:50-04:00","2026-08-21T17:05:50-04:00","https://www.coinbase.com/careers/positions/8146039?gh_jid=8146039"
"2699","8103569","9","Senior Software Engineer, Simple Trade Experience","USA","Engineering","US - Remote Zone 1 (Job Requisitions Only)","Senior","5+ years","Unspecified","Remote","Engineering","2026-08-18T09:06:07-04:00","2026-08-18T09:17:58-04:00","https://www.coinbase.com/careers/positions/8103569?gh_jid=8103569"
"2700","8104873","9","Senior Software Engineer, Stablecoins","USA","Engineering - Backend","US - Remote Zone 1 (Job Requisitions Only)","Senior","5+ years","Contract","Remote","Engineering","2026-08-06T17:49:43-04:00","2026-08-06T17:52:33-04:00","https://www.coinbase.com/careers/positions/8104873?gh_jid=8104873"
"2701","7866674","9","Senior Software Engineer - Trading","Singapore","Engineering - Backend","Remote - Singapore","Senior","5+ years","Unspecified","Remote","Engineering","2026-04-29T22:28:35-04:00","2026-07-06T02:50:09-04:00","https://www.coinbase.com/careers/positions/7866674?gh_jid=7866674"
"2702","8017697","9","Senior Sourcing Analyst","USA","Finance & Accounting","US - Remote Zone 1 (Job Requisitions Only)","Senior","5+ years","Contract","Remote","Uncategorized","2026-07-14T15:26:37-04:00","2026-07-14T15:26:37-04:00","https://www.coinbase.com/careers/positions/8017697?gh_jid=8017697"
"2703","7366208","9","Senior Staff Software Engineer - Blockchain Platform","USA","Engineering - Backend","US - Remote Zone 1 (Job Requisitions Only)","Senior","12+ years","Unspecified","Remote","Engineering","2026-06-17T19:23:13-04:00","2026-07-15T16:18:54-04:00","https://www.coinbase.com/careers/positions/7366208?gh_jid=7366208"
"2704","7580292","9","Senior Staff Software Engineer, Core Automation","USA","Engineering - Backend","US - Remote Zone 1 (Job Requisitions Only)","Senior","12+ years","Unspecified","Remote","Engineering","2026-01-30T17:01:13-05:00","2026-07-15T16:18:51-04:00","https://www.coinbase.com/careers/positions/7580292?gh_jid=7580292"
"2705","7711287","9","Senior Staff Software Engineer, Data Platform","USA","Engineering","US - Remote Zone 1 (Job Requisitions Only)","Senior","12+ years","Unspecified","Remote","Engineering","2026-03-12T10:35:57-04:00","2026-06-23T19:49:36-04:00","https://www.coinbase.com/careers/positions/7711287?gh_jid=7711287"
"2706","8060842","9","Senior Staff Software Engineer, Payments","Canada","Engineering - Backend","US - Remote Zone 1 (Job Requisitions Only)","Senior","10+ years","Unspecified","Remote","Engineering","2026-07-13T17:44:59-04:00","2026-07-13T17:45:21-04:00","https://www.coinbase.com/careers/positions/8060842?gh_jid=8060842"
"2707","8056068","9","Senior Staff Software Engineer, Payments","USA","Engineering - Backend","US - Remote Zone 1 (Job Requisitions Only)","Senior","10+ years","Unspecified","Remote","Engineering","2026-07-13T17:43:35-04:00","2026-07-22T11:04:14-04:00","https://www.coinbase.com/careers/positions/8056068?gh_jid=8056068"
"2708","8126484","9","Senior Talent Program Manager","USA","HR & Recruiting","US - Remote Zone 1 (Job Requisitions Only)","Senior","7+ years","Unspecified","Remote","Program Management","2026-08-13T17:21:30-04:00","2026-08-18T10:04:05-04:00","https://www.coinbase.com/careers/positions/8126484?gh_jid=8126484"
"2709","8147657","9","Social Support Specialist I","Manila, Philippines","Customer Experience","Office-Manila, Philippines","Unspecified","2+ years","Internship","Remote","Support","2026-08-26T10:47:57-04:00","2026-08-26T10:47:57-04:00","https://www.coinbase.com/careers/positions/8147657?gh_jid=8147657"
"2710","8003605","9","Software Engineer","Charlotte, NC","Enterprise Applications","US - Remote Zone 3 (Job Requisitions Only)","Unspecified","2+ years","Unspecified","Remote","Engineering","2026-06-17T09:41:58-04:00","2026-06-26T14:29:14-04:00","https://www.coinbase.com/careers/positions/8003605?gh_jid=8003605"
"2711","8164730","9","Software Engineer, CDP - Payment Acceptance","USA","Engineering","US - Remote Zone 1 (Job Requisitions Only)","Unspecified","3+ years","Temporary","Remote","Engineering","2026-08-28T15:49:07-04:00","2026-08-28T15:50:04-04:00","https://www.coinbase.com/careers/positions/8164730?gh_jid=8164730"
"2712","8092485","9","Software Engineer, CDP - Stablecoin","Canada","Engineering - Backend","Canada - Ontario","Unspecified","2+ years","Contract","Remote","Engineering","2026-08-06T18:45:59-04:00","2026-08-17T16:17:38-04:00","https://www.coinbase.com/careers/positions/8092485?gh_jid=8092485"
"2713","8100066","9","Software Engineer, EAA","Brazil","Enterprise Applications","Remote - Brazil","Unspecified","4+ years","Unspecified","Remote","Engineering","2026-07-31T15:41:45-04:00","2026-08-25T12:33:42-04:00","https://www.coinbase.com/careers/positions/8100066?gh_jid=8100066"
"2714","7558051","9","Software Engineer, EAA Integrations","India","Enterprise Applications","Remote - India","Unspecified","2+ years","Unspecified","Remote","Engineering","2026-01-26T10:04:36-05:00","2026-06-22T15:08:18-04:00","https://www.coinbase.com/careers/positions/7558051?gh_jid=7558051"
"2715","8024814","9","Software Engineer, Enterprise Apps","Brazil","Engineering - Backend","Remote - Brazil","Unspecified","5+ years","Unspecified","Remote","Engineering","2026-06-23T18:39:42-04:00","2026-08-25T12:33:23-04:00","https://www.coinbase.com/careers/positions/8024814?gh_jid=8024814"
"2716","8165441","9","Software Engineer, Security Platform","India","Security & Privacy","Remote - India","Unspecified","3+ years","Internship","Remote","Engineering","2026-08-28T19:26:26-04:00","2026-08-28T19:26:55-04:00","https://www.coinbase.com/careers/positions/8165441?gh_jid=8165441"
"2717","8056065","9","Solutions Architect","New York, NY","Institutional Sales, Trading, and Prime Services","US - Remote Zone 1 (Job Requisitions Only)","Unspecified","3+ years","Unspecified","Hybrid","Solutions Architecture","2026-07-13T11:53:23-04:00","2026-08-19T14:12:43-04:00","https://www.coinbase.com/careers/positions/8056065?gh_jid=8056065"
"2718","8096720","9","Solutions Architect","London, UK","Institutional Sales, Trading, and Prime Services","US - Remote Zone 1 (Job Requisitions Only)","Unspecified","3+ years","Unspecified","Hybrid","Solutions Architecture","2026-07-30T12:33:07-04:00","2026-08-19T14:12:51-04:00","https://www.coinbase.com/careers/positions/8096720?gh_jid=8096720"
"2719","8122777","9","Specialist, CSIRT","India","Security & Privacy","Remote - India","Unspecified","3+ years","Unspecified","Remote","Uncategorized","2026-08-11T16:46:47-04:00","2026-08-11T22:33:52-04:00","https://www.coinbase.com/careers/positions/8122777?gh_jid=8122777"
"2720","8126403","9","Specialist, Treasury & Banking Operations","USA","Finance & Accounting","US - Remote Zone 1 (Job Requisitions Only)","Unspecified","2+ years","Internship","Remote","Finance","2026-08-12T17:30:19-04:00","2026-08-31T12:04:12-04:00","https://www.coinbase.com/careers/positions/8126403?gh_jid=8126403"
"2721","8024968","9","Sr. Compensation Business Partner","USA","HR & Recruiting","US - Remote Zone 1 (Job Requisitions Only)","Senior","8+ years","Unspecified","Remote","Operations","2026-06-23T21:35:04-04:00","2026-08-18T10:03:43-04:00","https://www.coinbase.com/careers/positions/8024968?gh_jid=8024968"
"2722","8144772","9","Sr. Staff Technical Architect, Unified Trading","USA","Institutional Sales, Trading, and Prime Services","US - Remote Zone 1 (Job Requisitions Only)","Senior","Unspecified","Unspecified","Remote","Uncategorized","2026-08-20T16:19:35-04:00","2026-08-25T12:36:05-04:00","https://www.coinbase.com/careers/positions/8144772?gh_jid=8144772"
"2723","8144776","9","Sr. Staff Technical Risk Architect, Unified Trading","USA","Institutional Sales, Trading, and Prime Services","US - Remote Zone 1 (Job Requisitions Only)","Senior","Unspecified","Unspecified","Remote","Risk & Security","2026-08-21T14:32:14-04:00","2026-08-25T12:37:12-04:00","https://www.coinbase.com/careers/positions/8144776?gh_jid=8144776"
"2724","8154856","9","Sr. Systems Analyst, Finance, Enterprise Apps","USA","Customer Experience","US - Remote Zone 1 (Job Requisitions Only)","Senior","5+ years","Unspecified","Remote","Finance","2026-08-25T15:22:23-04:00","2026-08-31T15:10:33-04:00","https://www.coinbase.com/careers/positions/8154856?gh_jid=8154856"
"2725","8104148","9","Staff Analytics Engineer, Compliance Data","USA","Data Science","US - Remote Zone 1 (Job Requisitions Only)","Staff","8+ years","Contract","Remote","Engineering","2026-08-06T17:32:09-04:00","2026-08-06T17:32:09-04:00","https://www.coinbase.com/careers/positions/8104148?gh_jid=8104148"
"2726","8083051","9","Staff Applied Data Scientist, Pricing","USA","Data Science","US - Remote Zone 1 (Job Requisitions Only)","Staff","8+ years","Unspecified","Remote","Data","2026-07-24T20:12:22-04:00","2026-08-14T16:47:47-04:00","https://www.coinbase.com/careers/positions/8083051?gh_jid=8083051"
"2727","8144836","9","Staff Data Engineer, Market Data","USA","Engineering","US - Remote Zone 1 (Job Requisitions Only)","Staff","5+ years","Unspecified","Remote","Engineering","2026-08-20T17:05:21-04:00","2026-08-20T17:05:21-04:00","https://www.coinbase.com/careers/positions/8144836?gh_jid=8144836"
"2728","8144769","9","Staff Infrastructure Engineer, Trading","USA","Engineering","US - Remote Zone 1 (Job Requisitions Only)","Staff","8+ years","Unspecified","Remote","Engineering","2026-08-20T16:42:47-04:00","2026-08-20T16:42:47-04:00","https://www.coinbase.com/careers/positions/8144769?gh_jid=8144769"
"2729","8148396","9","Staff IT Technical Program Manager","USA","IT","US - Remote Zone 1 (Job Requisitions Only)","Staff","5+ years","Unspecified","Remote","Program Management","2026-08-24T13:05:38-04:00","2026-08-24T13:05:38-04:00","https://www.coinbase.com/careers/positions/8148396?gh_jid=8148396"
"2730","7891045","9","Staff Machine Learning Engineer(Platform - Identity)","USA","Machine Learning","US - Remote Zone 1 (Job Requisitions Only)","Staff","8+ years","Unspecified","Remote","Engineering","2026-06-10T12:54:42-04:00","2026-06-12T16:43:31-04:00","https://www.coinbase.com/careers/positions/7891045?gh_jid=7891045"
"2731","8014564","9","Staff Product Designer (Experience & Engagement)","USA","Design","US - Remote Zone 1 (Job Requisitions Only)","Staff","7+ years","Internship","Remote","Product","2026-06-26T19:47:05-04:00","2026-06-26T19:47:05-04:00","https://www.coinbase.com/careers/positions/8014564?gh_jid=8014564"
"2732","8064324","9","Staff Product Designer, Financial Services Lead","USA","Design","US - Remote Zone 1 (Job Requisitions Only)","Lead","8+ years","Unspecified","Remote","Product","2026-08-07T13:21:26-04:00","2026-08-13T11:14:08-04:00","https://www.coinbase.com/careers/positions/8064324?gh_jid=8064324"
"2733","8021650","9","Staff Software Engineer","Israel","Engineering - Security","Remote - Israel","Staff","8+ years","Unspecified","Remote","Engineering","2026-06-24T15:15:38-04:00","2026-08-31T17:40:48-04:00","https://www.coinbase.com/careers/positions/8021650?gh_jid=8021650"
"2734","7997840","9","Staff Software Engineer, Backend (Consumer - Prediction Markets)","USA","Engineering - Backend","US - Remote Zone 1 (Job Requisitions Only)","Staff","8+ years","Unspecified","Remote","Engineering","2026-06-26T18:29:44-04:00","2026-06-26T18:29:44-04:00","https://www.coinbase.com/careers/positions/7997840?gh_jid=7997840"
"2735","8154983","9","Staff Software Engineer, Backend - Platform (Core AI Automation)","USA","Engineering - Backend","US - Remote Zone 1 (Job Requisitions Only)","Staff","8+ years","Unspecified","Remote","Engineering","2026-08-24T15:58:52-04:00","2026-08-24T17:19:13-04:00","https://www.coinbase.com/careers/positions/8154983?gh_jid=8154983"
"2736","8160557","9","Staff Software Engineer, Compute Platform (Routing)","USA","Engineering - Infrastructure","US - Remote Zone 1 (Job Requisitions Only)","Staff","8+ years","Unspecified","Remote","Engineering","2026-08-26T20:36:40-04:00","2026-08-26T20:36:40-04:00","https://www.coinbase.com/careers/positions/8160557?gh_jid=8160557"
"2737","7991691","9","Staff Software Engineer, Core AI Infrastructure","USA","IT","US - Remote Zone 1 (Job Requisitions Only)","Staff","8+ years","Contract","Remote","Engineering","2026-06-08T19:28:52-04:00","2026-07-23T15:17:22-04:00","https://www.coinbase.com/careers/positions/7991691?gh_jid=7991691"
"2738","8054153","9","Staff Software Engineer, Customer Administration","India","Enterprise Applications","Remote - India","Staff","8+ years","Internship","Remote","Engineering","2026-07-09T15:05:42-04:00","2026-07-09T15:05:42-04:00","https://www.coinbase.com/careers/positions/8054153?gh_jid=8054153"
"2739","7964410","9","Staff Software Engineer, Developer Infrastructure","USA","Engineering - Infrastructure","US - Remote Zone 1 (Job Requisitions Only)","Staff","10+ years","Unspecified","Remote","Engineering","2026-06-11T13:59:12-04:00","2026-06-24T16:02:54-04:00","https://www.coinbase.com/careers/positions/7964410?gh_jid=7964410"
"2740","6784618","9","Staff Software Engineer, EAA CX","USA","Enterprise Applications","US - Remote Zone 1 (Job Requisitions Only)","Staff","8+ years","Internship","Remote","Engineering","2026-06-08T17:00:50-04:00","2026-08-19T13:00:03-04:00","https://www.coinbase.com/careers/positions/6784618?gh_jid=6784618"
"2741","8166218","9","Staff Software Engineer, Enterprise Apps","USA","Engineering","US - Remote Zone 1 (Job Requisitions Only)","Staff","8+ years","Unspecified","Remote","Engineering","2026-08-30T23:25:14-04:00","2026-08-30T23:25:14-04:00","https://www.coinbase.com/careers/positions/8166218?gh_jid=8166218"
"2742","7629141","9","Staff Software Engineer, Frontend (Consumer - Advanced Trading)","USA","Engineering - Frontend","US - Remote Zone 1 (Job Requisitions Only)","Staff","8+ years","Unspecified","Remote","Engineering","2026-02-20T10:57:36-05:00","2026-06-12T16:33:28-04:00","https://www.coinbase.com/careers/positions/7629141?gh_jid=7629141"
"2743","8114877","9","Staff Software Engineer (Platform - Access & Authorization)","USA","Engineering - Backend","US - Remote Zone 1 (Job Requisitions Only)","Staff","8+ years","Unspecified","Remote","Engineering","2026-08-07T16:42:46-04:00","2026-08-21T17:04:19-04:00","https://www.coinbase.com/careers/positions/8114877?gh_jid=8114877"
"2744","7773776","9","Staff Software Engineer (Platform - Identity IDV)","USA","Engineering - Backend","US - Remote Zone 1 (Job Requisitions Only)","Staff","8+ years","Unspecified","Remote","Engineering","2026-06-10T15:26:04-04:00","2026-07-17T17:26:51-04:00","https://www.coinbase.com/careers/positions/7773776?gh_jid=7773776"
"2745","8167571","9","Staff Software Engineer, Security Platform","India","Security & Privacy","Remote - India","Staff","8+ years","Internship","Remote","Engineering","2026-08-31T13:27:12-04:00","2026-08-31T13:27:12-04:00","https://www.coinbase.com/careers/positions/8167571?gh_jid=8167571"
"2746","7684298","9","Staff Software Engineer, Solana Staking Protocol","USA","Engineering","US - Remote Zone 1 (Job Requisitions Only)","Staff","10+ years","Unspecified","Remote","Engineering","2026-03-05T15:24:57-05:00","2026-06-26T12:23:54-04:00","https://www.coinbase.com/careers/positions/7684298?gh_jid=7684298"
"2747","8047657","9","Staff Technical Program Manager, CX Agent Experience","USA","Enterprise Applications","US - Remote Zone 3 (Job Requisitions Only)","Staff","8+ years","Internship","Remote","Program Management","2026-07-06T22:39:24-04:00","2026-08-28T14:18:46-04:00","https://www.coinbase.com/careers/positions/8047657?gh_jid=8047657"
"2748","8148248","9","Strategic Finance Manager, Platform","USA","Finance & Accounting","US - Remote Zone 1 (Job Requisitions Only)","Manager","6+ years","Contract","Remote","Finance","2026-08-21T17:17:17-04:00","2026-08-25T20:07:45-04:00","https://www.coinbase.com/careers/positions/8148248?gh_jid=8148248"
"2749","8083758","9","Strategic Program Lead","USA","Customer Experience","US - Remote Zone 1 (Job Requisitions Only)","Lead","3+ years","Internship","Remote","Uncategorized","2026-07-24T12:30:40-04:00","2026-07-24T14:06:26-04:00","https://www.coinbase.com/careers/positions/8083758?gh_jid=8083758"
"2750","8082829","9","Supervisor, Customer Success Team","Cyprus","Customer Experience","Remote - Cyprus","Unspecified","3+ years","Unspecified","Remote","Customer Success","2026-07-24T14:49:43-04:00","2026-07-24T14:49:43-04:00","https://www.coinbase.com/careers/positions/8082829?gh_jid=8082829"
"2751","8013948","9","Technical Program Manager, CX Intelligence & AI","USA","Customer Experience","US - Remote Zone 1 (Job Requisitions Only)","Manager","10+ years","Unspecified","Remote","Program Management","2026-06-18T14:27:27-04:00","2026-07-20T14:09:52-04:00","https://www.coinbase.com/careers/positions/8013948?gh_jid=8013948"
"2752","8013892","9","Technical Program Manager, Knowledge Systems","USA","Customer Experience","US - Remote Zone 1 (Job Requisitions Only)","Manager","5+ years","Internship","Remote","Program Management","2026-06-17T14:34:25-04:00","2026-07-15T13:57:52-04:00","https://www.coinbase.com/careers/positions/8013892?gh_jid=8013892"
"2753","8142975","9","Trade Surveillance Associate, Derivatives","USA","Legal & Compliance","US - Remote Zone 1 (Job Requisitions Only)","Associate","3+ years","Contract","Remote","Uncategorized","2026-08-26T16:14:35-04:00","2026-08-28T19:29:34-04:00","https://www.coinbase.com/careers/positions/8142975?gh_jid=8142975"
"2754","7144697","10","Activation Sales Development Representative I","United States","Ad Sales","Remote - United States","Unspecified","Unspecified","Unspecified","Remote","Sales","2025-08-07T19:08:44-04:00","2026-08-24T13:15:00-04:00","https://instacart.careers/job/?gh_jid=7144697"
"2755","7658241","10","Ads AI Analytics Lead II","Canada(ON, AB, BC, or NS Only)","Commercial Excellence","Remote - Canada","Lead","7+ years","Contract","Remote","Data","2026-02-26T13:40:53-05:00","2026-08-24T13:15:00-04:00","https://instacart.careers/job/?gh_jid=7658241"
"2756","7495338","10","Ads AI Analytics Lead II","United States","Commercial Excellence","Remote - Canada","Lead","6+ years","Contract","Remote","Data","2025-12-23T19:26:49-05:00","2026-08-24T13:15:00-04:00","https://instacart.careers/job/?gh_jid=7495338"
"2757","8145998","10","AI Solutions Lead, Marketing","United States","Marketing","Remote - United States","Lead","7+ years","Internship","Remote","Marketing","2026-08-20T18:21:58-04:00","2026-08-24T13:15:00-04:00","https://instacart.careers/job/?gh_jid=8145998"
"2758","8146070","10","AI Solutions Lead, Marketing","Canada(ON, AB, BC, or NS Only)","Marketing","Remote - United States","Lead","7+ years","Internship","Remote","Marketing","2026-08-20T18:21:59-04:00","2026-08-24T13:15:00-04:00","https://instacart.careers/job/?gh_jid=8146070"
"2759","8167458","10","Analytics Engineer II","Canada(ON, AB, BC, or NS Only)","Marketing","Remote - Canada","Unspecified","5+ years","Unspecified","Remote","Engineering","2026-08-31T14:20:26-04:00","2026-08-31T14:20:26-04:00","https://instacart.careers/job/?gh_jid=8167458"
"2760","8157774","10","Bilingual Customer Experience Specialist","United States","Care Customer Experience","Remote - United States","Unspecified","1+ years","Internship","Remote","Uncategorized","2026-08-25T17:28:39-04:00","2026-08-26T18:00:29-04:00","https://instacart.careers/job/?gh_jid=8157774"
"2761","8112136","10","Chief of Staff, Online Grocery","United States","Product","Remote - Canada","Staff","10+ years","Unspecified","Remote","Uncategorized","2026-08-06T17:25:56-04:00","2026-08-24T13:15:00-04:00","https://instacart.careers/job/?gh_jid=8112136"
"2762","8112138","10","Chief of Staff, Online Grocery","Canada(ON, AB, BC, or NS Only)","Product","Remote - Canada","Staff","10+ years","Unspecified","Remote","Uncategorized","2026-08-06T17:26:12-04:00","2026-08-24T13:15:00-04:00","https://instacart.careers/job/?gh_jid=8112138"
"2763","8160738","10","CX Technology Program Manager","United States","Central Operations","Remote - United States","Manager","5+ years","Unspecified","Remote","Program Management","2026-08-26T18:58:41-04:00","2026-08-27T16:36:40-04:00","https://instacart.careers/job/?gh_jid=8160738"
"2764","8160786","10","CX Technology Program Manager","Canada(ON, AB, BC, or NS Only)","Central Operations","Remote - United States","Manager","5+ years","Unspecified","Remote","Program Management","2026-08-26T18:58:45-04:00","2026-08-27T16:36:46-04:00","https://instacart.careers/job/?gh_jid=8160786"
"2765","8163310","10","Director, Compensation","Canada(ON, AB, BC, or NS Only)","People","Remote - United States","Director","10+ years","Internship","Remote","Uncategorized","2026-08-27T19:13:11-04:00","2026-08-31T20:32:43-04:00","https://instacart.careers/job/?gh_jid=8163310"
"2766","8163246","10","Director, Compensation","United States","People","Remote - United States","Director","10+ years","Internship","Remote","Uncategorized","2026-08-27T19:13:09-04:00","2026-08-31T20:32:20-04:00","https://instacart.careers/job/?gh_jid=8163246"
"2767","7991599","10","Director, Enterprise Product Marketing","Canada(ON, AB, BC, or NS Only)","Marketing","Remote - United States","Director","10+ years","Unspecified","Remote","Marketing","2026-06-09T12:08:04-04:00","2026-08-28T15:47:32-04:00","https://instacart.careers/job/?gh_jid=7991599"
"2768","7991597","10","Director, Enterprise Product Marketing","United States","Marketing","Remote - United States","Director","10+ years","Unspecified","Remote","Marketing","2026-06-09T12:08:02-04:00","2026-08-28T15:47:31-04:00","https://instacart.careers/job/?gh_jid=7991597"
"2769","8120705","10","Director IT, Internal Audit","United States","Accounting & Finance","Remote - United States","Intern","12+ years","Internship","Remote","Finance","2026-08-10T19:34:46-04:00","2026-08-24T13:15:00-04:00","https://instacart.careers/job/?gh_jid=8120705"
"2770","7871823","10","Director of Customer Success","United States","Professional Services","Remote - United States","Director","8+ years","Temporary","Remote","Customer Success","2026-05-11T14:30:23-04:00","2026-08-24T13:15:00-04:00","https://instacart.careers/job/?gh_jid=7871823"
"2771","8168294","10","Director, Strategic Finance - Consolidation","Canada(ON, AB, BC, or NS Only)","Accounting & Finance","Remote - United States","Director","5+ years","Internship","Remote","Finance","2026-08-31T20:30:34-04:00","2026-08-31T20:30:34-04:00","https://instacart.careers/job/?gh_jid=8168294"
"2772","8168221","10","Director, Strategic Finance - Consolidation","United States","Accounting & Finance","Remote - United States","Director","5+ years","Internship","Remote","Finance","2026-08-31T20:30:32-04:00","2026-08-31T20:30:32-04:00","https://instacart.careers/job/?gh_jid=8168221"
"2773","7960958","10","Engineering Manager, Service Platform","United States","Leadership (Engineering)","Remote - United States","Manager","2+ years","Internship","Remote","Engineering","2026-05-27T13:27:57-04:00","2026-08-24T13:15:00-04:00","https://instacart.careers/job/?gh_jid=7960958"
"2774","7960988","10","Engineering Manager, Service Platform","Canada(ON, AB, BC, or NS Only)","Leadership (Engineering)","Remote - United States","Manager","2+ years","Internship","Remote","Engineering","2026-05-27T13:27:59-04:00","2026-08-24T13:15:00-04:00","https://instacart.careers/job/?gh_jid=7960988"
"2775","7927378","10","Engineering Manager, Software, Catalog Enrichment","Canada(ON, AB, BC, or NS Only)","Leadership (Engineering)","Remote - Canada","Manager","7+ years","Internship","Remote","Engineering","2026-05-14T16:59:00-04:00","2026-08-24T13:15:00-04:00","https://instacart.careers/job/?gh_jid=7927378"
"2776","8115836","10","Insights Lead, Instacart Business","Canada(ON, AB, BC, or NS Only)","Health","Remote - United States","Lead","5+ years","Internship","Remote","Uncategorized","2026-08-07T18:32:55-04:00","2026-08-24T13:15:00-04:00","https://instacart.careers/job/?gh_jid=8115836"
"2777","8115834","10","Insights Lead, Instacart Business","United States","Health","Remote - United States","Lead","5+ years","Internship","Remote","Uncategorized","2026-08-07T18:32:55-04:00","2026-08-24T13:15:00-04:00","https://instacart.careers/job/?gh_jid=8115834"
"2778","8154479","10","iOS Developer","Israel(3 days/weekrequired)","Mobile","Remote - Israel","Unspecified","3+ years","Unspecified","Hybrid","Engineering","2026-08-24T13:50:21-04:00","2026-08-24T16:50:35-04:00","https://instacart.careers/job/?gh_jid=8154479"
"2779","8143263","10","Machine Learning Engineer II, Ads - Response Prediction","Canada(ON, AB, BC, or NS Only)","Machine Learning","Remote - Canada","Unspecified","1+ years","Internship","Remote","Engineering","2026-08-20T15:14:19-04:00","2026-08-24T13:15:00-04:00","https://instacart.careers/job/?gh_jid=8143263"
"2780","8142172","10","Marketing Manager II, Media Excellence","Canada(ON, AB, BC, or NS Only)","Marketing","Remote - United States","Manager","Unspecified","Temporary","Remote","Marketing","2026-08-19T16:25:57-04:00","2026-08-24T13:15:00-04:00","https://instacart.careers/job/?gh_jid=8142172"
"2781","8142143","10","Marketing Manager II, Media Excellence","United States","Marketing","Remote - United States","Manager","Unspecified","Temporary","Remote","Marketing","2026-08-19T16:25:57-04:00","2026-08-24T13:15:00-04:00","https://instacart.careers/job/?gh_jid=8142143"
"2782","8157831","10","Oracle Fusion ERP Technical Analyst","United States","Accounting & Finance","Remote - United States","Unspecified","5+ years","Temporary","Remote","Uncategorized","2026-08-25T19:02:27-04:00","2026-08-25T19:02:27-04:00","https://instacart.careers/job/?gh_jid=8157831"
"2783","8157911","10","Oracle Fusion ERP Technical Analyst","Canada(ON, AB, BC, or NS Only)","Accounting & Finance","Remote - United States","Unspecified","5+ years","Temporary","Remote","Uncategorized","2026-08-25T19:02:29-04:00","2026-08-25T19:02:29-04:00","https://instacart.careers/job/?gh_jid=8157911"
"2784","8155140","10","Principal Computer Vision Engineer","Israel(3 days/weekrequired)","Software Engineering","Remote - Israel","Principal","6+ years","Unspecified","Hybrid","Engineering","2026-08-24T16:46:52-04:00","2026-08-24T16:50:57-04:00","https://instacart.careers/job/?gh_jid=8155140"
"2785","8145958","10","Program Manager Contingent Workforce","United States","People","Remote - United States","Manager","7+ years","Internship","Remote","Program Management","2026-08-20T18:21:34-04:00","2026-08-24T13:15:00-04:00","https://instacart.careers/job/?gh_jid=8145958"
"2786","8145979","10","Program Manager Contingent Workforce","Canada(ON, AB, BC, or NS Only)","People","Remote - United States","Manager","7+ years","Internship","Remote","Program Management","2026-08-20T18:21:35-04:00","2026-08-24T13:15:00-04:00","https://instacart.careers/job/?gh_jid=8145979"
"2787","8122997","10","Retail Lead, Sales Development","United States","Ad Sales","Remote - United States","Lead","4+ years","Unspecified","Remote","Sales","2026-08-12T13:01:47-04:00","2026-08-31T14:29:10-04:00","https://instacart.careers/job/?gh_jid=8122997"
"2788","8123029","10","Retail Lead, Sales Development","Canada(ON, AB, BC, or NS Only)","Ad Sales","Remote - United States","Lead","4+ years","Unspecified","Remote","Sales","2026-08-12T13:01:48-04:00","2026-08-31T14:29:16-04:00","https://instacart.careers/job/?gh_jid=8123029"
"2789","8122992","10","Retail Partner Lead","Canada(ON, AB, BC, or NS Only)","Retail Business Development","Remote - United States","Lead","5+ years","Internship","Remote","Uncategorized","2026-08-11T18:25:05-04:00","2026-08-31T14:48:33-04:00","https://instacart.careers/job/?gh_jid=8122992"
"2790","8122970","10","Retail Partner Lead","United States","Retail Business Development","Remote - United States","Lead","5+ years","Internship","Remote","Uncategorized","2026-08-11T18:25:04-04:00","2026-08-31T14:33:57-04:00","https://instacart.careers/job/?gh_jid=8122970"
"2791","6819435","10","Retail Partner Manager","United States","Retail Business Development","Remote - United States","Manager","5+ years","Internship","Remote","Uncategorized","2025-04-18T16:57:35-04:00","2026-08-31T14:52:10-04:00","https://instacart.careers/job/?gh_jid=6819435"
"2792","6819437","10","Retail Partner Manager","Canada(ON, AB, BC, or NS Only)","Retail Business Development","Remote - United States","Manager","5+ years","Internship","Remote","Uncategorized","2025-04-18T16:57:37-04:00","2026-08-31T14:52:17-04:00","https://instacart.careers/job/?gh_jid=6819437"
"2793","7712406","10","Retention Sales Development Representative II","United States","Ad Sales","Remote - United States","Unspecified","1+ years","Unspecified","Remote","Sales","2026-03-12T13:27:23-04:00","2026-08-24T13:15:00-04:00","https://instacart.careers/job/?gh_jid=7712406"
"2794","7558978","10","Sales Associate - New York","United States","Ad Sales","Remote - United States","Associate","2+ years","Unspecified","Remote","Sales","2026-01-22T18:40:41-05:00","2026-08-24T14:39:59-04:00","https://instacart.careers/job/?gh_jid=7558978"
"2795","8080474","10","Sales Executive","Canada(ON, AB, BC, or NS Only)","Ad Sales","Remote - Canada","Unspecified","5+ years","Internship","Remote","Sales","2026-07-22T17:00:21-04:00","2026-08-24T13:15:00-04:00","https://instacart.careers/job/?gh_jid=8080474"
"2796","8093228","10","Sales Executive, Mid Market","United States","Ad Sales","Remote - United States","Unspecified","5+ years","Unspecified","Remote","Sales","2026-07-28T20:03:09-04:00","2026-08-27T10:29:29-04:00","https://instacart.careers/job/?gh_jid=8093228"
"2797","8147300","10","Senior Android Engineer II, Digital Twin Platform","Canada(ON, AB, BC, or NS Only)","Mobile","Remote - United States","Senior","5+ years","Unspecified","Remote","Engineering","2026-08-21T13:23:16-04:00","2026-08-24T14:03:48-04:00","https://instacart.careers/job/?gh_jid=8147300"
"2798","8147298","10","Senior Android Engineer II, Digital Twin Platform","United States","Mobile","Remote - United States","Senior","5+ years","Unspecified","Remote","Engineering","2026-08-21T13:13:57-04:00","2026-08-24T14:03:40-04:00","https://instacart.careers/job/?gh_jid=8147298"
"2799","7793391","10","Senior Applied Scientist II, Ads Optimization","United States","Machine Learning","San Francisco","Senior","8+ years","Unspecified","Remote","Uncategorized","2026-04-08T15:45:26-04:00","2026-08-24T13:15:00-04:00","https://instacart.careers/job/?gh_jid=7793391"
"2800","8168301","10","Senior Data Analyst","United States(except California, Connecticut, New Jersey, New York, and Washington)","Accounting & Finance","Remote - United States","Senior","5+ years","Unspecified","Remote","Data","2026-08-31T19:08:07-04:00","2026-08-31T19:08:07-04:00","https://instacart.careers/job/?gh_jid=8168301"
"2801","8168338","10","Senior Data Analyst","Canada(ON, AB, BC, or NS Only)","Accounting & Finance","Remote - United States","Senior","5+ years","Unspecified","Remote","Data","2026-08-31T19:08:09-04:00","2026-08-31T19:08:09-04:00","https://instacart.careers/job/?gh_jid=8168338"
"2802","8132846","10","Senior Data Engineer II, Finance","United States","Data","Remote - Canada","Senior","8+ years","Internship","Remote","Engineering","2026-08-17T12:40:40-04:00","2026-08-24T13:15:00-04:00","https://instacart.careers/job/?gh_jid=8132846"
"2803","8126023","10","Senior Data Engineer II, Finance","Canada(ON, AB, BC, or NS Only)","Data","Remote - Canada","Senior","8+ years","Internship","Remote","Engineering","2026-08-12T12:58:43-04:00","2026-08-24T13:15:00-04:00","https://instacart.careers/job/?gh_jid=8126023"
"2804","4949339","10","Senior Data Scientist","United States","Data Science","Remote - United States","Senior","5+ years","Unspecified","Remote","Data","2023-03-23T15:30:28-04:00","2026-08-24T13:15:00-04:00","https://instacart.careers/job/?gh_jid=4949339"
"2805","4949335","10","Senior Data Scientist","Canada(ON, AB, BC, or NS Only)","Data Science","Remote - Canada","Senior","5+ years","Unspecified","Remote","Data","2023-03-23T15:29:22-04:00","2026-08-24T13:15:00-04:00","https://instacart.careers/job/?gh_jid=4949335"
"2806","8154308","10","Senior Detection Engineer II","Canada(ON, AB, BC, or NS Only)","Security","Remote - United States","Senior","6+ years","Internship","Remote","Engineering","2026-08-24T12:45:44-04:00","2026-08-24T13:15:00-04:00","https://instacart.careers/job/?gh_jid=8154308"
"2807","8154300","10","Senior Detection Engineer II","United States","Security","Remote - United States","Senior","6+ years","Internship","Remote","Engineering","2026-08-24T12:44:18-04:00","2026-08-24T13:15:00-04:00","https://instacart.careers/job/?gh_jid=8154300"
"2808","8084166","10","Senior Engineering Manager, Activation & Engagement","Canada(ON, AB, BC, or NS Only)","Leadership (Engineering)","Remote - Canada","Senior","8+ years","Contract","Remote","Engineering","2026-07-27T15:40:59-04:00","2026-08-24T13:15:00-04:00","https://instacart.careers/job/?gh_jid=8084166"
"2809","8084350","10","Senior Engineering Manager, Enterprise Fulfillment","Canada(ON, AB, BC, or NS Only)","Leadership (Engineering)","Remote - United States","Senior","Unspecified","Temporary","Remote","Engineering","2026-08-28T16:51:47-04:00","2026-08-28T16:51:47-04:00","https://instacart.careers/job/?gh_jid=8084350"
"2810","8084349","10","Senior Engineering Manager, Enterprise Fulfillment","United States","Leadership (Engineering)","Remote - United States","Senior","10+ years","Unspecified","Remote","Engineering","2026-07-27T15:46:41-04:00","2026-08-28T16:51:46-04:00","https://instacart.careers/job/?gh_jid=8084349"
"2811","8143145","10","Senior Machine Learning Engineer, Digital Twin Platform","United States","Machine Learning","Remote - United States","Senior","5+ years","Temporary","Remote","Engineering","2026-08-20T15:12:30-04:00","2026-08-24T13:15:00-04:00","https://instacart.careers/job/?gh_jid=8143145"
"2812","8143147","10","Senior Machine Learning Engineer, Digital Twin Platform","Canada(ON, AB, BC, or NS Only)","Machine Learning","Remote - United States","Senior","5+ years","Temporary","Remote","Engineering","2026-08-20T15:12:31-04:00","2026-08-24T13:15:00-04:00","https://instacart.careers/job/?gh_jid=8143147"
"2813","8157738","10","Senior Machine Learning Engineer, Economist","Canada(ON, AB, BC, or NS Only)","Machine Learning","Remote - United States","Senior","1+ years","Internship","Remote","Engineering","2026-08-27T16:26:30-04:00","2026-08-27T16:26:30-04:00","https://instacart.careers/job/?gh_jid=8157738"
"2814","8157736","10","Senior Machine Learning Engineer, Economist","United States","Machine Learning","Remote - United States","Senior","1+ years","Internship","Remote","Engineering","2026-08-27T16:26:27-04:00","2026-08-27T16:26:27-04:00","https://instacart.careers/job/?gh_jid=8157736"
"2815","7963838","10","Senior Machine Learning Engineer II, Ads Response Prediction","United States","Machine Learning","Remote - United States","Senior","6+ years","Internship","Remote","Engineering","2026-05-28T15:10:27-04:00","2026-08-24T13:15:00-04:00","https://instacart.careers/job/?gh_jid=7963838"
"2816","7565508","10","Senior Machine Learning Engineer II, Search & Recommendations Ranking","US","Machine Learning","San Francisco","Senior","5+ years","Unspecified","Remote","Engineering","2026-01-26T16:45:33-05:00","2026-08-24T13:15:00-04:00","https://instacart.careers/job/?gh_jid=7565508"
"2817","7793089","10","Senior Machine Learning Engineer, Operations Research","United States","Machine Learning","Remote - United States","Senior","3+ years","Unspecified","Remote","Engineering","2026-04-09T13:10:11-04:00","2026-08-24T13:15:00-04:00","https://instacart.careers/job/?gh_jid=7793089"
"2818","8122176","10","Senior Manager, Legal Technology, Operations & AI Enablement","United States","Legal","Remote - United States","Senior","8+ years","Contract","Remote","Operations","2026-08-11T17:11:19-04:00","2026-08-24T13:15:00-04:00","https://instacart.careers/job/?gh_jid=8122176"
"2819","8122333","10","Senior Manager, Legal Technology, Operations & AI Enablement","Canada(ON, AB, BC, or NS Only)","Legal","Remote - United States","Senior","8+ years","Contract","Remote","Operations","2026-08-11T17:11:20-04:00","2026-08-24T13:15:00-04:00","https://instacart.careers/job/?gh_jid=8122333"
"2820","8077679","10","Senior Manager, Technical Account Management (Enterprise)","Canada(ON, AB, BC, or NS Only)","Professional Services","Remote - United States","Senior","10+ years","Internship","Remote","Uncategorized","2026-07-22T15:25:35-04:00","2026-08-24T13:15:00-04:00","https://instacart.careers/job/?gh_jid=8077679"
"2821","8077677","10","Senior Manager, Technical Account Management (Enterprise)","United States","Professional Services","Remote - United States","Senior","10+ years","Internship","Remote","Uncategorized","2026-07-31T12:59:17-04:00","2026-08-24T13:15:00-04:00","https://instacart.careers/job/?gh_jid=8077677"
"2822","7963779","10","Senior Marketing Decision Scientist II","United States","Analytics","Remote - United States","Senior","6+ years","Internship","Remote","Marketing","2026-05-28T13:25:10-04:00","2026-08-24T13:15:00-04:00","https://instacart.careers/job/?gh_jid=7963779"
"2823","7963780","10","Senior Marketing Decision Scientist II","Canada(ON, AB, BC, or NS Only)","Analytics","Remote - United States","Senior","6+ years","Internship","Remote","Marketing","2026-05-28T13:25:21-04:00","2026-08-24T13:15:00-04:00","https://instacart.careers/job/?gh_jid=7963780"
"2824","8160008","10","Senior Product Designer II - Order Quality","United States","Product Design","Remote - Canada","Senior","6+ years","Unspecified","Remote","Product","2026-08-26T17:15:18-04:00","2026-08-26T17:15:18-04:00","https://instacart.careers/job/?gh_jid=8160008"
"2825","8160010","10","Senior Product Designer II - Order Quality","Canada(ON, AB, BC, or NS Only)","Product Design","Remote - Canada","Senior","6+ years","Unspecified","Remote","Product","2026-08-26T17:15:20-04:00","2026-08-26T17:15:20-04:00","https://instacart.careers/job/?gh_jid=8160010"
"2826","8077512","10","Senior Product Manager, Ads Quality","Canada(ON, AB, BC, or NS Only)","Product Management","Remote - United States","Senior","2+ years","Unspecified","Remote","Product","2026-07-23T00:29:48-04:00","2026-08-24T13:15:00-04:00","https://instacart.careers/job/?gh_jid=8077512"
"2827","8077510","10","Senior Product Manager, Ads Quality","United States","Product Management","Remote - United States","Senior","2+ years","Unspecified","Remote","Product","2026-07-23T00:29:47-04:00","2026-08-24T13:15:00-04:00","https://instacart.careers/job/?gh_jid=8077510"
"2828","8100150","10","Senior Product Manager, Caper Recommendations & Personalization","Canada(ON, AB, BC, or NS Only)","Product Management","Remote - Canada","Senior","3+ years","Unspecified","Remote","Product","2026-08-03T14:27:35-04:00","2026-08-24T13:15:00-04:00","https://instacart.careers/job/?gh_jid=8100150"
"2829","8100148","10","Senior Product Manager, Caper Recommendations & Personalization","United States","Product Management","Remote - Canada","Senior","3+ years","Unspecified","Remote","Product","2026-08-03T14:27:33-04:00","2026-08-24T13:15:00-04:00","https://instacart.careers/job/?gh_jid=8100148"
"2830","8120469","10","Senior Product Manager, Carrot Ads","United States","Product Management","Remote - Canada","Senior","5+ years","Internship","Remote","Product","2026-08-14T16:27:16-04:00","2026-08-24T13:15:00-04:00","https://instacart.careers/job/?gh_jid=8120469"
"2831","8120471","10","Senior Product Manager, Carrot Ads","Canada(ON, AB, BC, or NS Only)","Product Management","Remote - Canada","Senior","5+ years","Internship","Remote","Product","2026-08-14T16:27:16-04:00","2026-08-24T13:15:00-04:00","https://instacart.careers/job/?gh_jid=8120471"
"2832","8143272","10","Senior Product Manager, Catalog","Canada(ON, AB, BC, or NS Only)","Product Management","Remote - United States","Senior","5+ years","Internship","Remote","Product","2026-08-20T14:41:31-04:00","2026-08-24T13:15:00-04:00","https://instacart.careers/job/?gh_jid=8143272"
"2833","8143270","10","Senior Product Manager, Catalog","United States","Product Management","Remote - United States","Senior","5+ years","Internship","Remote","Product","2026-08-20T14:41:30-04:00","2026-08-24T13:15:00-04:00","https://instacart.careers/job/?gh_jid=8143270"
"2834","7963724","10","Senior Product Manager, In-Store Tasks","United States","Product Management","Remote - United States","Senior","2+ years","Internship","Remote","Product","2026-05-28T12:58:39-04:00","2026-08-24T13:15:00-04:00","https://instacart.careers/job/?gh_jid=7963724"
"2835","7963726","10","Senior Product Manager, In-Store Tasks","Canada(ON, AB, BC, or NS Only)","Product Management","Remote - United States","Senior","2+ years","Internship","Remote","Product","2026-05-28T12:58:39-04:00","2026-08-24T13:15:00-04:00","https://instacart.careers/job/?gh_jid=7963726"
"2836","8014060","10","Senior Product Manager, Retailer Platform","United States","Product Management","Remote - United States","Senior","8+ years","Internship","Remote","Product","2026-06-17T17:21:53-04:00","2026-08-24T13:15:00-04:00","https://instacart.careers/job/?gh_jid=8014060"
"2837","8014062","10","Senior Product Manager, Retailer Platform","Canada(ON, AB, BC, or NS Only)","Product Management","Remote - United States","Senior","8+ years","Internship","Remote","Product","2026-06-17T17:21:53-04:00","2026-08-24T13:15:00-04:00","https://instacart.careers/job/?gh_jid=8014062"
"2838","8017073","10","Senior Product Security Engineer II","Canada(ON, AB, BC, or NS Only)","Security","Remote - Canada","Senior","7+ years","Internship","Remote","Engineering","2026-06-18T16:33:58-04:00","2026-08-24T13:15:00-04:00","https://instacart.careers/job/?gh_jid=8017073"
"2839","8017071","10","Senior Product Security Engineer II","United States","Security","Remote - Canada","Senior","7+ years","Internship","Remote","Engineering","2026-06-18T16:33:58-04:00","2026-08-24T13:15:00-04:00","https://instacart.careers/job/?gh_jid=8017071"
"2840","8104343","10","Senior Revenue Operations Manager - Eversight","Canada(ON, AB, BC, or NS Only)","Ad Sales","Remote - United States","Senior","7+ years","Unspecified","Remote","Operations","2026-08-04T14:07:39-04:00","2026-08-31T14:55:03-04:00","https://instacart.careers/job/?gh_jid=8104343"
"2841","8104341","10","Senior Revenue Operations Manager - Eversight","United States","Ad Sales","Remote - United States","Senior","7+ years","Unspecified","Remote","Operations","2026-08-04T14:07:38-04:00","2026-08-31T14:54:55-04:00","https://instacart.careers/job/?gh_jid=8104341"
"2842","8091193","10","Senior Risk & Compliance Engineer - Data","Canada(ON, AB, BC, or NS Only)","Security","Remote - United States","Senior","5+ years","Internship","Remote","Engineering","2026-07-29T09:17:49-04:00","2026-08-24T13:15:00-04:00","https://instacart.careers/job/?gh_jid=8091193"
"2843","8091191","10","Senior Risk & Compliance Engineer - Data","United States","Security","Remote - United States","Senior","5+ years","Internship","Remote","Engineering","2026-07-29T09:17:48-04:00","2026-08-24T13:15:00-04:00","https://instacart.careers/job/?gh_jid=8091191"
"2844","7931358","10","Senior Sales Associate","United States","Ad Sales","Remote - United States","Associate","3+ years","Unspecified","Remote","Sales","2026-05-15T15:29:17-04:00","2026-08-26T14:13:38-04:00","https://instacart.careers/job/?gh_jid=7931358"
"2845","7939947","10","Senior Software Engineer, Ads","Canada(ON, AB, BC, or NS Only)","Software Engineering","Remote - Canada","Senior","4+ years","Internship","Remote","Engineering","2026-05-29T18:54:24-04:00","2026-08-24T13:15:00-04:00","https://instacart.careers/job/?gh_jid=7939947"
"2846","7974573","10","Senior Software Engineer, AI Productivity","Canada(ON, AB, BC, or NS Only)","Software Engineering","Remote - Canada","Senior","5+ years","Internship","Remote","Engineering","2026-06-01T15:19:23-04:00","2026-08-24T13:15:00-04:00","https://instacart.careers/job/?gh_jid=7974573"
"2847","8155585","10","Senior Software Engineer, Core Experience","United States","Software Engineering","Remote - United States","Senior","5+ years","Unspecified","Remote","Engineering","2026-08-25T14:09:57-04:00","2026-08-25T14:09:57-04:00","https://instacart.careers/job/?gh_jid=8155585"
"2848","7951926","10","Senior Software Engineer, Core Experience","Canada(ON, AB, BC, or NS Only)","Software Engineering","Remote - Canada","Senior","5+ years","Internship","Remote","Engineering","2026-05-29T18:54:29-04:00","2026-08-24T13:15:00-04:00","https://instacart.careers/job/?gh_jid=7951926"
"2849","8113993","10","Senior Software Engineer - Core Experience, Growth","Canada(ON, AB, BC, or NS Only)","Software Engineering","Remote - Canada","Senior","4+ years","Unspecified","Remote","Engineering","2026-08-07T09:24:11-04:00","2026-08-24T13:15:00-04:00","https://instacart.careers/job/?gh_jid=8113993"
"2850","8130034","10","Senior Software Engineer, Digital Twin Platform","United States","Software Engineering","Remote - United States","Senior","5+ years","Unspecified","Remote","Engineering","2026-08-14T10:19:35-04:00","2026-08-24T13:15:00-04:00","https://instacart.careers/job/?gh_jid=8130034"
"2851","7979769","10","Senior Software Engineer I — Agentic Analytics","Canada(ON, AB, BC, or NS Only)","Software Engineering","Remote - Canada","Senior","5+ years","Internship","Remote","Engineering","2026-06-03T13:02:27-04:00","2026-08-24T13:15:00-04:00","https://instacart.careers/job/?gh_jid=7979769"
"2852","7951938","10","Senior Software Engineer II, Ads Data Solutions Engineering","Canada(ON, AB, BC, or NS Only)","Software Engineering","Remote - Canada","Senior","8+ years","Internship","Remote","Engineering","2026-05-29T18:54:37-04:00","2026-08-24T13:15:00-04:00","https://instacart.careers/job/?gh_jid=7951938"
"2853","8141533","10","Senior Software Engineer II, Marketing Enablement & Technology","United States","Marketing","Remote - Canada","Senior","12+ years","Unspecified","Remote","Engineering","2026-08-19T09:50:05-04:00","2026-08-24T13:15:00-04:00","https://instacart.careers/job/?gh_jid=8141533"
"2854","8141535","10","Senior Software Engineer II, Marketing Enablement & Technology","Canada(ON, AB, BC, or NS Only)","Marketing","Remote - Canada","Senior","12+ years","Unspecified","Remote","Engineering","2026-08-19T09:50:06-04:00","2026-08-24T13:15:00-04:00","https://instacart.careers/job/?gh_jid=8141535"
"2855","8089322","10","Senior Software Engineer, Marketing Enablement & Technology","Canada(ON, AB, BC, or NS Only)","Marketing","Remote - Canada","Senior","8+ years","Unspecified","Remote","Engineering","2026-07-27T14:23:33-04:00","2026-08-24T13:15:00-04:00","https://instacart.careers/job/?gh_jid=8089322"
"2856","8119683","10","Senior Software Engineer, Marketing Platform Tooling","Canada(ON, AB, BC, or NS Only)","Software Engineering","Remote - Canada","Senior","5+ years","Internship","Remote","Engineering","2026-08-10T12:27:01-04:00","2026-08-24T13:15:00-04:00","https://instacart.careers/job/?gh_jid=8119683"
"2857","8137862","10","Senior Strategic Finance Manager, Retailer","United States","Accounting & Finance","Remote - United States","Senior","Unspecified","Contract","Remote","Finance","2026-08-17T17:47:48-04:00","2026-08-28T15:42:06-04:00","https://instacart.careers/job/?gh_jid=8137862"
"2858","8137960","10","Senior Strategic Finance Manager, Retailer","Canada(ON, AB, BC, or NS Only)","Accounting & Finance","Remote - United States","Senior","Unspecified","Contract","Remote","Finance","2026-08-17T17:47:49-04:00","2026-08-28T15:42:14-04:00","https://instacart.careers/job/?gh_jid=8137960"
"2859","8121910","10","Site Reliability Engineer II","United States","Software Engineering","Remote - United States","Unspecified","2+ years","Internship","Remote","Engineering","2026-08-14T08:19:33-04:00","2026-08-24T13:15:00-04:00","https://instacart.careers/job/?gh_jid=8121910"
"2860","7963661","10","Software Engineer II, Technical Search Visibility","Canada(ON, AB, BC, or NS Only)","Marketing","Remote - Canada","Unspecified","4+ years","Unspecified","Remote","Engineering","2026-05-28T16:43:34-04:00","2026-08-24T13:15:00-04:00","https://instacart.careers/job/?gh_jid=7963661"
"2861","8084090","10","Staff Experience Designer","Canada(ON, AB, BC, or NS Only)","Content Design","Remote - United States","Staff","15+ years","Internship","Remote","Design","2026-07-27T09:34:15-04:00","2026-08-24T13:15:00-04:00","https://instacart.careers/job/?gh_jid=8084090"
"2862","8084089","10","Staff Experience Designer","United States","Content Design","Remote - United States","Staff","15+ years","Internship","Remote","Design","2026-07-27T09:34:05-04:00","2026-08-24T13:15:00-04:00","https://instacart.careers/job/?gh_jid=8084089"
"2863","8080310","10","Staff Software Engineer, Bazel & Go","United States","Infrastructure","Remote - United States","Staff","10+ years","Unspecified","Remote","Engineering","2026-07-22T16:44:32-04:00","2026-08-24T13:15:00-04:00","https://instacart.careers/job/?gh_jid=8080310"
"2864","8080312","10","Staff Software Engineer, Bazel & Go","Canada(ON, AB, BC, or NS Only)","Infrastructure","Remote - United States","Staff","10+ years","Unspecified","Remote","Engineering","2026-07-22T16:44:32-04:00","2026-08-24T13:15:00-04:00","https://instacart.careers/job/?gh_jid=8080312"
"2865","7778693","10","Staff Software Engineer,  Data Governance & Foundations","United States","Software Engineering","Remote - United States","Staff","10+ years","Contract","Remote","Engineering","2026-04-03T14:34:39-04:00","2026-08-24T13:15:00-04:00","https://instacart.careers/job/?gh_jid=7778693"
"2866","8110286","10","Staff Software Engineer, Orders Platform","United States","Software Engineering","Remote - United States","Staff","10+ years","Contract","Remote","Engineering","2026-08-10T10:28:12-04:00","2026-08-24T13:15:00-04:00","https://instacart.careers/job/?gh_jid=8110286"
"2867","8141481","10","Staff User Researcher - Consumer","United States","Design Research","Remote - Canada","Staff","8+ years","Unspecified","Remote","Uncategorized","2026-08-19T09:32:26-04:00","2026-08-24T13:15:00-04:00","https://instacart.careers/job/?gh_jid=8141481"
"2868","8141483","10","Staff User Researcher - Consumer","Canada(ON, AB, BC, or NS Only)","Design Research","Remote - Canada","Staff","8+ years","Unspecified","Remote","Uncategorized","2026-08-19T09:32:27-04:00","2026-08-24T13:15:00-04:00","https://instacart.careers/job/?gh_jid=8141483"
"2869","8131047","10","Vendor Operations Senior Associate","Canada(ON, AB, BC, or NS Only)","Customer Experience & Operations","Remote - United States","Associate","4+ years","Internship","Remote","Operations","2026-08-14T16:55:11-04:00","2026-08-24T13:15:00-04:00","https://instacart.careers/job/?gh_jid=8131047"
"2870","8130849","10","Vendor Operations Senior Associate","United States","Customer Experience & Operations","Remote - United States","Associate","4+ years","Internship","Remote","Operations","2026-08-14T16:55:10-04:00","2026-08-24T13:15:00-04:00","https://instacart.careers/job/?gh_jid=8130849"
